simulation_day,patients_treated,total_pfs_available,biomarker_group,group_pfs_count,mean_pfs,pfs_sd,lower_boundary,upper_boundary
113,113,1,Low,1.0,96.0,,,
114,114,1,Low,1.0,96.0,,,
115,115,1,Low,1.0,96.0,,,
116,116,1,Low,1.0,96.0,,,
117,117,1,Low,1.0,96.0,,,
118,118,1,Low,1.0,96.0,,,
119,119,1,Low,1.0,96.0,,,
120,120,1,Low,1.0,96.0,,,
121,121,1,Low,1.0,96.0,,,
122,122,1,Low,1.0,96.0,,,
123,123,1,Low,1.0,96.0,,,
124,124,1,Low,1.0,96.0,,,
125,125,1,Low,1.0,96.0,,,
126,126,2,Low,1.0,96.0,,,
126,126,2,Medium,1.0,124.0,,,
127,127,2,Low,1.0,96.0,,,
127,127,2,Medium,1.0,124.0,,,
128,128,2,Low,1.0,96.0,,,
128,128,2,Medium,1.0,124.0,,,
129,129,2,Low,1.0,96.0,,,
129,129,2,Medium,1.0,124.0,,,
130,130,3,High,1.0,39.0,,,
130,130,3,Low,1.0,96.0,,,
130,130,3,Medium,1.0,124.0,,,
131,131,3,High,1.0,39.0,,,
131,131,3,Low,1.0,96.0,,,
131,131,3,Medium,1.0,124.0,,,
132,132,3,High,1.0,39.0,,,
132,132,3,Low,1.0,96.0,,,
132,132,3,Medium,1.0,124.0,,,
133,133,3,High,1.0,39.0,,,
133,133,3,Low,1.0,96.0,,,
133,133,3,Medium,1.0,124.0,,,
134,134,3,High,1.0,39.0,,,
134,134,3,Low,1.0,96.0,,,
134,134,3,Medium,1.0,124.0,,,
135,135,3,High,1.0,39.0,,,
135,135,3,Low,1.0,96.0,,,
135,135,3,Medium,1.0,124.0,,,
136,136,3,High,1.0,39.0,,,
136,136,3,Low,1.0,96.0,,,
136,136,3,Medium,1.0,124.0,,,
137,137,3,High,1.0,39.0,,,
137,137,3,Low,1.0,96.0,,,
137,137,3,Medium,1.0,124.0,,,
138,138,3,High,1.0,39.0,,,
138,138,3,Low,1.0,96.0,,,
138,138,3,Medium,1.0,124.0,,,
139,139,3,High,1.0,39.0,,,
139,139,3,Low,1.0,96.0,,,
139,139,3,Medium,1.0,124.0,,,
140,140,3,High,1.0,39.0,,,
140,140,3,Low,1.0,96.0,,,
140,140,3,Medium,1.0,124.0,,,
141,141,4,High,1.0,39.0,,,
141,141,4,Low,1.0,96.0,,,
141,141,4,Medium,2.0,104.5,27.577164466275352,49.345671067449295,159.6543289325507
142,142,4,High,1.0,39.0,,,
142,142,4,Low,1.0,96.0,,,
142,142,4,Medium,2.0,104.5,27.577164466275352,49.345671067449295,159.6543289325507
143,143,4,High,1.0,39.0,,,
143,143,4,Low,1.0,96.0,,,
143,143,4,Medium,2.0,104.5,27.577164466275352,49.345671067449295,159.6543289325507
144,144,4,High,1.0,39.0,,,
144,144,4,Low,1.0,96.0,,,
144,144,4,Medium,2.0,104.5,27.577164466275352,49.345671067449295,159.6543289325507
145,145,4,High,1.0,39.0,,,
145,145,4,Low,1.0,96.0,,,
145,145,4,Medium,2.0,104.5,27.577164466275352,49.345671067449295,159.6543289325507
146,146,4,High,1.0,39.0,,,
146,146,4,Low,1.0,96.0,,,
146,146,4,Medium,2.0,104.5,27.577164466275352,49.345671067449295,159.6543289325507
147,147,4,High,1.0,39.0,,,
147,147,4,Low,1.0,96.0,,,
147,147,4,Medium,2.0,104.5,27.577164466275352,49.345671067449295,159.6543289325507
148,148,4,High,1.0,39.0,,,
148,148,4,Low,1.0,96.0,,,
148,148,4,Medium,2.0,104.5,27.577164466275352,49.345671067449295,159.6543289325507
149,149,5,High,1.0,39.0,,,
149,149,5,Low,1.0,96.0,,,
149,149,5,Medium,3.0,111.66666666666667,23.11565126344775,65.43536413977117,157.89796919356218
150,150,5,High,1.0,39.0,,,
150,150,5,Low,1.0,96.0,,,
150,150,5,Medium,3.0,111.66666666666667,23.11565126344775,65.43536413977117,157.89796919356218
151,151,5,High,1.0,39.0,,,
151,151,5,Low,1.0,96.0,,,
151,151,5,Medium,3.0,111.66666666666667,23.11565126344775,65.43536413977117,157.89796919356218
152,152,5,High,1.0,39.0,,,
152,152,5,Low,1.0,96.0,,,
152,152,5,Medium,3.0,111.66666666666667,23.11565126344775,65.43536413977117,157.89796919356218
153,153,5,High,1.0,39.0,,,
153,153,5,Low,1.0,96.0,,,
153,153,5,Medium,3.0,111.66666666666667,23.11565126344775,65.43536413977117,157.89796919356218
154,154,5,High,1.0,39.0,,,
154,154,5,Low,1.0,96.0,,,
154,154,5,Medium,3.0,111.66666666666667,23.11565126344775,65.43536413977117,157.89796919356218
155,155,6,High,1.0,39.0,,,
155,155,6,Low,1.0,96.0,,,
155,155,6,Medium,4.0,115.25,20.1886932051912,74.8726135896176,155.6273864103824
156,156,6,High,1.0,39.0,,,
156,156,6,Low,1.0,96.0,,,
156,156,6,Medium,4.0,115.25,20.1886932051912,74.8726135896176,155.6273864103824
157,157,6,High,1.0,39.0,,,
157,157,6,Low,1.0,96.0,,,
157,157,6,Medium,4.0,115.25,20.1886932051912,74.8726135896176,155.6273864103824
158,158,6,High,1.0,39.0,,,
158,158,6,Low,1.0,96.0,,,
158,158,6,Medium,4.0,115.25,20.1886932051912,74.8726135896176,155.6273864103824
159,159,6,High,1.0,39.0,,,
159,159,6,Low,1.0,96.0,,,
159,159,6,Medium,4.0,115.25,20.1886932051912,74.8726135896176,155.6273864103824
160,160,6,High,1.0,39.0,,,
160,160,6,Low,1.0,96.0,,,
160,160,6,Medium,4.0,115.25,20.1886932051912,74.8726135896176,155.6273864103824
161,161,6,High,1.0,39.0,,,
161,161,6,Low,1.0,96.0,,,
161,161,6,Medium,4.0,115.25,20.1886932051912,74.8726135896176,155.6273864103824
162,162,6,High,1.0,39.0,,,
162,162,6,Low,1.0,96.0,,,
162,162,6,Medium,4.0,115.25,20.1886932051912,74.8726135896176,155.6273864103824
163,163,8,High,1.0,39.0,,,
163,163,8,Low,1.0,96.0,,,
163,163,8,Medium,6.0,122.5,22.36738697300156,77.76522605399688,167.23477394600312
164,164,8,High,1.0,39.0,,,
164,164,8,Low,1.0,96.0,,,
164,164,8,Medium,6.0,122.5,22.36738697300156,77.76522605399688,167.23477394600312
165,165,8,High,1.0,39.0,,,
165,165,8,Low,1.0,96.0,,,
165,165,8,Medium,6.0,122.5,22.36738697300156,77.76522605399688,167.23477394600312
166,166,10,High,1.0,39.0,,,
166,166,10,Low,2.0,129.0,46.66904755831214,35.661904883375726,222.3380951166243
166,166,10,Medium,7.0,107.42857142857143,44.79902209817064,17.830527232230153,197.02661562491272
167,167,10,High,1.0,39.0,,,
167,167,10,Low,2.0,129.0,46.66904755831214,35.661904883375726,222.3380951166243
167,167,10,Medium,7.0,107.42857142857143,44.79902209817064,17.830527232230153,197.02661562491272
168,168,11,High,1.0,39.0,,,
168,168,11,Low,2.0,129.0,46.66904755831214,35.661904883375726,222.3380951166243
168,168,11,Medium,8.0,111.125,42.7732810458652,25.578437908269606,196.67156209173038
169,169,11,High,1.0,39.0,,,
169,169,11,Low,2.0,129.0,46.66904755831214,35.661904883375726,222.3380951166243
169,169,11,Medium,8.0,111.125,42.7732810458652,25.578437908269606,196.67156209173038
170,170,12,High,1.0,39.0,,,
170,170,12,Low,3.0,132.66666666666666,33.605555096342826,65.455556473981,199.8777768593523
170,170,12,Medium,8.0,111.125,42.7732810458652,25.578437908269606,196.67156209173038
171,171,13,High,1.0,39.0,,,
171,171,13,Low,4.0,119.75,37.686204372422544,44.37759125515491,195.12240874484507
171,171,13,Medium,8.0,111.125,42.7732810458652,25.578437908269606,196.67156209173038
172,172,13,High,1.0,39.0,,,
172,172,13,Low,4.0,119.75,37.686204372422544,44.37759125515491,195.12240874484507
172,172,13,Medium,8.0,111.125,42.7732810458652,25.578437908269606,196.67156209173038
173,173,13,High,1.0,39.0,,,
173,173,13,Low,4.0,119.75,37.686204372422544,44.37759125515491,195.12240874484507
173,173,13,Medium,8.0,111.125,42.7732810458652,25.578437908269606,196.67156209173038
174,174,13,High,1.0,39.0,,,
174,174,13,Low,4.0,119.75,37.686204372422544,44.37759125515491,195.12240874484507
174,174,13,Medium,8.0,111.125,42.7732810458652,25.578437908269606,196.67156209173038
175,175,14,High,1.0,39.0,,,
175,175,14,Low,4.0,119.75,37.686204372422544,44.37759125515491,195.12240874484507
175,175,14,Medium,9.0,110.55555555555556,40.04719438085242,30.461166793850722,190.6499443172604
176,176,14,High,1.0,39.0,,,
176,176,14,Low,4.0,119.75,37.686204372422544,44.37759125515491,195.12240874484507
176,176,14,Medium,9.0,110.55555555555556,40.04719438085242,30.461166793850722,190.6499443172604
177,177,14,High,1.0,39.0,,,
177,177,14,Low,4.0,119.75,37.686204372422544,44.37759125515491,195.12240874484507
177,177,14,Medium,9.0,110.55555555555556,40.04719438085242,30.461166793850722,190.6499443172604
178,178,15,High,1.0,39.0,,,
178,178,15,Low,5.0,126.2,35.68192819901974,54.83614360196053,197.5638563980395
178,178,15,Medium,9.0,110.55555555555556,40.04719438085242,30.461166793850722,190.6499443172604
179,179,15,High,1.0,39.0,,,
179,179,15,Low,5.0,126.2,35.68192819901974,54.83614360196053,197.5638563980395
179,179,15,Medium,9.0,110.55555555555556,40.04719438085242,30.461166793850722,190.6499443172604
180,180,15,High,1.0,39.0,,,
180,180,15,Low,5.0,126.2,35.68192819901974,54.83614360196053,197.5638563980395
180,180,15,Medium,9.0,110.55555555555556,40.04719438085242,30.461166793850722,190.6499443172604
181,181,15,High,1.0,39.0,,,
181,181,15,Low,5.0,126.2,35.68192819901974,54.83614360196053,197.5638563980395
181,181,15,Medium,9.0,110.55555555555556,40.04719438085242,30.461166793850722,190.6499443172604
182,182,15,High,1.0,39.0,,,
182,182,15,Low,5.0,126.2,35.68192819901974,54.83614360196053,197.5638563980395
182,182,15,Medium,9.0,110.55555555555556,40.04719438085242,30.461166793850722,190.6499443172604
183,183,16,High,1.0,39.0,,,
183,183,16,Low,6.0,133.83333333333334,36.98873702448716,59.85585928435903,207.81080738230764
183,183,16,Medium,9.0,110.55555555555556,40.04719438085242,30.461166793850722,190.6499443172604
184,184,16,High,1.0,39.0,,,
184,184,16,Low,6.0,133.83333333333334,36.98873702448716,59.85585928435903,207.81080738230764
184,184,16,Medium,9.0,110.55555555555556,40.04719438085242,30.461166793850722,190.6499443172604
185,185,16,High,1.0,39.0,,,
185,185,16,Low,6.0,133.83333333333334,36.98873702448716,59.85585928435903,207.81080738230764
185,185,16,Medium,9.0,110.55555555555556,40.04719438085242,30.461166793850722,190.6499443172604
186,186,16,High,1.0,39.0,,,
186,186,16,Low,6.0,133.83333333333334,36.98873702448716,59.85585928435903,207.81080738230764
186,186,16,Medium,9.0,110.55555555555556,40.04719438085242,30.461166793850722,190.6499443172604
187,187,16,High,1.0,39.0,,,
187,187,16,Low,6.0,133.83333333333334,36.98873702448716,59.85585928435903,207.81080738230764
187,187,16,Medium,9.0,110.55555555555556,40.04719438085242,30.461166793850722,190.6499443172604
188,188,17,High,1.0,39.0,,,
188,188,17,Low,7.0,140.85714285714286,38.541875803808395,63.77339124952607,217.94089446475965
188,188,17,Medium,9.0,110.55555555555556,40.04719438085242,30.461166793850722,190.6499443172604
189,189,17,High,1.0,39.0,,,
189,189,17,Low,7.0,140.85714285714286,38.541875803808395,63.77339124952607,217.94089446475965
189,189,17,Medium,9.0,110.55555555555556,40.04719438085242,30.461166793850722,190.6499443172604
190,190,18,High,1.0,39.0,,,
190,190,18,Low,8.0,145.125,37.66937937977134,69.78624124045731,220.46375875954269
190,190,18,Medium,9.0,110.55555555555556,40.04719438085242,30.461166793850722,190.6499443172604
191,191,18,High,1.0,39.0,,,
191,191,18,Low,8.0,145.125,37.66937937977134,69.78624124045731,220.46375875954269
191,191,18,Medium,9.0,110.55555555555556,40.04719438085242,30.461166793850722,190.6499443172604
192,192,18,High,1.0,39.0,,,
192,192,18,Low,8.0,145.125,37.66937937977134,69.78624124045731,220.46375875954269
192,192,18,Medium,9.0,110.55555555555556,40.04719438085242,30.461166793850722,190.6499443172604
193,193,18,High,1.0,39.0,,,
193,193,18,Low,8.0,145.125,37.66937937977134,69.78624124045731,220.46375875954269
193,193,18,Medium,9.0,110.55555555555556,40.04719438085242,30.461166793850722,190.6499443172604
194,194,18,High,1.0,39.0,,,
194,194,18,Low,8.0,145.125,37.66937937977134,69.78624124045731,220.46375875954269
194,194,18,Medium,9.0,110.55555555555556,40.04719438085242,30.461166793850722,190.6499443172604
195,195,19,High,1.0,39.0,,,
195,195,19,Low,8.0,145.125,37.66937937977134,69.78624124045731,220.46375875954269
195,195,19,Medium,10.0,118.0,44.49469381597965,29.010612368040697,206.9893876319593
196,196,19,High,1.0,39.0,,,
196,196,19,Low,8.0,145.125,37.66937937977134,69.78624124045731,220.46375875954269
196,196,19,Medium,10.0,118.0,44.49469381597965,29.010612368040697,206.9893876319593
197,197,20,High,1.0,39.0,,,
197,197,20,Low,8.0,145.125,37.66937937977134,69.78624124045731,220.46375875954269
197,197,20,Medium,11.0,120.54545454545455,43.047331244488625,34.4507920564773,206.6401170344318
198,198,20,High,1.0,39.0,,,
198,198,20,Low,8.0,145.125,37.66937937977134,69.78624124045731,220.46375875954269
198,198,20,Medium,11.0,120.54545454545455,43.047331244488625,34.4507920564773,206.6401170344318
199,199,20,High,1.0,39.0,,,
199,199,20,Low,8.0,145.125,37.66937937977134,69.78624124045731,220.46375875954269
199,199,20,Medium,11.0,120.54545454545455,43.047331244488625,34.4507920564773,206.6401170344318
200,200,20,High,1.0,39.0,,,
200,200,20,Low,8.0,145.125,37.66937937977134,69.78624124045731,220.46375875954269
200,200,20,Medium,11.0,120.54545454545455,43.047331244488625,34.4507920564773,206.6401170344318
201,201,20,High,1.0,39.0,,,
201,201,20,Low,8.0,145.125,37.66937937977134,69.78624124045731,220.46375875954269
201,201,20,Medium,11.0,120.54545454545455,43.047331244488625,34.4507920564773,206.6401170344318
202,202,20,High,1.0,39.0,,,
202,202,20,Low,8.0,145.125,37.66937937977134,69.78624124045731,220.46375875954269
202,202,20,Medium,11.0,120.54545454545455,43.047331244488625,34.4507920564773,206.6401170344318
203,203,20,High,1.0,39.0,,,
203,203,20,Low,8.0,145.125,37.66937937977134,69.78624124045731,220.46375875954269
203,203,20,Medium,11.0,120.54545454545455,43.047331244488625,34.4507920564773,206.6401170344318
204,204,20,High,1.0,39.0,,,
204,204,20,Low,8.0,145.125,37.66937937977134,69.78624124045731,220.46375875954269
204,204,20,Medium,11.0,120.54545454545455,43.047331244488625,34.4507920564773,206.6401170344318
205,205,20,High,1.0,39.0,,,
205,205,20,Low,8.0,145.125,37.66937937977134,69.78624124045731,220.46375875954269
205,205,20,Medium,11.0,120.54545454545455,43.047331244488625,34.4507920564773,206.6401170344318
206,206,20,High,1.0,39.0,,,
206,206,20,Low,8.0,145.125,37.66937937977134,69.78624124045731,220.46375875954269
206,206,20,Medium,11.0,120.54545454545455,43.047331244488625,34.4507920564773,206.6401170344318
207,207,20,High,1.0,39.0,,,
207,207,20,Low,8.0,145.125,37.66937937977134,69.78624124045731,220.46375875954269
207,207,20,Medium,11.0,120.54545454545455,43.047331244488625,34.4507920564773,206.6401170344318
208,208,20,High,1.0,39.0,,,
208,208,20,Low,8.0,145.125,37.66937937977134,69.78624124045731,220.46375875954269
208,208,20,Medium,11.0,120.54545454545455,43.047331244488625,34.4507920564773,206.6401170344318
209,209,20,High,1.0,39.0,,,
209,209,20,Low,8.0,145.125,37.66937937977134,69.78624124045731,220.46375875954269
209,209,20,Medium,11.0,120.54545454545455,43.047331244488625,34.4507920564773,206.6401170344318
210,210,20,High,1.0,39.0,,,
210,210,20,Low,8.0,145.125,37.66937937977134,69.78624124045731,220.46375875954269
210,210,20,Medium,11.0,120.54545454545455,43.047331244488625,34.4507920564773,206.6401170344318
211,211,20,High,1.0,39.0,,,
211,211,20,Low,8.0,145.125,37.66937937977134,69.78624124045731,220.46375875954269
211,211,20,Medium,11.0,120.54545454545455,43.047331244488625,34.4507920564773,206.6401170344318
212,212,20,High,1.0,39.0,,,
212,212,20,Low,8.0,145.125,37.66937937977134,69.78624124045731,220.46375875954269
212,212,20,Medium,11.0,120.54545454545455,43.047331244488625,34.4507920564773,206.6401170344318
213,213,20,High,1.0,39.0,,,
213,213,20,Low,8.0,145.125,37.66937937977134,69.78624124045731,220.46375875954269
213,213,20,Medium,11.0,120.54545454545455,43.047331244488625,34.4507920564773,206.6401170344318
214,214,20,High,1.0,39.0,,,
214,214,20,Low,8.0,145.125,37.66937937977134,69.78624124045731,220.46375875954269
214,214,20,Medium,11.0,120.54545454545455,43.047331244488625,34.4507920564773,206.6401170344318
215,215,20,High,1.0,39.0,,,
215,215,20,Low,8.0,145.125,37.66937937977134,69.78624124045731,220.46375875954269
215,215,20,Medium,11.0,120.54545454545455,43.047331244488625,34.4507920564773,206.6401170344318
216,216,21,High,1.0,39.0,,,
216,216,21,Low,8.0,145.125,37.66937937977134,69.78624124045731,220.46375875954269
216,216,21,Medium,12.0,127.33333333333333,47.30237997728182,32.728573378769696,221.93809328789695
217,217,21,High,1.0,39.0,,,
217,217,21,Low,8.0,145.125,37.66937937977134,69.78624124045731,220.46375875954269
217,217,21,Medium,12.0,127.33333333333333,47.30237997728182,32.728573378769696,221.93809328789695
218,218,21,High,1.0,39.0,,,
218,218,21,Low,8.0,145.125,37.66937937977134,69.78624124045731,220.46375875954269
218,218,21,Medium,12.0,127.33333333333333,47.30237997728182,32.728573378769696,221.93809328789695
219,219,21,High,1.0,39.0,,,
219,219,21,Low,8.0,145.125,37.66937937977134,69.78624124045731,220.46375875954269
219,219,21,Medium,12.0,127.33333333333333,47.30237997728182,32.728573378769696,221.93809328789695
220,220,21,High,1.0,39.0,,,
220,220,21,Low,8.0,145.125,37.66937937977134,69.78624124045731,220.46375875954269
220,220,21,Medium,12.0,127.33333333333333,47.30237997728182,32.728573378769696,221.93809328789695
221,221,21,High,1.0,39.0,,,
221,221,21,Low,8.0,145.125,37.66937937977134,69.78624124045731,220.46375875954269
221,221,21,Medium,12.0,127.33333333333333,47.30237997728182,32.728573378769696,221.93809328789695
222,222,21,High,1.0,39.0,,,
222,222,21,Low,8.0,145.125,37.66937937977134,69.78624124045731,220.46375875954269
222,222,21,Medium,12.0,127.33333333333333,47.30237997728182,32.728573378769696,221.93809328789695
223,223,21,High,1.0,39.0,,,
223,223,21,Low,8.0,145.125,37.66937937977134,69.78624124045731,220.46375875954269
223,223,21,Medium,12.0,127.33333333333333,47.30237997728182,32.728573378769696,221.93809328789695
224,224,23,High,1.0,39.0,,,
224,224,23,Low,9.0,151.66666666666666,40.33298897924626,71.00068870817414,232.33264462515916
224,224,23,Medium,13.0,133.84615384615384,51.0144524519705,31.817248942212842,235.87505875009484
225,225,23,High,1.0,39.0,,,
225,225,23,Low,9.0,151.66666666666666,40.33298897924626,71.00068870817414,232.33264462515916
225,225,23,Medium,13.0,133.84615384615384,51.0144524519705,31.817248942212842,235.87505875009484
226,226,24,High,1.0,39.0,,,
226,226,24,Low,9.0,151.66666666666666,40.33298897924626,71.00068870817414,232.33264462515916
226,226,24,Medium,14.0,129.92857142857142,51.15807220418251,27.612427020206397,232.24471583693645
227,227,25,High,1.0,39.0,,,
227,227,25,Low,10.0,152.0,38.04091364716562,75.91817270566877,228.08182729433122
227,227,25,Medium,14.0,129.92857142857142,51.15807220418251,27.612427020206397,232.24471583693645
228,228,25,High,1.0,39.0,,,
228,228,25,Low,10.0,152.0,38.04091364716562,75.91817270566877,228.08182729433122
228,228,25,Medium,14.0,129.92857142857142,51.15807220418251,27.612427020206397,232.24471583693645
229,229,25,High,1.0,39.0,,,
229,229,25,Low,10.0,152.0,38.04091364716562,75.91817270566877,228.08182729433122
229,229,25,Medium,14.0,129.92857142857142,51.15807220418251,27.612427020206397,232.24471583693645
230,230,25,High,1.0,39.0,,,
230,230,25,Low,10.0,152.0,38.04091364716562,75.91817270566877,228.08182729433122
230,230,25,Medium,14.0,129.92857142857142,51.15807220418251,27.612427020206397,232.24471583693645
231,231,25,High,1.0,39.0,,,
231,231,25,Low,10.0,152.0,38.04091364716562,75.91817270566877,228.08182729433122
231,231,25,Medium,14.0,129.92857142857142,51.15807220418251,27.612427020206397,232.24471583693645
232,232,25,High,1.0,39.0,,,
232,232,25,Low,10.0,152.0,38.04091364716562,75.91817270566877,228.08182729433122
232,232,25,Medium,14.0,129.92857142857142,51.15807220418251,27.612427020206397,232.24471583693645
233,233,25,High,1.0,39.0,,,
233,233,25,Low,10.0,152.0,38.04091364716562,75.91817270566877,228.08182729433122
233,233,25,Medium,14.0,129.92857142857142,51.15807220418251,27.612427020206397,232.24471583693645
234,234,25,High,1.0,39.0,,,
234,234,25,Low,10.0,152.0,38.04091364716562,75.91817270566877,228.08182729433122
234,234,25,Medium,14.0,129.92857142857142,51.15807220418251,27.612427020206397,232.24471583693645
235,235,26,High,1.0,39.0,,,
235,235,26,Low,11.0,150.54545454545453,36.40978889354794,77.72587675835865,223.3650323325504
235,235,26,Medium,14.0,129.92857142857142,51.15807220418251,27.612427020206397,232.24471583693645
236,236,27,High,1.0,39.0,,,
236,236,27,Low,12.0,154.83333333333334,37.75960644376313,79.31412044580708,230.3525462208596
236,236,27,Medium,14.0,129.92857142857142,51.15807220418251,27.612427020206397,232.24471583693645
237,237,27,High,1.0,39.0,,,
237,237,27,Low,12.0,154.83333333333334,37.75960644376313,79.31412044580708,230.3525462208596
237,237,27,Medium,14.0,129.92857142857142,51.15807220418251,27.612427020206397,232.24471583693645
238,238,27,High,1.0,39.0,,,
238,238,27,Low,12.0,154.83333333333334,37.75960644376313,79.31412044580708,230.3525462208596
238,238,27,Medium,14.0,129.92857142857142,51.15807220418251,27.612427020206397,232.24471583693645
239,239,28,High,1.0,39.0,,,
239,239,28,Low,13.0,152.07692307692307,37.493247255253706,77.09042856641565,227.06341758743048
239,239,28,Medium,14.0,129.92857142857142,51.15807220418251,27.612427020206397,232.24471583693645
240,240,28,High,1.0,39.0,,,
240,240,28,Low,13.0,152.07692307692307,37.493247255253706,77.09042856641565,227.06341758743048
240,240,28,Medium,14.0,129.92857142857142,51.15807220418251,27.612427020206397,232.24471583693645
241,241,28,High,1.0,39.0,,,
241,241,28,Low,13.0,152.07692307692307,37.493247255253706,77.09042856641565,227.06341758743048
241,241,28,Medium,14.0,129.92857142857142,51.15807220418251,27.612427020206397,232.24471583693645
242,242,28,High,1.0,39.0,,,
242,242,28,Low,13.0,152.07692307692307,37.493247255253706,77.09042856641565,227.06341758743048
242,242,28,Medium,14.0,129.92857142857142,51.15807220418251,27.612427020206397,232.24471583693645
243,243,29,High,1.0,39.0,,,
243,243,29,Low,14.0,153.85714285714286,36.633018193673614,80.59110646979563,227.12317924449007
243,243,29,Medium,14.0,129.92857142857142,51.15807220418251,27.612427020206397,232.24471583693645
244,244,29,High,1.0,39.0,,,
244,244,29,Low,14.0,153.85714285714286,36.633018193673614,80.59110646979563,227.12317924449007
244,244,29,Medium,14.0,129.92857142857142,51.15807220418251,27.612427020206397,232.24471583693645
245,245,29,High,1.0,39.0,,,
245,245,29,Low,14.0,153.85714285714286,36.633018193673614,80.59110646979563,227.12317924449007
245,245,29,Medium,14.0,129.92857142857142,51.15807220418251,27.612427020206397,232.24471583693645
246,246,30,High,1.0,39.0,,,
246,246,30,Low,15.0,156.66666666666666,36.93946141355893,82.7877438395488,230.54558949378452
246,246,30,Medium,14.0,129.92857142857142,51.15807220418251,27.612427020206397,232.24471583693645
247,247,30,High,1.0,39.0,,,
247,247,30,Low,15.0,156.66666666666666,36.93946141355893,82.7877438395488,230.54558949378452
247,247,30,Medium,14.0,129.92857142857142,51.15807220418251,27.612427020206397,232.24471583693645
248,248,30,High,1.0,39.0,,,
248,248,30,Low,15.0,156.66666666666666,36.93946141355893,82.7877438395488,230.54558949378452
248,248,30,Medium,14.0,129.92857142857142,51.15807220418251,27.612427020206397,232.24471583693645
249,249,31,High,2.0,133.0,132.93607486307093,-132.87214972614186,398.87214972614186
249,249,31,Low,15.0,156.66666666666666,36.93946141355893,82.7877438395488,230.54558949378452
249,249,31,Medium,14.0,129.92857142857142,51.15807220418251,27.612427020206397,232.24471583693645
250,250,31,High,2.0,133.0,132.93607486307093,-132.87214972614186,398.87214972614186
250,250,31,Low,15.0,156.66666666666666,36.93946141355893,82.7877438395488,230.54558949378452
250,250,31,Medium,14.0,129.92857142857142,51.15807220418251,27.612427020206397,232.24471583693645
251,251,31,High,2.0,133.0,132.93607486307093,-132.87214972614186,398.87214972614186
251,251,31,Low,15.0,156.66666666666666,36.93946141355893,82.7877438395488,230.54558949378452
251,251,31,Medium,14.0,129.92857142857142,51.15807220418251,27.612427020206397,232.24471583693645
252,252,31,High,2.0,133.0,132.93607486307093,-132.87214972614186,398.87214972614186
252,252,31,Low,15.0,156.66666666666666,36.93946141355893,82.7877438395488,230.54558949378452
252,252,31,Medium,14.0,129.92857142857142,51.15807220418251,27.612427020206397,232.24471583693645
253,253,31,High,2.0,133.0,132.93607486307093,-132.87214972614186,398.87214972614186
253,253,31,Low,15.0,156.66666666666666,36.93946141355893,82.7877438395488,230.54558949378452
253,253,31,Medium,14.0,129.92857142857142,51.15807220418251,27.612427020206397,232.24471583693645
254,254,33,High,2.0,133.0,132.93607486307093,-132.87214972614186,398.87214972614186
254,254,33,Low,15.0,156.66666666666666,36.93946141355893,82.7877438395488,230.54558949378452
254,254,33,Medium,16.0,136.125,50.785660705885604,34.55367858822879,237.6963214117712
255,255,34,High,2.0,133.0,132.93607486307093,-132.87214972614186,398.87214972614186
255,255,34,Low,15.0,156.66666666666666,36.93946141355893,82.7877438395488,230.54558949378452
255,255,34,Medium,17.0,141.0,53.1224999411737,34.7550001176526,247.2449998823474
256,256,36,High,2.0,133.0,132.93607486307093,-132.87214972614186,398.87214972614186
256,256,36,Low,17.0,158.94117647058823,36.23960297146496,86.46197052765831,231.42038241351815
256,256,36,Medium,17.0,141.0,53.1224999411737,34.7550001176526,247.2449998823474
257,257,36,High,2.0,133.0,132.93607486307093,-132.87214972614186,398.87214972614186
257,257,36,Low,17.0,158.94117647058823,36.23960297146496,86.46197052765831,231.42038241351815
257,257,36,Medium,17.0,141.0,53.1224999411737,34.7550001176526,247.2449998823474
258,258,36,High,2.0,133.0,132.93607486307093,-132.87214972614186,398.87214972614186
258,258,36,Low,17.0,158.94117647058823,36.23960297146496,86.46197052765831,231.42038241351815
258,258,36,Medium,17.0,141.0,53.1224999411737,34.7550001176526,247.2449998823474
259,259,36,High,2.0,133.0,132.93607486307093,-132.87214972614186,398.87214972614186
259,259,36,Low,17.0,158.94117647058823,36.23960297146496,86.46197052765831,231.42038241351815
259,259,36,Medium,17.0,141.0,53.1224999411737,34.7550001176526,247.2449998823474
260,260,37,High,3.0,173.33333333333334,117.11675086567818,-60.90016839802303,407.5668350646897
260,260,37,Low,17.0,158.94117647058823,36.23960297146496,86.46197052765831,231.42038241351815
260,260,37,Medium,17.0,141.0,53.1224999411737,34.7550001176526,247.2449998823474
261,261,38,High,3.0,173.33333333333334,117.11675086567818,-60.90016839802303,407.5668350646897
261,261,38,Low,18.0,162.55555555555554,38.356259129105446,85.84303729734465,239.26807381376642
261,261,38,Medium,17.0,141.0,53.1224999411737,34.7550001176526,247.2449998823474
262,262,39,High,3.0,173.33333333333334,117.11675086567818,-60.90016839802303,407.5668350646897
262,262,39,Low,19.0,164.94736842105263,38.706120222647726,87.53512797575718,242.35960886634808
262,262,39,Medium,17.0,141.0,53.1224999411737,34.7550001176526,247.2449998823474
263,263,40,High,3.0,173.33333333333334,117.11675086567818,-60.90016839802303,407.5668350646897
263,263,40,Low,19.0,164.94736842105263,38.706120222647726,87.53512797575718,242.35960886634808
263,263,40,Medium,18.0,145.11111111111111,54.407924259451605,36.295262592207905,253.92695963001432
264,264,40,High,3.0,173.33333333333334,117.11675086567818,-60.90016839802303,407.5668350646897
264,264,40,Low,19.0,164.94736842105263,38.706120222647726,87.53512797575718,242.35960886634808
264,264,40,Medium,18.0,145.11111111111111,54.407924259451605,36.295262592207905,253.92695963001432
265,265,40,High,3.0,173.33333333333334,117.11675086567818,-60.90016839802303,407.5668350646897
265,265,40,Low,19.0,164.94736842105263,38.706120222647726,87.53512797575718,242.35960886634808
265,265,40,Medium,18.0,145.11111111111111,54.407924259451605,36.295262592207905,253.92695963001432
266,266,40,High,3.0,173.33333333333334,117.11675086567818,-60.90016839802303,407.5668350646897
266,266,40,Low,19.0,164.94736842105263,38.706120222647726,87.53512797575718,242.35960886634808
266,266,40,Medium,18.0,145.11111111111111,54.407924259451605,36.295262592207905,253.92695963001432
267,267,40,High,3.0,173.33333333333334,117.11675086567818,-60.90016839802303,407.5668350646897
267,267,40,Low,19.0,164.94736842105263,38.706120222647726,87.53512797575718,242.35960886634808
267,267,40,Medium,18.0,145.11111111111111,54.407924259451605,36.295262592207905,253.92695963001432
268,268,40,High,3.0,173.33333333333334,117.11675086567818,-60.90016839802303,407.5668350646897
268,268,40,Low,19.0,164.94736842105263,38.706120222647726,87.53512797575718,242.35960886634808
268,268,40,Medium,18.0,145.11111111111111,54.407924259451605,36.295262592207905,253.92695963001432
269,269,40,High,3.0,173.33333333333334,117.11675086567818,-60.90016839802303,407.5668350646897
269,269,40,Low,19.0,164.94736842105263,38.706120222647726,87.53512797575718,242.35960886634808
269,269,40,Medium,18.0,145.11111111111111,54.407924259451605,36.295262592207905,253.92695963001432
270,270,41,High,3.0,173.33333333333334,117.11675086567818,-60.90016839802303,407.5668350646897
270,270,41,Low,20.0,165.95,37.93966817267426,90.07066365465147,241.8293363453485
270,270,41,Medium,18.0,145.11111111111111,54.407924259451605,36.295262592207905,253.92695963001432
271,271,43,High,4.0,186.0,98.92421341612983,-11.848426832259662,383.84842683225963
271,271,43,Low,21.0,166.52380952380952,37.072387362589765,92.37903479862999,240.66858424898905
271,271,43,Medium,18.0,145.11111111111111,54.407924259451605,36.295262592207905,253.92695963001432
272,272,44,High,4.0,186.0,98.92421341612983,-11.848426832259662,383.84842683225963
272,272,44,Low,21.0,166.52380952380952,37.072387362589765,92.37903479862999,240.66858424898905
272,272,44,Medium,19.0,145.6315789473684,52.92364576162298,39.784287424122454,251.47887047061437
273,273,44,High,4.0,186.0,98.92421341612983,-11.848426832259662,383.84842683225963
273,273,44,Low,21.0,166.52380952380952,37.072387362589765,92.37903479862999,240.66858424898905
273,273,44,Medium,19.0,145.6315789473684,52.92364576162298,39.784287424122454,251.47887047061437
274,274,45,High,4.0,186.0,98.92421341612983,-11.848426832259662,383.84842683225963
274,274,45,Low,22.0,166.5909090909091,36.18031441979397,94.23028025132115,238.95153793049704
274,274,45,Medium,19.0,145.6315789473684,52.92364576162298,39.784287424122454,251.47887047061437
275,275,45,High,4.0,186.0,98.92421341612983,-11.848426832259662,383.84842683225963
275,275,45,Low,22.0,166.5909090909091,36.18031441979397,94.23028025132115,238.95153793049704
275,275,45,Medium,19.0,145.6315789473684,52.92364576162298,39.784287424122454,251.47887047061437
276,276,45,High,4.0,186.0,98.92421341612983,-11.848426832259662,383.84842683225963
276,276,45,Low,22.0,166.5909090909091,36.18031441979397,94.23028025132115,238.95153793049704
276,276,45,Medium,19.0,145.6315789473684,52.92364576162298,39.784287424122454,251.47887047061437
277,277,47,High,5.0,185.0,85.70005834303731,13.599883313925375,356.4001166860746
277,277,47,Low,22.0,166.5909090909091,36.18031441979397,94.23028025132115,238.95153793049704
277,277,47,Medium,20.0,146.65,51.71304935588511,43.22390128822978,250.07609871177021
278,278,48,High,6.0,160.33333333333334,97.60259559390143,-34.87185785446951,355.5385245211362
278,278,48,Low,22.0,166.5909090909091,36.18031441979397,94.23028025132115,238.95153793049704
278,278,48,Medium,20.0,146.65,51.71304935588511,43.22390128822978,250.07609871177021
279,279,48,High,6.0,160.33333333333334,97.60259559390143,-34.87185785446951,355.5385245211362
279,279,48,Low,22.0,166.5909090909091,36.18031441979397,94.23028025132115,238.95153793049704
279,279,48,Medium,20.0,146.65,51.71304935588511,43.22390128822978,250.07609871177021
280,280,48,High,6.0,160.33333333333334,97.60259559390143,-34.87185785446951,355.5385245211362
280,280,48,Low,22.0,166.5909090909091,36.18031441979397,94.23028025132115,238.95153793049704
280,280,48,Medium,20.0,146.65,51.71304935588511,43.22390128822978,250.07609871177021
281,281,48,High,6.0,160.33333333333334,97.60259559390143,-34.87185785446951,355.5385245211362
281,281,48,Low,22.0,166.5909090909091,36.18031441979397,94.23028025132115,238.95153793049704
281,281,48,Medium,20.0,146.65,51.71304935588511,43.22390128822978,250.07609871177021
282,282,49,High,6.0,160.33333333333334,97.60259559390143,-34.87185785446951,355.5385245211362
282,282,49,Low,23.0,166.6086956521739,35.34857478216675,95.9115460878404,237.3058452165074
282,282,49,Medium,20.0,146.65,51.71304935588511,43.22390128822978,250.07609871177021
283,283,49,High,6.0,160.33333333333334,97.60259559390143,-34.87185785446951,355.5385245211362
283,283,49,Low,23.0,166.6086956521739,35.34857478216675,95.9115460878404,237.3058452165074
283,283,49,Medium,20.0,146.65,51.71304935588511,43.22390128822978,250.07609871177021
284,284,49,High,6.0,160.33333333333334,97.60259559390143,-34.87185785446951,355.5385245211362
284,284,49,Low,23.0,166.6086956521739,35.34857478216675,95.9115460878404,237.3058452165074
284,284,49,Medium,20.0,146.65,51.71304935588511,43.22390128822978,250.07609871177021
285,285,49,High,6.0,160.33333333333334,97.60259559390143,-34.87185785446951,355.5385245211362
285,285,49,Low,23.0,166.6086956521739,35.34857478216675,95.9115460878404,237.3058452165074
285,285,49,Medium,20.0,146.65,51.71304935588511,43.22390128822978,250.07609871177021
286,286,50,High,7.0,150.85714285714286,92.5588615808495,-34.26058030455613,335.97486601884185
286,286,50,Low,23.0,166.6086956521739,35.34857478216675,95.9115460878404,237.3058452165074
286,286,50,Medium,20.0,146.65,51.71304935588511,43.22390128822978,250.07609871177021
287,287,52,High,8.0,156.0,86.91868120753526,-17.837362415070515,329.8373624150705
287,287,52,Low,23.0,166.6086956521739,35.34857478216675,95.9115460878404,237.3058452165074
287,287,52,Medium,21.0,149.42857142857142,51.98708630859343,45.45439881138455,253.40274404575828
288,288,53,High,8.0,156.0,86.91868120753526,-17.837362415070515,329.8373624150705
288,288,53,Low,23.0,166.6086956521739,35.34857478216675,95.9115460878404,237.3058452165074
288,288,53,Medium,22.0,152.22727272727272,52.40495416255243,47.41736440216786,257.0371810523776
289,289,53,High,8.0,156.0,86.91868120753526,-17.837362415070515,329.8373624150705
289,289,53,Low,23.0,166.6086956521739,35.34857478216675,95.9115460878404,237.3058452165074
289,289,53,Medium,22.0,152.22727272727272,52.40495416255243,47.41736440216786,257.0371810523776
290,290,54,High,9.0,164.22222222222223,84.96437161801673,-5.706521013811226,334.15096545825565
290,290,54,Low,23.0,166.6086956521739,35.34857478216675,95.9115460878404,237.3058452165074
290,290,54,Medium,22.0,152.22727272727272,52.40495416255243,47.41736440216786,257.0371810523776
291,291,55,High,9.0,164.22222222222223,84.96437161801673,-5.706521013811226,334.15096545825565
291,291,55,Low,24.0,166.08333333333334,34.66725891355863,96.74881550621608,235.4178511604506
291,291,55,Medium,22.0,152.22727272727272,52.40495416255243,47.41736440216786,257.0371810523776
292,292,56,High,10.0,172.4,84.1760060824936,4.047987835012805,340.7520121649872
292,292,56,Low,24.0,166.08333333333334,34.66725891355863,96.74881550621608,235.4178511604506
292,292,56,Medium,22.0,152.22727272727272,52.40495416255243,47.41736440216786,257.0371810523776
293,293,58,High,10.0,172.4,84.1760060824936,4.047987835012805,340.7520121649872
293,293,58,Low,25.0,168.24,35.60931526066365,97.02136947867271,239.4586305213273
293,293,58,Medium,23.0,153.3913043478261,51.50352073617243,50.38426287548123,256.39834582017096
294,294,58,High,10.0,172.4,84.1760060824936,4.047987835012805,340.7520121649872
294,294,58,Low,25.0,168.24,35.60931526066365,97.02136947867271,239.4586305213273
294,294,58,Medium,23.0,153.3913043478261,51.50352073617243,50.38426287548123,256.39834582017096
295,295,58,High,10.0,172.4,84.1760060824936,4.047987835012805,340.7520121649872
295,295,58,Low,25.0,168.24,35.60931526066365,97.02136947867271,239.4586305213273
295,295,58,Medium,23.0,153.3913043478261,51.50352073617243,50.38426287548123,256.39834582017096
296,296,59,High,10.0,172.4,84.1760060824936,4.047987835012805,340.7520121649872
296,296,59,Low,25.0,168.24,35.60931526066365,97.02136947867271,239.4586305213273
296,296,59,Medium,24.0,155.875,51.82018450120695,52.234630997586095,259.5153690024139
297,297,59,High,10.0,172.4,84.1760060824936,4.047987835012805,340.7520121649872
297,297,59,Low,25.0,168.24,35.60931526066365,97.02136947867271,239.4586305213273
297,297,59,Medium,24.0,155.875,51.82018450120695,52.234630997586095,259.5153690024139
298,298,59,High,10.0,172.4,84.1760060824936,4.047987835012805,340.7520121649872
298,298,59,Low,25.0,168.24,35.60931526066365,97.02136947867271,239.4586305213273
298,298,59,Medium,24.0,155.875,51.82018450120695,52.234630997586095,259.5153690024139
299,299,59,High,10.0,172.4,84.1760060824936,4.047987835012805,340.7520121649872
299,299,59,Low,25.0,168.24,35.60931526066365,97.02136947867271,239.4586305213273
299,299,59,Medium,24.0,155.875,51.82018450120695,52.234630997586095,259.5153690024139
300,300,60,High,10.0,172.4,84.1760060824936,4.047987835012805,340.7520121649872
300,300,60,Low,26.0,167.73076923076923,34.98634898620625,97.75807125835672,237.70346720318173
300,300,60,Medium,24.0,155.875,51.82018450120695,52.234630997586095,259.5153690024139
301,301,60,High,10.0,172.4,84.1760060824936,4.047987835012805,340.7520121649872
301,301,60,Low,26.0,167.73076923076923,34.98634898620625,97.75807125835672,237.70346720318173
301,301,60,Medium,24.0,155.875,51.82018450120695,52.234630997586095,259.5153690024139
302,302,60,High,10.0,172.4,84.1760060824936,4.047987835012805,340.7520121649872
302,302,60,Low,26.0,167.73076923076923,34.98634898620625,97.75807125835672,237.70346720318173
302,302,60,Medium,24.0,155.875,51.82018450120695,52.234630997586095,259.5153690024139
303,303,60,High,10.0,172.4,84.1760060824936,4.047987835012805,340.7520121649872
303,303,60,Low,26.0,167.73076923076923,34.98634898620625,97.75807125835672,237.70346720318173
303,303,60,Medium,24.0,155.875,51.82018450120695,52.234630997586095,259.5153690024139
304,304,60,High,10.0,172.4,84.1760060824936,4.047987835012805,340.7520121649872
304,304,60,Low,26.0,167.73076923076923,34.98634898620625,97.75807125835672,237.70346720318173
304,304,60,Medium,24.0,155.875,51.82018450120695,52.234630997586095,259.5153690024139
305,305,60,High,10.0,172.4,84.1760060824936,4.047987835012805,340.7520121649872
305,305,60,Low,26.0,167.73076923076923,34.98634898620625,97.75807125835672,237.70346720318173
305,305,60,Medium,24.0,155.875,51.82018450120695,52.234630997586095,259.5153690024139
306,306,60,High,10.0,172.4,84.1760060824936,4.047987835012805,340.7520121649872
306,306,60,Low,26.0,167.73076923076923,34.98634898620625,97.75807125835672,237.70346720318173
306,306,60,Medium,24.0,155.875,51.82018450120695,52.234630997586095,259.5153690024139
307,307,60,High,10.0,172.4,84.1760060824936,4.047987835012805,340.7520121649872
307,307,60,Low,26.0,167.73076923076923,34.98634898620625,97.75807125835672,237.70346720318173
307,307,60,Medium,24.0,155.875,51.82018450120695,52.234630997586095,259.5153690024139
308,308,60,High,10.0,172.4,84.1760060824936,4.047987835012805,340.7520121649872
308,308,60,Low,26.0,167.73076923076923,34.98634898620625,97.75807125835672,237.70346720318173
308,308,60,Medium,24.0,155.875,51.82018450120695,52.234630997586095,259.5153690024139
309,309,62,High,10.0,172.4,84.1760060824936,4.047987835012805,340.7520121649872
309,309,62,Low,27.0,171.03703703703704,38.368137303157674,94.30076243072169,247.77331164335237
309,309,62,Medium,25.0,157.96,51.78922024256914,54.381559514861735,261.53844048513827
310,310,62,High,10.0,172.4,84.1760060824936,4.047987835012805,340.7520121649872
310,310,62,Low,27.0,171.03703703703704,38.368137303157674,94.30076243072169,247.77331164335237
310,310,62,Medium,25.0,157.96,51.78922024256914,54.381559514861735,261.53844048513827
311,311,63,High,10.0,172.4,84.1760060824936,4.047987835012805,340.7520121649872
311,311,63,Low,27.0,171.03703703703704,38.368137303157674,94.30076243072169,247.77331164335237
311,311,63,Medium,26.0,157.42307692307693,50.81666897932062,55.7897389644357,259.0564148817182
312,312,63,High,10.0,172.4,84.1760060824936,4.047987835012805,340.7520121649872
312,312,63,Low,27.0,171.03703703703704,38.368137303157674,94.30076243072169,247.77331164335237
312,312,63,Medium,26.0,157.42307692307693,50.81666897932062,55.7897389644357,259.0564148817182
313,313,63,High,10.0,172.4,84.1760060824936,4.047987835012805,340.7520121649872
313,313,63,Low,27.0,171.03703703703704,38.368137303157674,94.30076243072169,247.77331164335237
313,313,63,Medium,26.0,157.42307692307693,50.81666897932062,55.7897389644357,259.0564148817182
314,314,63,High,10.0,172.4,84.1760060824936,4.047987835012805,340.7520121649872
314,314,63,Low,27.0,171.03703703703704,38.368137303157674,94.30076243072169,247.77331164335237
314,314,63,Medium,26.0,157.42307692307693,50.81666897932062,55.7897389644357,259.0564148817182
315,315,64,High,10.0,172.4,84.1760060824936,4.047987835012805,340.7520121649872
315,315,64,Low,28.0,172.67857142857142,38.63988878466144,95.39879385924854,249.9583489978943
315,315,64,Medium,26.0,157.42307692307693,50.81666897932062,55.7897389644357,259.0564148817182
316,316,67,High,10.0,172.4,84.1760060824936,4.047987835012805,340.7520121649872
316,316,67,Low,28.0,172.67857142857142,38.63988878466144,95.39879385924854,249.9583489978943
316,316,67,Medium,29.0,170.6206896551724,62.278415082769044,46.063859489634325,295.1775198207105
317,317,68,High,11.0,178.63636363636363,82.4915422661896,13.653279103984431,343.6194481687428
317,317,68,Low,28.0,172.67857142857142,38.63988878466144,95.39879385924854,249.9583489978943
317,317,68,Medium,29.0,170.6206896551724,62.278415082769044,46.063859489634325,295.1775198207105
318,318,68,High,11.0,178.63636363636363,82.4915422661896,13.653279103984431,343.6194481687428
318,318,68,Low,28.0,172.67857142857142,38.63988878466144,95.39879385924854,249.9583489978943
318,318,68,Medium,29.0,170.6206896551724,62.278415082769044,46.063859489634325,295.1775198207105
319,319,68,High,11.0,178.63636363636363,82.4915422661896,13.653279103984431,343.6194481687428
319,319,68,Low,28.0,172.67857142857142,38.63988878466144,95.39879385924854,249.9583489978943
319,319,68,Medium,29.0,170.6206896551724,62.278415082769044,46.063859489634325,295.1775198207105
320,320,70,High,11.0,178.63636363636363,82.4915422661896,13.653279103984431,343.6194481687428
320,320,70,Low,29.0,174.31034482758622,38.947862079851475,96.41462066788327,252.20606898728917
320,320,70,Medium,30.0,174.33333333333334,64.48540777642607,45.3625177804812,303.3041488861855
321,321,71,High,11.0,178.63636363636363,82.4915422661896,13.653279103984431,343.6194481687428
321,321,71,Low,29.0,174.31034482758622,38.947862079851475,96.41462066788327,252.20606898728917
321,321,71,Medium,31.0,175.5483870967742,63.761450584543326,48.025485927687555,303.07128826586086
322,322,72,High,11.0,178.63636363636363,82.4915422661896,13.653279103984431,343.6194481687428
322,322,72,Low,29.0,174.31034482758622,38.947862079851475,96.41462066788327,252.20606898728917
322,322,72,Medium,32.0,179.71875,67.01431449156361,45.69012101687278,313.7473789831272
323,323,72,High,11.0,178.63636363636363,82.4915422661896,13.653279103984431,343.6194481687428
323,323,72,Low,29.0,174.31034482758622,38.947862079851475,96.41462066788327,252.20606898728917
323,323,72,Medium,32.0,179.71875,67.01431449156361,45.69012101687278,313.7473789831272
324,324,73,High,11.0,178.63636363636363,82.4915422661896,13.653279103984431,343.6194481687428
324,324,73,Low,29.0,174.31034482758622,38.947862079851475,96.41462066788327,252.20606898728917
324,324,73,Medium,33.0,182.84848484848484,68.3653426507728,46.11779954693924,319.57917015003045
325,325,75,High,11.0,178.63636363636363,82.4915422661896,13.653279103984431,343.6194481687428
325,325,75,Low,29.0,174.31034482758622,38.947862079851475,96.41462066788327,252.20606898728917
325,325,75,Medium,35.0,184.17142857142858,67.25127845462502,49.66887166217853,318.67398548067865
326,326,75,High,11.0,178.63636363636363,82.4915422661896,13.653279103984431,343.6194481687428
326,326,75,Low,29.0,174.31034482758622,38.947862079851475,96.41462066788327,252.20606898728917
326,326,75,Medium,35.0,184.17142857142858,67.25127845462502,49.66887166217853,318.67398548067865
327,327,75,High,11.0,178.63636363636363,82.4915422661896,13.653279103984431,343.6194481687428
327,327,75,Low,29.0,174.31034482758622,38.947862079851475,96.41462066788327,252.20606898728917
327,327,75,Medium,35.0,184.17142857142858,67.25127845462502,49.66887166217853,318.67398548067865
328,328,77,High,11.0,178.63636363636363,82.4915422661896,13.653279103984431,343.6194481687428
328,328,77,Low,29.0,174.31034482758622,38.947862079851475,96.41462066788327,252.20606898728917
328,328,77,Medium,37.0,183.54054054054055,65.4775595972453,52.58542134604994,314.49565973503115
329,329,78,High,11.0,178.63636363636363,82.4915422661896,13.653279103984431,343.6194481687428
329,329,78,Low,29.0,174.31034482758622,38.947862079851475,96.41462066788327,252.20606898728917
329,329,78,Medium,38.0,183.8684210526316,64.61828502522879,54.63185100217402,313.10499110308916
330,330,79,High,11.0,178.63636363636363,82.4915422661896,13.653279103984431,343.6194481687428
330,330,79,Low,29.0,174.31034482758622,38.947862079851475,96.41462066788327,252.20606898728917
330,330,79,Medium,39.0,182.23076923076923,64.57735530210078,53.07605862656766,311.3854798349708
331,331,80,High,11.0,178.63636363636363,82.4915422661896,13.653279103984431,343.6194481687428
331,331,80,Low,30.0,176.1,39.50587036256065,97.0882592748787,255.1117407251213
331,331,80,Medium,39.0,182.23076923076923,64.57735530210078,53.07605862656766,311.3854798349708
332,332,80,High,11.0,178.63636363636363,82.4915422661896,13.653279103984431,343.6194481687428
332,332,80,Low,30.0,176.1,39.50587036256065,97.0882592748787,255.1117407251213
332,332,80,Medium,39.0,182.23076923076923,64.57735530210078,53.07605862656766,311.3854798349708
333,333,81,High,11.0,178.63636363636363,82.4915422661896,13.653279103984431,343.6194481687428
333,333,81,Low,30.0,176.1,39.50587036256065,97.0882592748787,255.1117407251213
333,333,81,Medium,40.0,184.55,65.40993024273129,53.73013951453743,315.3698604854626
334,334,81,High,11.0,178.63636363636363,82.4915422661896,13.653279103984431,343.6194481687428
334,334,81,Low,30.0,176.1,39.50587036256065,97.0882592748787,255.1117407251213
334,334,81,Medium,40.0,184.55,65.40993024273129,53.73013951453743,315.3698604854626
335,335,81,High,11.0,178.63636363636363,82.4915422661896,13.653279103984431,343.6194481687428
335,335,81,Low,30.0,176.1,39.50587036256065,97.0882592748787,255.1117407251213
335,335,81,Medium,40.0,184.55,65.40993024273129,53.73013951453743,315.3698604854626
336,336,82,High,11.0,178.63636363636363,82.4915422661896,13.653279103984431,343.6194481687428
336,336,82,Low,30.0,176.1,39.50587036256065,97.0882592748787,255.1117407251213
336,336,82,Medium,41.0,185.1219512195122,64.6908784613222,55.7401942968678,314.5037081421566
337,337,82,High,11.0,178.63636363636363,82.4915422661896,13.653279103984431,343.6194481687428
337,337,82,Low,30.0,176.1,39.50587036256065,97.0882592748787,255.1117407251213
337,337,82,Medium,41.0,185.1219512195122,64.6908784613222,55.7401942968678,314.5037081421566
338,338,82,High,11.0,178.63636363636363,82.4915422661896,13.653279103984431,343.6194481687428
338,338,82,Low,30.0,176.1,39.50587036256065,97.0882592748787,255.1117407251213
338,338,82,Medium,41.0,185.1219512195122,64.6908784613222,55.7401942968678,314.5037081421566
339,339,82,High,11.0,178.63636363636363,82.4915422661896,13.653279103984431,343.6194481687428
339,339,82,Low,30.0,176.1,39.50587036256065,97.0882592748787,255.1117407251213
339,339,82,Medium,41.0,185.1219512195122,64.6908784613222,55.7401942968678,314.5037081421566
340,340,83,High,11.0,178.63636363636363,82.4915422661896,13.653279103984431,343.6194481687428
340,340,83,Low,30.0,176.1,39.50587036256065,97.0882592748787,255.1117407251213
340,340,83,Medium,42.0,186.61904761904762,64.62950786502809,57.36003188899144,315.8780633491038
341,341,84,High,11.0,178.63636363636363,82.4915422661896,13.653279103984431,343.6194481687428
341,341,84,Low,30.0,176.1,39.50587036256065,97.0882592748787,255.1117407251213
341,341,84,Medium,43.0,187.2093023255814,63.97267204478238,59.26395823601665,315.15464641514615
342,342,84,High,11.0,178.63636363636363,82.4915422661896,13.653279103984431,343.6194481687428
342,342,84,Low,30.0,176.1,39.50587036256065,97.0882592748787,255.1117407251213
342,342,84,Medium,43.0,187.2093023255814,63.97267204478238,59.26395823601665,315.15464641514615
343,343,85,High,11.0,178.63636363636363,82.4915422661896,13.653279103984431,343.6194481687428
343,343,85,Low,30.0,176.1,39.50587036256065,97.0882592748787,255.1117407251213
343,343,85,Medium,44.0,189.3181818181818,64.75347623865014,59.81122934088154,318.8251342954821
344,344,86,High,11.0,178.63636363636363,82.4915422661896,13.653279103984431,343.6194481687428
344,344,86,Low,31.0,178.16129032258064,40.50193145533807,97.15742741190451,259.1651532332568
344,344,86,Medium,44.0,189.3181818181818,64.75347623865014,59.81122934088154,318.8251342954821
345,345,86,High,11.0,178.63636363636363,82.4915422661896,13.653279103984431,343.6194481687428
345,345,86,Low,31.0,178.16129032258064,40.50193145533807,97.15742741190451,259.1651532332568
345,345,86,Medium,44.0,189.3181818181818,64.75347623865014,59.81122934088154,318.8251342954821
346,346,87,High,11.0,178.63636363636363,82.4915422661896,13.653279103984431,343.6194481687428
346,346,87,Low,31.0,178.16129032258064,40.50193145533807,97.15742741190451,259.1651532332568
346,346,87,Medium,45.0,189.2888888888889,64.01371380849227,61.26146127190435,317.31631650587343
347,347,89,High,12.0,186.75,83.52367655613912,19.702646887721755,353.79735311227824
347,347,89,Low,31.0,178.16129032258064,40.50193145533807,97.15742741190451,259.1651532332568
347,347,89,Medium,46.0,188.30434782608697,63.64969042962769,61.00496696683159,315.60372868534233
348,348,89,High,12.0,186.75,83.52367655613912,19.702646887721755,353.79735311227824
348,348,89,Low,31.0,178.16129032258064,40.50193145533807,97.15742741190451,259.1651532332568
348,348,89,Medium,46.0,188.30434782608697,63.64969042962769,61.00496696683159,315.60372868534233
349,349,90,High,13.0,193.84615384615384,83.96114791362942,25.923858018895004,361.76844967341265
349,349,90,Low,31.0,178.16129032258064,40.50193145533807,97.15742741190451,259.1651532332568
349,349,90,Medium,46.0,188.30434782608697,63.64969042962769,61.00496696683159,315.60372868534233
350,350,91,High,13.0,193.84615384615384,83.96114791362942,25.923858018895004,361.76844967341265
350,350,91,Low,32.0,179.71875,40.80578261914959,98.10718476170082,261.3303152382992
350,350,91,Medium,46.0,188.30434782608697,63.64969042962769,61.00496696683159,315.60372868534233
351,351,91,High,13.0,193.84615384615384,83.96114791362942,25.923858018895004,361.76844967341265
351,351,91,Low,32.0,179.71875,40.80578261914959,98.10718476170082,261.3303152382992
351,351,91,Medium,46.0,188.30434782608697,63.64969042962769,61.00496696683159,315.60372868534233
352,352,93,High,13.0,193.84615384615384,83.96114791362942,25.923858018895004,361.76844967341265
352,352,93,Low,32.0,179.71875,40.80578261914959,98.10718476170082,261.3303152382992
352,352,93,Medium,48.0,189.58333333333334,62.91427241698711,63.75478849935912,315.4118781673076
353,353,93,High,13.0,193.84615384615384,83.96114791362942,25.923858018895004,361.76844967341265
353,353,93,Low,32.0,179.71875,40.80578261914959,98.10718476170082,261.3303152382992
353,353,93,Medium,48.0,189.58333333333334,62.91427241698711,63.75478849935912,315.4118781673076
354,354,93,High,13.0,193.84615384615384,83.96114791362942,25.923858018895004,361.76844967341265
354,354,93,Low,32.0,179.71875,40.80578261914959,98.10718476170082,261.3303152382992
354,354,93,Medium,48.0,189.58333333333334,62.91427241698711,63.75478849935912,315.4118781673076
355,355,95,High,13.0,193.84615384615384,83.96114791362942,25.923858018895004,361.76844967341265
355,355,95,Low,33.0,178.03030303030303,41.31773593785486,95.3948311545933,260.66577490601276
355,355,95,Medium,49.0,187.9795918367347,63.25954796047206,61.460495915790574,314.4986877576788
356,356,98,High,13.0,193.84615384615384,83.96114791362942,25.923858018895004,361.76844967341265
356,356,98,Low,35.0,177.34285714285716,40.28935259808861,96.76415194667993,257.9215623390344
356,356,98,Medium,50.0,189.62,63.67612245911783,62.26775508176435,316.9722449182357
357,357,98,High,13.0,193.84615384615384,83.96114791362942,25.923858018895004,361.76844967341265
357,357,98,Low,35.0,177.34285714285716,40.28935259808861,96.76415194667993,257.9215623390344
357,357,98,Medium,50.0,189.62,63.67612245911783,62.26775508176435,316.9722449182357
358,358,98,High,13.0,193.84615384615384,83.96114791362942,25.923858018895004,361.76844967341265
358,358,98,Low,35.0,177.34285714285716,40.28935259808861,96.76415194667993,257.9215623390344
358,358,98,Medium,50.0,189.62,63.67612245911783,62.26775508176435,316.9722449182357
359,359,98,High,13.0,193.84615384615384,83.96114791362942,25.923858018895004,361.76844967341265
359,359,98,Low,35.0,177.34285714285716,40.28935259808861,96.76415194667993,257.9215623390344
359,359,98,Medium,50.0,189.62,63.67612245911783,62.26775508176435,316.9722449182357
360,360,99,High,13.0,193.84615384615384,83.96114791362942,25.923858018895004,361.76844967341265
360,360,99,Low,35.0,177.34285714285716,40.28935259808861,96.76415194667993,257.9215623390344
360,360,99,Medium,51.0,191.80392156862746,64.93689848086161,61.93012460690423,321.6777185303507
361,361,100,High,14.0,203.85714285714286,88.9397870150683,25.97756882700625,381.7367168872795
361,361,100,Low,35.0,177.34285714285716,40.28935259808861,96.76415194667993,257.9215623390344
361,361,100,Medium,51.0,191.80392156862746,64.93689848086161,61.93012460690423,321.6777185303507
362,362,102,High,14.0,203.85714285714286,88.9397870150683,25.97756882700625,381.7367168872795
362,362,102,Low,35.0,177.34285714285716,40.28935259808861,96.76415194667993,257.9215623390344
362,362,102,Medium,53.0,196.39622641509433,68.0896862241382,60.21685396681792,332.5755988633707
363,363,102,High,14.0,203.85714285714286,88.9397870150683,25.97756882700625,381.7367168872795
363,363,102,Low,35.0,177.34285714285716,40.28935259808861,96.76415194667993,257.9215623390344
363,363,102,Medium,53.0,196.39622641509433,68.0896862241382,60.21685396681792,332.5755988633707
364,364,102,High,14.0,203.85714285714286,88.9397870150683,25.97756882700625,381.7367168872795
364,364,102,Low,35.0,177.34285714285716,40.28935259808861,96.76415194667993,257.9215623390344
364,364,102,Medium,53.0,196.39622641509433,68.0896862241382,60.21685396681792,332.5755988633707
365,365,102,High,14.0,203.85714285714286,88.9397870150683,25.97756882700625,381.7367168872795
365,365,102,Low,35.0,177.34285714285716,40.28935259808861,96.76415194667993,257.9215623390344
365,365,102,Medium,53.0,196.39622641509433,68.0896862241382,60.21685396681792,332.5755988633707
366,366,103,High,15.0,214.2,94.60383562142559,24.99232875714881,403.40767124285117
366,366,103,Low,35.0,177.34285714285716,40.28935259808861,96.76415194667993,257.9215623390344
366,366,103,Medium,53.0,196.39622641509433,68.0896862241382,60.21685396681792,332.5755988633707
367,367,103,High,15.0,214.2,94.60383562142559,24.99232875714881,403.40767124285117
367,367,103,Low,35.0,177.34285714285716,40.28935259808861,96.76415194667993,257.9215623390344
367,367,103,Medium,53.0,196.39622641509433,68.0896862241382,60.21685396681792,332.5755988633707
368,368,103,High,15.0,214.2,94.60383562142559,24.99232875714881,403.40767124285117
368,368,103,Low,35.0,177.34285714285716,40.28935259808861,96.76415194667993,257.9215623390344
368,368,103,Medium,53.0,196.39622641509433,68.0896862241382,60.21685396681792,332.5755988633707
369,369,104,High,15.0,214.2,94.60383562142559,24.99232875714881,403.40767124285117
369,369,104,Low,36.0,175.72222222222223,40.88283685370121,93.95654851481981,257.48789592962464
369,369,104,Medium,53.0,196.39622641509433,68.0896862241382,60.21685396681792,332.5755988633707
370,370,104,High,15.0,214.2,94.60383562142559,24.99232875714881,403.40767124285117
370,370,104,Low,36.0,175.72222222222223,40.88283685370121,93.95654851481981,257.48789592962464
370,370,104,Medium,53.0,196.39622641509433,68.0896862241382,60.21685396681792,332.5755988633707
371,371,104,High,15.0,214.2,94.60383562142559,24.99232875714881,403.40767124285117
371,371,104,Low,36.0,175.72222222222223,40.88283685370121,93.95654851481981,257.48789592962464
371,371,104,Medium,53.0,196.39622641509433,68.0896862241382,60.21685396681792,332.5755988633707
372,372,104,High,15.0,214.2,94.60383562142559,24.99232875714881,403.40767124285117
372,372,104,Low,36.0,175.72222222222223,40.88283685370121,93.95654851481981,257.48789592962464
372,372,104,Medium,53.0,196.39622641509433,68.0896862241382,60.21685396681792,332.5755988633707
373,373,105,High,16.0,212.25,91.72822175681084,28.79355648637832,395.7064435136217
373,373,105,Low,36.0,175.72222222222223,40.88283685370121,93.95654851481981,257.48789592962464
373,373,105,Medium,53.0,196.39622641509433,68.0896862241382,60.21685396681792,332.5755988633707
374,374,105,High,16.0,212.25,91.72822175681084,28.79355648637832,395.7064435136217
374,374,105,Low,36.0,175.72222222222223,40.88283685370121,93.95654851481981,257.48789592962464
374,374,105,Medium,53.0,196.39622641509433,68.0896862241382,60.21685396681792,332.5755988633707
375,375,109,High,16.0,212.25,91.72822175681084,28.79355648637832,395.7064435136217
375,375,109,Low,37.0,176.8918918918919,40.93408236542135,95.02372716104921,258.7600566227346
375,375,109,Medium,56.0,201.30357142857142,70.98960734254945,59.32435674347252,343.28278611367034
376,376,110,High,16.0,212.25,91.72822175681084,28.79355648637832,395.7064435136217
376,376,110,Low,38.0,176.6578947368421,40.40288745086171,95.85211983511869,257.46366963856553
376,376,110,Medium,56.0,201.30357142857142,70.98960734254945,59.32435674347252,343.28278611367034
377,377,111,High,16.0,212.25,91.72822175681084,28.79355648637832,395.7064435136217
377,377,111,Low,38.0,176.6578947368421,40.40288745086171,95.85211983511869,257.46366963856553
377,377,111,Medium,57.0,203.59649122807016,72.4514269920404,58.69363724398937,348.49934521215096
378,378,111,High,16.0,212.25,91.72822175681084,28.79355648637832,395.7064435136217
378,378,111,Low,38.0,176.6578947368421,40.40288745086171,95.85211983511869,257.46366963856553
378,378,111,Medium,57.0,203.59649122807016,72.4514269920404,58.69363724398937,348.49934521215096
379,379,113,High,17.0,218.7058823529412,92.71850186578348,33.26887862137423,404.1428860845082
379,379,113,Low,38.0,176.6578947368421,40.40288745086171,95.85211983511869,257.46366963856553
379,379,113,Medium,58.0,201.86206896551724,73.01776959306576,55.82652977938571,347.8976081516488
380,380,113,High,17.0,218.7058823529412,92.71850186578348,33.26887862137423,404.1428860845082
380,380,113,Low,38.0,176.6578947368421,40.40288745086171,95.85211983511869,257.46366963856553
380,380,113,Medium,58.0,201.86206896551724,73.01776959306576,55.82652977938571,347.8976081516488
381,381,115,High,18.0,226.33333333333334,95.5941174660745,35.145098401184356,417.5215682654823
381,381,115,Low,39.0,177.23076923076923,40.02792547477029,97.17491828122864,257.2866201803098
381,381,115,Medium,58.0,201.86206896551724,73.01776959306576,55.82652977938571,347.8976081516488
382,382,116,High,18.0,226.33333333333334,95.5941174660745,35.145098401184356,417.5215682654823
382,382,116,Low,40.0,177.825,39.68975033999688,98.44549932000623,257.20450067999377
382,382,116,Medium,58.0,201.86206896551724,73.01776959306576,55.82652977938571,347.8976081516488
383,383,117,High,19.0,228.89473684210526,93.5692819589623,41.756172924180646,416.0333007600299
383,383,117,Low,40.0,177.825,39.68975033999688,98.44549932000623,257.20450067999377
383,383,117,Medium,58.0,201.86206896551724,73.01776959306576,55.82652977938571,347.8976081516488
384,384,117,High,19.0,228.89473684210526,93.5692819589623,41.756172924180646,416.0333007600299
384,384,117,Low,40.0,177.825,39.68975033999688,98.44549932000623,257.20450067999377
384,384,117,Medium,58.0,201.86206896551724,73.01776959306576,55.82652977938571,347.8976081516488
385,385,118,High,19.0,228.89473684210526,93.5692819589623,41.756172924180646,416.0333007600299
385,385,118,Low,40.0,177.825,39.68975033999688,98.44549932000623,257.20450067999377
385,385,118,Medium,59.0,202.74576271186442,72.70312643762162,57.339509836621176,348.15201558710766
386,386,119,High,19.0,228.89473684210526,93.5692819589623,41.756172924180646,416.0333007600299
386,386,119,Low,41.0,176.58536585365854,39.98623238675788,96.61290108014279,256.5578306271743
386,386,119,Medium,59.0,202.74576271186442,72.70312643762162,57.339509836621176,348.15201558710766
387,387,119,High,19.0,228.89473684210526,93.5692819589623,41.756172924180646,416.0333007600299
387,387,119,Low,41.0,176.58536585365854,39.98623238675788,96.61290108014279,256.5578306271743
387,387,119,Medium,59.0,202.74576271186442,72.70312643762162,57.339509836621176,348.15201558710766
388,388,120,High,19.0,228.89473684210526,93.5692819589623,41.756172924180646,416.0333007600299
388,388,120,Low,42.0,176.28571428571428,39.54329872263562,97.19911684044304,255.37231173098553
388,388,120,Medium,59.0,202.74576271186442,72.70312643762162,57.339509836621176,348.15201558710766
389,389,121,High,19.0,228.89473684210526,93.5692819589623,41.756172924180646,416.0333007600299
389,389,121,Low,42.0,176.28571428571428,39.54329872263562,97.19911684044304,255.37231173098553
389,389,121,Medium,60.0,203.5,72.32073102225407,58.85853795549187,348.1414620445081
390,390,121,High,19.0,228.89473684210526,93.5692819589623,41.756172924180646,416.0333007600299
390,390,121,Low,42.0,176.28571428571428,39.54329872263562,97.19911684044304,255.37231173098553
390,390,121,Medium,60.0,203.5,72.32073102225407,58.85853795549187,348.1414620445081
391,391,121,High,19.0,228.89473684210526,93.5692819589623,41.756172924180646,416.0333007600299
391,391,121,Low,42.0,176.28571428571428,39.54329872263562,97.19911684044304,255.37231173098553
391,391,121,Medium,60.0,203.5,72.32073102225407,58.85853795549187,348.1414620445081
392,392,122,High,20.0,237.0,98.02201686087513,40.95596627824975,433.0440337217502
392,392,122,Low,42.0,176.28571428571428,39.54329872263562,97.19911684044304,255.37231173098553
392,392,122,Medium,60.0,203.5,72.32073102225407,58.85853795549187,348.1414620445081
393,393,123,High,20.0,237.0,98.02201686087513,40.95596627824975,433.0440337217502
393,393,123,Low,42.0,176.28571428571428,39.54329872263562,97.19911684044304,255.37231173098553
393,393,123,Medium,61.0,206.0655737704918,74.4622653546656,57.14104306116059,354.990104479823
394,394,124,High,20.0,237.0,98.02201686087513,40.95596627824975,433.0440337217502
394,394,124,Low,42.0,176.28571428571428,39.54329872263562,97.19911684044304,255.37231173098553
394,394,124,Medium,62.0,207.2741935483871,74.4600606673462,58.35407221369471,356.1943148830795
395,395,125,High,20.0,237.0,98.02201686087513,40.95596627824975,433.0440337217502
395,395,125,Low,42.0,176.28571428571428,39.54329872263562,97.19911684044304,255.37231173098553
395,395,125,Medium,63.0,208.76190476190476,74.79514265014339,59.17161946161798,358.35219006219154
396,396,127,High,21.0,243.23809523809524,99.72507446069154,43.78794631671215,442.68824415947836
396,396,127,Low,42.0,176.28571428571428,39.54329872263562,97.19911684044304,255.37231173098553
396,396,127,Medium,64.0,211.640625,77.69095618293706,56.258712634125885,367.0225373658741
397,397,128,High,21.0,243.23809523809524,99.72507446069154,43.78794631671215,442.68824415947836
397,397,128,Low,42.0,176.28571428571428,39.54329872263562,97.19911684044304,255.37231173098553
397,397,128,Medium,65.0,212.7076923076923,77.56020304353159,57.587286220629125,367.82809839475544
398,398,129,High,21.0,243.23809523809524,99.72507446069154,43.78794631671215,442.68824415947836
398,398,129,Low,42.0,176.28571428571428,39.54329872263562,97.19911684044304,255.37231173098553
398,398,129,Medium,66.0,214.53030303030303,78.37272282486862,57.784857380565796,371.27574868004024
399,399,129,High,21.0,243.23809523809524,99.72507446069154,43.78794631671215,442.68824415947836
399,399,129,Low,42.0,176.28571428571428,39.54329872263562,97.19911684044304,255.37231173098553
399,399,129,Medium,66.0,214.53030303030303,78.37272282486862,57.784857380565796,371.27574868004024
400,400,129,High,21.0,243.23809523809524,99.72507446069154,43.78794631671215,442.68824415947836
400,400,129,Low,42.0,176.28571428571428,39.54329872263562,97.19911684044304,255.37231173098553
400,400,129,Medium,66.0,214.53030303030303,78.37272282486862,57.784857380565796,371.27574868004024
401,401,129,High,21.0,243.23809523809524,99.72507446069154,43.78794631671215,442.68824415947836
401,401,129,Low,42.0,176.28571428571428,39.54329872263562,97.19911684044304,255.37231173098553
401,401,129,Medium,66.0,214.53030303030303,78.37272282486862,57.784857380565796,371.27574868004024
402,402,129,High,21.0,243.23809523809524,99.72507446069154,43.78794631671215,442.68824415947836
402,402,129,Low,42.0,176.28571428571428,39.54329872263562,97.19911684044304,255.37231173098553
402,402,129,Medium,66.0,214.53030303030303,78.37272282486862,57.784857380565796,371.27574868004024
403,403,130,High,21.0,243.23809523809524,99.72507446069154,43.78794631671215,442.68824415947836
403,403,130,Low,43.0,177.1860465116279,39.513262278664705,98.15952195429848,256.2125710689573
403,403,130,Medium,66.0,214.53030303030303,78.37272282486862,57.784857380565796,371.27574868004024
404,404,130,High,21.0,243.23809523809524,99.72507446069154,43.78794631671215,442.68824415947836
404,404,130,Low,43.0,177.1860465116279,39.513262278664705,98.15952195429848,256.2125710689573
404,404,130,Medium,66.0,214.53030303030303,78.37272282486862,57.784857380565796,371.27574868004024
405,405,130,High,21.0,243.23809523809524,99.72507446069154,43.78794631671215,442.68824415947836
405,405,130,Low,43.0,177.1860465116279,39.513262278664705,98.15952195429848,256.2125710689573
405,405,130,Medium,66.0,214.53030303030303,78.37272282486862,57.784857380565796,371.27574868004024
406,406,130,High,21.0,243.23809523809524,99.72507446069154,43.78794631671215,442.68824415947836
406,406,130,Low,43.0,177.1860465116279,39.513262278664705,98.15952195429848,256.2125710689573
406,406,130,Medium,66.0,214.53030303030303,78.37272282486862,57.784857380565796,371.27574868004024
407,407,132,High,21.0,243.23809523809524,99.72507446069154,43.78794631671215,442.68824415947836
407,407,132,Low,44.0,179.70454545454547,42.47438601357817,94.75577342738913,264.65331748170183
407,407,132,Medium,67.0,214.71641791044777,77.79164206296849,59.13313378451079,370.29970203638476
408,408,132,High,21.0,243.23809523809524,99.72507446069154,43.78794631671215,442.68824415947836
408,408,132,Low,44.0,179.70454545454547,42.47438601357817,94.75577342738913,264.65331748170183
408,408,132,Medium,67.0,214.71641791044777,77.79164206296849,59.13313378451079,370.29970203638476
409,409,132,High,21.0,243.23809523809524,99.72507446069154,43.78794631671215,442.68824415947836
409,409,132,Low,44.0,179.70454545454547,42.47438601357817,94.75577342738913,264.65331748170183
409,409,132,Medium,67.0,214.71641791044777,77.79164206296849,59.13313378451079,370.29970203638476
410,410,134,High,21.0,243.23809523809524,99.72507446069154,43.78794631671215,442.68824415947836
410,410,134,Low,46.0,182.1086956521739,43.130926393878944,95.84684286441602,268.3705484399318
410,410,134,Medium,67.0,214.71641791044777,77.79164206296849,59.13313378451079,370.29970203638476
411,411,135,High,21.0,243.23809523809524,99.72507446069154,43.78794631671215,442.68824415947836
411,411,135,Low,47.0,182.2340425531915,42.66819035399916,96.89766184519318,267.57042326118983
411,411,135,Medium,67.0,214.71641791044777,77.79164206296849,59.13313378451079,370.29970203638476
412,412,137,High,21.0,243.23809523809524,99.72507446069154,43.78794631671215,442.68824415947836
412,412,137,Low,48.0,180.77083333333334,43.41204832435705,93.94673668461924,267.59492998204746
412,412,137,Medium,68.0,217.30882352941177,80.1137730817943,57.081277365823155,377.5363696930004
413,413,137,High,21.0,243.23809523809524,99.72507446069154,43.78794631671215,442.68824415947836
413,413,137,Low,48.0,180.77083333333334,43.41204832435705,93.94673668461924,267.59492998204746
413,413,137,Medium,68.0,217.30882352941177,80.1137730817943,57.081277365823155,377.5363696930004
414,414,137,High,21.0,243.23809523809524,99.72507446069154,43.78794631671215,442.68824415947836
414,414,137,Low,48.0,180.77083333333334,43.41204832435705,93.94673668461924,267.59492998204746
414,414,137,Medium,68.0,217.30882352941177,80.1137730817943,57.081277365823155,377.5363696930004
415,415,138,High,22.0,237.86363636363637,100.53347959501112,36.79667717361414,438.9305955536586
415,415,138,Low,48.0,180.77083333333334,43.41204832435705,93.94673668461924,267.59492998204746
415,415,138,Medium,68.0,217.30882352941177,80.1137730817943,57.081277365823155,377.5363696930004
416,416,138,High,22.0,237.86363636363637,100.53347959501112,36.79667717361414,438.9305955536586
416,416,138,Low,48.0,180.77083333333334,43.41204832435705,93.94673668461924,267.59492998204746
416,416,138,Medium,68.0,217.30882352941177,80.1137730817943,57.081277365823155,377.5363696930004
417,417,139,High,22.0,237.86363636363637,100.53347959501112,36.79667717361414,438.9305955536586
417,417,139,Low,48.0,180.77083333333334,43.41204832435705,93.94673668461924,267.59492998204746
417,417,139,Medium,69.0,216.7246376811594,79.67043958006947,57.38375852102047,376.06551684129835
418,418,140,High,23.0,236.82608695652175,98.34801480360585,40.13005734931005,433.52211656373345
418,418,140,Low,48.0,180.77083333333334,43.41204832435705,93.94673668461924,267.59492998204746
418,418,140,Medium,69.0,216.7246376811594,79.67043958006947,57.38375852102047,376.06551684129835
419,419,141,High,24.0,241.83333333333334,99.26497988658464,43.30337356016406,440.3632931065026
419,419,141,Low,48.0,180.77083333333334,43.41204832435705,93.94673668461924,267.59492998204746
419,419,141,Medium,69.0,216.7246376811594,79.67043958006947,57.38375852102047,376.06551684129835
420,420,141,High,24.0,241.83333333333334,99.26497988658464,43.30337356016406,440.3632931065026
420,420,141,Low,48.0,180.77083333333334,43.41204832435705,93.94673668461924,267.59492998204746
420,420,141,Medium,69.0,216.7246376811594,79.67043958006947,57.38375852102047,376.06551684129835
421,421,141,High,24.0,241.83333333333334,99.26497988658464,43.30337356016406,440.3632931065026
421,421,141,Low,48.0,180.77083333333334,43.41204832435705,93.94673668461924,267.59492998204746
421,421,141,Medium,69.0,216.7246376811594,79.67043958006947,57.38375852102047,376.06551684129835
422,422,141,High,24.0,241.83333333333334,99.26497988658464,43.30337356016406,440.3632931065026
422,422,141,Low,48.0,180.77083333333334,43.41204832435705,93.94673668461924,267.59492998204746
422,422,141,Medium,69.0,216.7246376811594,79.67043958006947,57.38375852102047,376.06551684129835
423,423,142,High,25.0,248.72,103.09523105685669,42.52953788628662,454.9104621137134
423,423,142,Low,48.0,180.77083333333334,43.41204832435705,93.94673668461924,267.59492998204746
423,423,142,Medium,69.0,216.7246376811594,79.67043958006947,57.38375852102047,376.06551684129835
424,424,143,High,25.0,248.72,103.09523105685669,42.52953788628662,454.9104621137134
424,424,143,Low,48.0,180.77083333333334,43.41204832435705,93.94673668461924,267.59492998204746
424,424,143,Medium,70.0,218.77142857142857,80.9236841110408,56.92406034934697,380.61879679351017
425,425,144,High,25.0,248.72,103.09523105685669,42.52953788628662,454.9104621137134
425,425,144,Low,48.0,180.77083333333334,43.41204832435705,93.94673668461924,267.59492998204746
425,425,144,Medium,71.0,219.94366197183098,80.94846461509474,58.046732741641506,381.84059120202045
426,426,148,High,25.0,248.72,103.09523105685669,42.52953788628662,454.9104621137134
426,426,148,Low,49.0,182.30612244897958,44.28139379846454,93.7433348520505,270.86891004590865
426,426,148,Medium,74.0,222.6216216216216,82.07776177599045,58.46609806964071,386.77714517360255
427,427,148,High,25.0,248.72,103.09523105685669,42.52953788628662,454.9104621137134
427,427,148,Low,49.0,182.30612244897958,44.28139379846454,93.7433348520505,270.86891004590865
427,427,148,Medium,74.0,222.6216216216216,82.07776177599045,58.46609806964071,386.77714517360255
428,428,148,High,25.0,248.72,103.09523105685669,42.52953788628662,454.9104621137134
428,428,148,Low,49.0,182.30612244897958,44.28139379846454,93.7433348520505,270.86891004590865
428,428,148,Medium,74.0,222.6216216216216,82.07776177599045,58.46609806964071,386.77714517360255
429,429,148,High,25.0,248.72,103.09523105685669,42.52953788628662,454.9104621137134
429,429,148,Low,49.0,182.30612244897958,44.28139379846454,93.7433348520505,270.86891004590865
429,429,148,Medium,74.0,222.6216216216216,82.07776177599045,58.46609806964071,386.77714517360255
430,430,150,High,25.0,248.72,103.09523105685669,42.52953788628662,454.9104621137134
430,430,150,Low,50.0,182.74,43.93446418083579,94.87107163832843,270.6089283616716
430,430,150,Medium,75.0,224.22666666666666,82.69785011966401,58.83096642733864,389.6223669059947
431,431,151,High,25.0,248.72,103.09523105685669,42.52953788628662,454.9104621137134
431,431,151,Low,51.0,182.66666666666666,43.496053460821784,95.67455974502309,269.6587735883102
431,431,151,Medium,75.0,224.22666666666666,82.69785011966401,58.83096642733864,389.6223669059947
432,432,152,High,25.0,248.72,103.09523105685669,42.52953788628662,454.9104621137134
432,432,152,Low,51.0,182.66666666666666,43.496053460821784,95.67455974502309,269.6587735883102
432,432,152,Medium,76.0,225.1184210526316,82.51173122334595,60.094958605939695,390.1418834993235
433,433,153,High,25.0,248.72,103.09523105685669,42.52953788628662,454.9104621137134
433,433,153,Low,51.0,182.66666666666666,43.496053460821784,95.67455974502309,269.6587735883102
433,433,153,Medium,77.0,225.12987012987014,81.96715495106795,61.195560227734234,389.06418003200605
434,434,153,High,25.0,248.72,103.09523105685669,42.52953788628662,454.9104621137134
434,434,153,Low,51.0,182.66666666666666,43.496053460821784,95.67455974502309,269.6587735883102
434,434,153,Medium,77.0,225.12987012987014,81.96715495106795,61.195560227734234,389.06418003200605
435,435,157,High,25.0,248.72,103.09523105685669,42.52953788628662,454.9104621137134
435,435,157,Low,52.0,182.23076923076923,43.18206571479278,95.86663780118367,268.59490066035477
435,435,157,Medium,80.0,227.6,82.62200031897594,62.355999362048124,392.84400063795186
436,436,159,High,25.0,248.72,103.09523105685669,42.52953788628662,454.9104621137134
436,436,159,Low,53.0,182.0188679245283,42.79265329021836,96.43356134409159,267.60417450496504
436,436,159,Medium,81.0,228.19753086419752,82.27992157159096,63.637687721015595,392.75737400737944
437,437,162,High,26.0,252.84615384615384,103.18011138109604,46.48593108396176,459.2063766083459
437,437,162,Low,54.0,183.09259259259258,43.11514575125129,96.86230109009,269.32288409509516
437,437,162,Medium,82.0,228.890243902439,82.01068977259496,64.8688643572491,392.9116234476289
438,438,162,High,26.0,252.84615384615384,103.18011138109604,46.48593108396176,459.2063766083459
438,438,162,Low,54.0,183.09259259259258,43.11514575125129,96.86230109009,269.32288409509516
438,438,162,Medium,82.0,228.890243902439,82.01068977259496,64.8688643572491,392.9116234476289
439,439,162,High,26.0,252.84615384615384,103.18011138109604,46.48593108396176,459.2063766083459
439,439,162,Low,54.0,183.09259259259258,43.11514575125129,96.86230109009,269.32288409509516
439,439,162,Medium,82.0,228.890243902439,82.01068977259496,64.8688643572491,392.9116234476289
440,440,162,High,26.0,252.84615384615384,103.18011138109604,46.48593108396176,459.2063766083459
440,440,162,Low,54.0,183.09259259259258,43.11514575125129,96.86230109009,269.32288409509516
440,440,162,Medium,82.0,228.890243902439,82.01068977259496,64.8688643572491,392.9116234476289
441,441,162,High,26.0,252.84615384615384,103.18011138109604,46.48593108396176,459.2063766083459
441,441,162,Low,54.0,183.09259259259258,43.11514575125129,96.86230109009,269.32288409509516
441,441,162,Medium,82.0,228.890243902439,82.01068977259496,64.8688643572491,392.9116234476289
442,442,164,High,26.0,252.84615384615384,103.18011138109604,46.48593108396176,459.2063766083459
442,442,164,Low,54.0,183.09259259259258,43.11514575125129,96.86230109009,269.32288409509516
442,442,164,Medium,84.0,228.38095238095238,81.66134959917785,65.05825318259667,391.7036515793081
443,443,164,High,26.0,252.84615384615384,103.18011138109604,46.48593108396176,459.2063766083459
443,443,164,Low,54.0,183.09259259259258,43.11514575125129,96.86230109009,269.32288409509516
443,443,164,Medium,84.0,228.38095238095238,81.66134959917785,65.05825318259667,391.7036515793081
444,444,165,High,26.0,252.84615384615384,103.18011138109604,46.48593108396176,459.2063766083459
444,444,165,Low,54.0,183.09259259259258,43.11514575125129,96.86230109009,269.32288409509516
444,444,165,Medium,85.0,229.0235294117647,81.38971159834406,66.24410621507658,391.80295260845287
445,445,166,High,27.0,256.85185185185185,103.29520939956645,50.26143305271896,463.4422706509847
445,445,166,Low,54.0,183.09259259259258,43.11514575125129,96.86230109009,269.32288409509516
445,445,166,Medium,85.0,229.0235294117647,81.38971159834406,66.24410621507658,391.80295260845287
446,446,168,High,28.0,255.14285714285714,101.76687749212584,51.60910215860545,458.6766121271088
446,446,168,Low,54.0,183.09259259259258,43.11514575125129,96.86230109009,269.32288409509516
446,446,168,Medium,86.0,229.03488372093022,80.90960063362196,67.2156824536863,390.8540849881741
447,447,170,High,28.0,255.14285714285714,101.76687749212584,51.60910215860545,458.6766121271088
447,447,170,Low,55.0,184.3272727272727,43.68449786291876,96.95827700143519,271.69626845311024
447,447,170,Medium,87.0,230.97701149425288,82.45237906950165,66.07225335524959,395.88176963325617
448,448,172,High,29.0,256.82758620689657,100.34407554777184,56.139435111352896,457.51573730244024
448,448,172,Low,55.0,184.3272727272727,43.68449786291876,96.95827700143519,271.69626845311024
448,448,172,Medium,88.0,232.17045454545453,82.73808857437086,66.6942773967128,397.64663169419623
449,449,175,High,30.0,260.56666666666666,100.70327986075051,59.16010694516564,461.9732263881677
449,449,175,Low,55.0,184.3272727272727,43.68449786291876,96.95827700143519,271.69626845311024
449,449,175,Medium,90.0,232.2888888888889,81.85397307928261,68.58094273032367,395.9968350474541
450,450,176,High,30.0,260.56666666666666,100.70327986075051,59.16010694516564,461.9732263881677
450,450,176,Low,55.0,184.3272727272727,43.68449786291876,96.95827700143519,271.69626845311024
450,450,176,Medium,91.0,232.53846153846155,81.43276813725373,69.67292526395408,395.403997812969
451,451,176,High,30.0,260.56666666666666,100.70327986075051,59.16010694516564,461.9732263881677
451,451,176,Low,55.0,184.3272727272727,43.68449786291876,96.95827700143519,271.69626845311024
451,451,176,Medium,91.0,232.53846153846155,81.43276813725373,69.67292526395408,395.403997812969
452,452,177,High,31.0,258.0967741935484,99.96111071768848,58.174552758171444,458.0189956289254
452,452,177,Low,55.0,184.3272727272727,43.68449786291876,96.95827700143519,271.69626845311024
452,452,177,Medium,91.0,232.53846153846155,81.43276813725373,69.67292526395408,395.403997812969
453,453,177,High,31.0,258.0967741935484,99.96111071768848,58.174552758171444,458.0189956289254
453,453,177,Low,55.0,184.3272727272727,43.68449786291876,96.95827700143519,271.69626845311024
453,453,177,Medium,91.0,232.53846153846155,81.43276813725373,69.67292526395408,395.403997812969
454,454,178,High,31.0,258.0967741935484,99.96111071768848,58.174552758171444,458.0189956289254
454,454,178,Low,55.0,184.3272727272727,43.68449786291876,96.95827700143519,271.69626845311024
454,454,178,Medium,92.0,231.52173913043478,81.56915467714734,68.3834297761401,394.6600484847295
455,455,179,High,32.0,258.46875,98.35812916368755,61.7524916726249,455.1850083273751
455,455,179,Low,55.0,184.3272727272727,43.68449786291876,96.95827700143519,271.69626845311024
455,455,179,Medium,92.0,231.52173913043478,81.56915467714734,68.3834297761401,394.6600484847295
456,456,181,High,32.0,258.46875,98.35812916368755,61.7524916726249,455.1850083273751
456,456,181,Low,57.0,186.59649122807016,44.72210209773352,97.15228703260313,276.0406954235372
456,456,181,Medium,92.0,231.52173913043478,81.56915467714734,68.3834297761401,394.6600484847295
457,457,182,High,32.0,258.46875,98.35812916368755,61.7524916726249,455.1850083273751
457,457,182,Low,57.0,186.59649122807016,44.72210209773352,97.15228703260313,276.0406954235372
457,457,182,Medium,93.0,232.29032258064515,81.46252547953266,69.36527162157984,395.21537353971047
458,458,183,High,32.0,258.46875,98.35812916368755,61.7524916726249,455.1850083273751
458,458,183,Low,58.0,186.39655172413794,44.35421206888545,97.68812758636703,275.1049758619088
458,458,183,Medium,93.0,232.29032258064515,81.46252547953266,69.36527162157984,395.21537353971047
459,459,185,High,33.0,259.24242424242425,96.91105145410091,65.42032133422242,453.0645271506261
459,459,185,Low,58.0,186.39655172413794,44.35421206888545,97.68812758636703,275.1049758619088
459,459,185,Medium,94.0,233.36170212765958,81.68650420427244,69.9886937191147,396.7347105362045
460,460,186,High,33.0,259.24242424242425,96.91105145410091,65.42032133422242,453.0645271506261
460,460,186,Low,58.0,186.39655172413794,44.35421206888545,97.68812758636703,275.1049758619088
460,460,186,Medium,95.0,234.58947368421053,82.12736537438093,70.33474293544867,398.8442044329724
461,461,187,High,33.0,259.24242424242425,96.91105145410091,65.42032133422242,453.0645271506261
461,461,187,Low,59.0,186.22033898305085,43.99101310910978,98.23831276483129,274.2023652012704
461,461,187,Medium,95.0,234.58947368421053,82.12736537438093,70.33474293544867,398.8442044329724
462,462,187,High,33.0,259.24242424242425,96.91105145410091,65.42032133422242,453.0645271506261
462,462,187,Low,59.0,186.22033898305085,43.99101310910978,98.23831276483129,274.2023652012704
462,462,187,Medium,95.0,234.58947368421053,82.12736537438093,70.33474293544867,398.8442044329724
463,463,187,High,33.0,259.24242424242425,96.91105145410091,65.42032133422242,453.0645271506261
463,463,187,Low,59.0,186.22033898305085,43.99101310910978,98.23831276483129,274.2023652012704
463,463,187,Medium,95.0,234.58947368421053,82.12736537438093,70.33474293544867,398.8442044329724
464,464,188,High,33.0,259.24242424242425,96.91105145410091,65.42032133422242,453.0645271506261
464,464,188,Low,59.0,186.22033898305085,43.99101310910978,98.23831276483129,274.2023652012704
464,464,188,Medium,96.0,235.71875,82.4398604566096,70.83902908678081,400.5984709132192
465,465,189,High,33.0,259.24242424242425,96.91105145410091,65.42032133422242,453.0645271506261
465,465,189,Low,59.0,186.22033898305085,43.99101310910978,98.23831276483129,274.2023652012704
465,465,189,Medium,97.0,237.16494845360825,83.23707111973047,70.6908062141473,403.6390906930692
466,466,189,High,33.0,259.24242424242425,96.91105145410091,65.42032133422242,453.0645271506261
466,466,189,Low,59.0,186.22033898305085,43.99101310910978,98.23831276483129,274.2023652012704
466,466,189,Medium,97.0,237.16494845360825,83.23707111973047,70.6908062141473,403.6390906930692
467,467,189,High,33.0,259.24242424242425,96.91105145410091,65.42032133422242,453.0645271506261
467,467,189,Low,59.0,186.22033898305085,43.99101310910978,98.23831276483129,274.2023652012704
467,467,189,Medium,97.0,237.16494845360825,83.23707111973047,70.6908062141473,403.6390906930692
468,468,189,High,33.0,259.24242424242425,96.91105145410091,65.42032133422242,453.0645271506261
468,468,189,Low,59.0,186.22033898305085,43.99101310910978,98.23831276483129,274.2023652012704
468,468,189,Medium,97.0,237.16494845360825,83.23707111973047,70.6908062141473,403.6390906930692
469,469,190,High,33.0,259.24242424242425,96.91105145410091,65.42032133422242,453.0645271506261
469,469,190,Low,59.0,186.22033898305085,43.99101310910978,98.23831276483129,274.2023652012704
469,469,190,Medium,98.0,234.8265306122449,85.98178007790393,62.86297045643704,406.7900907680528
470,470,191,High,33.0,259.24242424242425,96.91105145410091,65.42032133422242,453.0645271506261
470,470,191,Low,60.0,186.41666666666666,43.64311803036568,99.1304306059353,273.702902727398
470,470,191,Medium,98.0,234.8265306122449,85.98178007790393,62.86297045643704,406.7900907680528
471,471,192,High,33.0,259.24242424242425,96.91105145410091,65.42032133422242,453.0645271506261
471,471,192,Low,60.0,186.41666666666666,43.64311803036568,99.1304306059353,273.702902727398
471,471,192,Medium,99.0,234.93939393939394,85.54934346314931,63.84070701309531,406.03808086569256
472,472,194,High,33.0,259.24242424242425,96.91105145410091,65.42032133422242,453.0645271506261
472,472,194,Low,61.0,184.81967213114754,45.0394302053661,94.74081172041534,274.8985325418797
472,472,194,Medium,100.0,234.65,85.16536202523238,64.31927594953524,404.9807240504648
473,473,195,High,33.0,259.24242424242425,96.91105145410091,65.42032133422242,453.0645271506261
473,473,195,Low,61.0,184.81967213114754,45.0394302053661,94.74081172041534,274.8985325418797
473,473,195,Medium,101.0,236.34653465346534,86.43673242824075,63.47306979698385,409.21999950994683
474,474,196,High,33.0,259.24242424242425,96.91105145410091,65.42032133422242,453.0645271506261
474,474,196,Low,61.0,184.81967213114754,45.0394302053661,94.74081172041534,274.8985325418797
474,474,196,Medium,102.0,237.36274509803923,86.61794902547581,64.12684704708761,410.59864314899085
475,475,196,High,33.0,259.24242424242425,96.91105145410091,65.42032133422242,453.0645271506261
475,475,196,Low,61.0,184.81967213114754,45.0394302053661,94.74081172041534,274.8985325418797
475,475,196,Medium,102.0,237.36274509803923,86.61794902547581,64.12684704708761,410.59864314899085
476,476,196,High,33.0,259.24242424242425,96.91105145410091,65.42032133422242,453.0645271506261
476,476,196,Low,61.0,184.81967213114754,45.0394302053661,94.74081172041534,274.8985325418797
476,476,196,Medium,102.0,237.36274509803923,86.61794902547581,64.12684704708761,410.59864314899085
477,477,198,High,33.0,259.24242424242425,96.91105145410091,65.42032133422242,453.0645271506261
477,477,198,Low,61.0,184.81967213114754,45.0394302053661,94.74081172041534,274.8985325418797
477,477,198,Medium,104.0,238.89423076923077,86.53871890261289,65.816792964005,411.97166857445654
478,478,198,High,33.0,259.24242424242425,96.91105145410091,65.42032133422242,453.0645271506261
478,478,198,Low,61.0,184.81967213114754,45.0394302053661,94.74081172041534,274.8985325418797
478,478,198,Medium,104.0,238.89423076923077,86.53871890261289,65.816792964005,411.97166857445654
479,479,199,High,33.0,259.24242424242425,96.91105145410091,65.42032133422242,453.0645271506261
479,479,199,Low,62.0,184.01612903225808,45.114605223165746,93.78691858592659,274.2453394785896
479,479,199,Medium,104.0,238.89423076923077,86.53871890261289,65.816792964005,411.97166857445654
480,480,200,High,33.0,259.24242424242425,96.91105145410091,65.42032133422242,453.0645271506261
480,480,200,Low,62.0,184.01612903225808,45.114605223165746,93.78691858592659,274.2453394785896
480,480,200,Medium,105.0,238.3904761904762,86.27622179306672,65.83803260434274,410.94291977660964
481,481,200,High,33.0,259.24242424242425,96.91105145410091,65.42032133422242,453.0645271506261
481,481,200,Low,62.0,184.01612903225808,45.114605223165746,93.78691858592659,274.2453394785896
481,481,200,Medium,105.0,238.3904761904762,86.27622179306672,65.83803260434274,410.94291977660964
482,482,201,High,33.0,259.24242424242425,96.91105145410091,65.42032133422242,453.0645271506261
482,482,201,Low,62.0,184.01612903225808,45.114605223165746,93.78691858592659,274.2453394785896
482,482,201,Medium,106.0,238.4056603773585,85.86454208055034,66.67657621625781,410.13474453845913
483,483,201,High,33.0,259.24242424242425,96.91105145410091,65.42032133422242,453.0645271506261
483,483,201,Low,62.0,184.01612903225808,45.114605223165746,93.78691858592659,274.2453394785896
483,483,201,Medium,106.0,238.4056603773585,85.86454208055034,66.67657621625781,410.13474453845913
484,484,202,High,34.0,262.70588235294116,97.54487061107415,67.61614113079287,457.79562357508945
484,484,202,Low,62.0,184.01612903225808,45.114605223165746,93.78691858592659,274.2453394785896
484,484,202,Medium,106.0,238.4056603773585,85.86454208055034,66.67657621625781,410.13474453845913
485,485,203,High,35.0,267.1142857142857,99.5757977412098,67.9626902318661,466.2658811967053
485,485,203,Low,62.0,184.01612903225808,45.114605223165746,93.78691858592659,274.2453394785896
485,485,203,Medium,106.0,238.4056603773585,85.86454208055034,66.67657621625781,410.13474453845913
486,486,204,High,35.0,267.1142857142857,99.5757977412098,67.9626902318661,466.2658811967053
486,486,204,Low,63.0,183.95238095238096,44.75215928163315,94.44806238911467,273.45669951564724
486,486,204,Medium,106.0,238.4056603773585,85.86454208055034,66.67657621625781,410.13474453845913
487,487,205,High,35.0,267.1142857142857,99.5757977412098,67.9626902318661,466.2658811967053
487,487,205,Low,63.0,183.95238095238096,44.75215928163315,94.44806238911467,273.45669951564724
487,487,205,Medium,107.0,239.3177570093458,85.97779420762271,67.36216859410038,411.2733454245912
488,488,208,High,36.0,269.19444444444446,98.93340312537653,71.3276381936914,467.0612506951975
488,488,208,Low,65.0,183.4923076923077,44.2037622398122,95.08478321268329,271.8998321719321
488,488,208,Medium,107.0,239.3177570093458,85.97779420762271,67.36216859410038,411.2733454245912
489,489,209,High,36.0,269.19444444444446,98.93340312537653,71.3276381936914,467.0612506951975
489,489,209,Low,66.0,183.42424242424244,43.86590075921444,95.69244090581356,271.1560439426713
489,489,209,Medium,107.0,239.3177570093458,85.97779420762271,67.36216859410038,411.2733454245912
490,490,209,High,36.0,269.19444444444446,98.93340312537653,71.3276381936914,467.0612506951975
490,490,209,Low,66.0,183.42424242424244,43.86590075921444,95.69244090581356,271.1560439426713
490,490,209,Medium,107.0,239.3177570093458,85.97779420762271,67.36216859410038,411.2733454245912
491,491,209,High,36.0,269.19444444444446,98.93340312537653,71.3276381936914,467.0612506951975
491,491,209,Low,66.0,183.42424242424244,43.86590075921444,95.69244090581356,271.1560439426713
491,491,209,Medium,107.0,239.3177570093458,85.97779420762271,67.36216859410038,411.2733454245912
492,492,211,High,36.0,269.19444444444446,98.93340312537653,71.3276381936914,467.0612506951975
492,492,211,Low,66.0,183.42424242424244,43.86590075921444,95.69244090581356,271.1560439426713
492,492,211,Medium,109.0,240.43119266055047,85.64314062741599,69.14491140571849,411.71747391538247
493,493,211,High,36.0,269.19444444444446,98.93340312537653,71.3276381936914,467.0612506951975
493,493,211,Low,66.0,183.42424242424244,43.86590075921444,95.69244090581356,271.1560439426713
493,493,211,Medium,109.0,240.43119266055047,85.64314062741599,69.14491140571849,411.71747391538247
494,494,212,High,36.0,269.19444444444446,98.93340312537653,71.3276381936914,467.0612506951975
494,494,212,Low,67.0,183.50746268656715,43.5376441555582,96.43217437545076,270.58275099768355
494,494,212,Medium,109.0,240.43119266055047,85.64314062741599,69.14491140571849,411.71747391538247
495,495,212,High,36.0,269.19444444444446,98.93340312537653,71.3276381936914,467.0612506951975
495,495,212,Low,67.0,183.50746268656715,43.5376441555582,96.43217437545076,270.58275099768355
495,495,212,Medium,109.0,240.43119266055047,85.64314062741599,69.14491140571849,411.71747391538247
496,496,213,High,36.0,269.19444444444446,98.93340312537653,71.3276381936914,467.0612506951975
496,496,213,Low,67.0,183.50746268656715,43.5376441555582,96.43217437545076,270.58275099768355
496,496,213,Medium,110.0,241.6,86.12623549399436,69.34752901201128,413.8524709879887
497,497,215,High,36.0,269.19444444444446,98.93340312537653,71.3276381936914,467.0612506951975
497,497,215,Low,68.0,183.25,43.263639899035695,96.72272020192861,269.7772797980714
497,497,215,Medium,111.0,242.19819819819818,85.9651958981942,70.26780640180979,414.1285899945866
498,498,216,High,37.0,271.81081081081084,98.83933029524843,74.13215022031397,469.4894714013077
498,498,216,Low,68.0,183.25,43.263639899035695,96.72272020192861,269.7772797980714
498,498,216,Medium,111.0,242.19819819819818,85.9651958981942,70.26780640180979,414.1285899945866
499,499,218,High,38.0,272.55263157894734,97.6016995223156,77.34923253431614,467.75603062357857
499,499,218,Low,68.0,183.25,43.263639899035695,96.72272020192861,269.7772797980714
499,499,218,Medium,112.0,240.54464285714286,87.34800320978243,65.848636437578,415.2406492767077
500,500,218,High,38.0,272.55263157894734,97.6016995223156,77.34923253431614,467.75603062357857
500,500,218,Low,68.0,183.25,43.263639899035695,96.72272020192861,269.7772797980714
500,500,218,Medium,112.0,240.54464285714286,87.34800320978243,65.848636437578,415.2406492767077
501,501,218,High,38.0,272.55263157894734,97.6016995223156,77.34923253431614,467.75603062357857
501,501,218,Low,68.0,183.25,43.263639899035695,96.72272020192861,269.7772797980714
501,501,218,Medium,112.0,240.54464285714286,87.34800320978243,65.848636437578,415.2406492767077
502,502,219,High,38.0,272.55263157894734,97.6016995223156,77.34923253431614,467.75603062357857
502,502,219,Low,68.0,183.25,43.263639899035695,96.72272020192861,269.7772797980714
502,502,219,Medium,113.0,241.2920353982301,87.31937289300299,66.65328961222411,415.9307811842361
503,503,219,High,38.0,272.55263157894734,97.6016995223156,77.34923253431614,467.75603062357857
503,503,219,Low,68.0,183.25,43.263639899035695,96.72272020192861,269.7772797980714
503,503,219,Medium,113.0,241.2920353982301,87.31937289300299,66.65328961222411,415.9307811842361
504,504,220,High,38.0,272.55263157894734,97.6016995223156,77.34923253431614,467.75603062357857
504,504,220,Low,68.0,183.25,43.263639899035695,96.72272020192861,269.7772797980714
504,504,220,Medium,114.0,241.33333333333334,86.933263658875,67.46680601558333,415.1998606510833
505,505,220,High,38.0,272.55263157894734,97.6016995223156,77.34923253431614,467.75603062357857
505,505,220,Low,68.0,183.25,43.263639899035695,96.72272020192861,269.7772797980714
505,505,220,Medium,114.0,241.33333333333334,86.933263658875,67.46680601558333,415.1998606510833
506,506,220,High,38.0,272.55263157894734,97.6016995223156,77.34923253431614,467.75603062357857
506,506,220,Low,68.0,183.25,43.263639899035695,96.72272020192861,269.7772797980714
506,506,220,Medium,114.0,241.33333333333334,86.933263658875,67.46680601558333,415.1998606510833
507,507,220,High,38.0,272.55263157894734,97.6016995223156,77.34923253431614,467.75603062357857
507,507,220,Low,68.0,183.25,43.263639899035695,96.72272020192861,269.7772797980714
507,507,220,Medium,114.0,241.33333333333334,86.933263658875,67.46680601558333,415.1998606510833
508,508,221,High,38.0,272.55263157894734,97.6016995223156,77.34923253431614,467.75603062357857
508,508,221,Low,68.0,183.25,43.263639899035695,96.72272020192861,269.7772797980714
508,508,221,Medium,115.0,241.8695652173913,86.74195667642573,68.38565186453985,415.35347857024277
509,509,221,High,38.0,272.55263157894734,97.6016995223156,77.34923253431614,467.75603062357857
509,509,221,Low,68.0,183.25,43.263639899035695,96.72272020192861,269.7772797980714
509,509,221,Medium,115.0,241.8695652173913,86.74195667642573,68.38565186453985,415.35347857024277
510,510,222,High,39.0,272.1025641025641,96.34990915020295,79.4027458021582,464.80238240297
510,510,222,Low,68.0,183.25,43.263639899035695,96.72272020192861,269.7772797980714
510,510,222,Medium,115.0,241.8695652173913,86.74195667642573,68.38565186453985,415.35347857024277
511,511,224,High,39.0,272.1025641025641,96.34990915020295,79.4027458021582,464.80238240297
511,511,224,Low,68.0,183.25,43.263639899035695,96.72272020192861,269.7772797980714
511,511,224,Medium,117.0,243.2051282051282,86.77423525741546,69.6566576902973,416.7535987199591
512,512,227,High,40.0,274.725,96.54200294863026,81.64099410273951,467.80900589726053
512,512,227,Low,69.0,181.47826086956522,45.39616746444967,90.68592594066588,272.27059579846457
512,512,227,Medium,118.0,243.48305084745763,86.45533732104998,70.57237620535767,416.3937254895576
513,513,230,High,41.0,271.8536585365854,97.08438622549193,77.68488608560153,466.02243098756924
513,513,230,Low,70.0,180.37142857142857,46.00761481665848,88.3561989381116,272.3866582047455
513,513,230,Medium,119.0,243.34453781512605,86.10148101787223,71.14157577938158,415.5474998508705
514,514,232,High,42.0,274.64285714285717,97.581940909359,79.47897532413916,469.8067389615752
514,514,232,Low,70.0,180.37142857142857,46.00761481665848,88.3561989381116,272.3866582047455
514,514,232,Medium,120.0,244.00833333333333,86.0467428016814,71.91484772997052,416.10181893669613
515,515,232,High,42.0,274.64285714285717,97.581940909359,79.47897532413916,469.8067389615752
515,515,232,Low,70.0,180.37142857142857,46.00761481665848,88.3561989381116,272.3866582047455
515,515,232,Medium,120.0,244.00833333333333,86.0467428016814,71.91484772997052,416.10181893669613
516,516,234,High,42.0,274.64285714285717,97.581940909359,79.47897532413916,469.8067389615752
516,516,234,Low,71.0,181.05633802816902,46.040940577441866,88.97445687328529,273.13821918305274
516,516,234,Medium,121.0,244.46280991735537,85.8331755327657,72.79645885182399,416.1291609828868
517,517,234,High,42.0,274.64285714285717,97.581940909359,79.47897532413916,469.8067389615752
517,517,234,Low,71.0,181.05633802816902,46.040940577441866,88.97445687328529,273.13821918305274
517,517,234,Medium,121.0,244.46280991735537,85.8331755327657,72.79645885182399,416.1291609828868
518,518,234,High,42.0,274.64285714285717,97.581940909359,79.47897532413916,469.8067389615752
518,518,234,Low,71.0,181.05633802816902,46.040940577441866,88.97445687328529,273.13821918305274
518,518,234,Medium,121.0,244.46280991735537,85.8331755327657,72.79645885182399,416.1291609828868
519,519,235,High,42.0,274.64285714285717,97.581940909359,79.47897532413916,469.8067389615752
519,519,235,Low,71.0,181.05633802816902,46.040940577441866,88.97445687328529,273.13821918305274
519,519,235,Medium,122.0,244.49180327868854,85.47835702115103,73.53508923638648,415.4485173209906
520,520,239,High,43.0,274.25581395348837,96.44665266680452,81.36250861987932,467.1491192870974
520,520,239,Low,72.0,181.34722222222223,45.782141706319585,89.78293880958306,272.9115056348614
520,520,239,Medium,124.0,244.56451612903226,85.77435342961223,73.01580926980779,416.1132229882567
521,521,240,High,44.0,276.45454545454544,96.42793538723306,83.59867468007931,469.3104162290116
521,521,240,Low,72.0,181.34722222222223,45.782141706319585,89.78293880958306,272.9115056348614
521,521,240,Medium,124.0,244.56451612903226,85.77435342961223,73.01580926980779,416.1132229882567
522,522,241,High,44.0,276.45454545454544,96.42793538723306,83.59867468007931,469.3104162290116
522,522,241,Low,73.0,181.31506849315068,45.463928532020724,90.38721142910923,272.2429255571921
522,522,241,Medium,124.0,244.56451612903226,85.77435342961223,73.01580926980779,416.1132229882567
523,523,243,High,45.0,275.6222222222222,95.48923996710283,84.64374228801654,466.6007021564279
523,523,243,Low,74.0,181.66216216216216,45.250074404548535,91.16201335306509,272.1623109712592
523,523,243,Medium,124.0,244.56451612903226,85.77435342961223,73.01580926980779,416.1132229882567
524,524,244,High,45.0,275.6222222222222,95.48923996710283,84.64374228801654,466.6007021564279
524,524,244,Low,74.0,181.66216216216216,45.250074404548535,91.16201335306509,272.1623109712592
524,524,244,Medium,125.0,244.688,85.43894405533302,73.81011188933394,415.56588811066604
525,525,244,High,45.0,275.6222222222222,95.48923996710283,84.64374228801654,466.6007021564279
525,525,244,Low,74.0,181.66216216216216,45.250074404548535,91.16201335306509,272.1623109712592
525,525,244,Medium,125.0,244.688,85.43894405533302,73.81011188933394,415.56588811066604
526,526,244,High,45.0,275.6222222222222,95.48923996710283,84.64374228801654,466.6007021564279
526,526,244,Low,74.0,181.66216216216216,45.250074404548535,91.16201335306509,272.1623109712592
526,526,244,Medium,125.0,244.688,85.43894405533302,73.81011188933394,415.56588811066604
527,527,247,High,45.0,275.6222222222222,95.48923996710283,84.64374228801654,466.6007021564279
527,527,247,Low,75.0,181.42666666666668,44.98954032593286,91.44758601480096,271.4057473185324
527,527,247,Medium,127.0,244.07874015748033,84.99165283937275,74.09543447873483,414.0620458362258
528,528,247,High,45.0,275.6222222222222,95.48923996710283,84.64374228801654,466.6007021564279
528,528,247,Low,75.0,181.42666666666668,44.98954032593286,91.44758601480096,271.4057473185324
528,528,247,Medium,127.0,244.07874015748033,84.99165283937275,74.09543447873483,414.0620458362258
529,529,247,High,45.0,275.6222222222222,95.48923996710283,84.64374228801654,466.6007021564279
529,529,247,Low,75.0,181.42666666666668,44.98954032593286,91.44758601480096,271.4057473185324
529,529,247,Medium,127.0,244.07874015748033,84.99165283937275,74.09543447873483,414.0620458362258
530,530,248,High,45.0,275.6222222222222,95.48923996710283,84.64374228801654,466.6007021564279
530,530,248,Low,75.0,181.42666666666668,44.98954032593286,91.44758601480096,271.4057473185324
530,530,248,Medium,128.0,244.03125,84.65808373529539,74.71508252940922,413.3474174705908
531,531,249,High,46.0,279.0652173913044,97.26696416996154,84.5312890513813,473.59914573122745
531,531,249,Low,75.0,181.42666666666668,44.98954032593286,91.44758601480096,271.4057473185324
531,531,249,Medium,128.0,244.03125,84.65808373529539,74.71508252940922,413.3474174705908
532,532,249,High,46.0,279.0652173913044,97.26696416996154,84.5312890513813,473.59914573122745
532,532,249,Low,75.0,181.42666666666668,44.98954032593286,91.44758601480096,271.4057473185324
532,532,249,Medium,128.0,244.03125,84.65808373529539,74.71508252940922,413.3474174705908
533,533,250,High,47.0,279.59574468085106,96.27263360632976,87.05047746819153,472.1410118935106
533,533,250,Low,75.0,181.42666666666668,44.98954032593286,91.44758601480096,271.4057473185324
533,533,250,Medium,128.0,244.03125,84.65808373529539,74.71508252940922,413.3474174705908
534,534,250,High,47.0,279.59574468085106,96.27263360632976,87.05047746819153,472.1410118935106
534,534,250,Low,75.0,181.42666666666668,44.98954032593286,91.44758601480096,271.4057473185324
534,534,250,Medium,128.0,244.03125,84.65808373529539,74.71508252940922,413.3474174705908
535,535,250,High,47.0,279.59574468085106,96.27263360632976,87.05047746819153,472.1410118935106
535,535,250,Low,75.0,181.42666666666668,44.98954032593286,91.44758601480096,271.4057473185324
535,535,250,Medium,128.0,244.03125,84.65808373529539,74.71508252940922,413.3474174705908
536,536,251,High,48.0,280.375,95.39584383649321,89.58331232701357,471.1666876729864
536,536,251,Low,75.0,181.42666666666668,44.98954032593286,91.44758601480096,271.4057473185324
536,536,251,Medium,128.0,244.03125,84.65808373529539,74.71508252940922,413.3474174705908
537,537,251,High,48.0,280.375,95.39584383649321,89.58331232701357,471.1666876729864
537,537,251,Low,75.0,181.42666666666668,44.98954032593286,91.44758601480096,271.4057473185324
537,537,251,Medium,128.0,244.03125,84.65808373529539,74.71508252940922,413.3474174705908
538,538,252,High,48.0,280.375,95.39584383649321,89.58331232701357,471.1666876729864
538,538,252,Low,75.0,181.42666666666668,44.98954032593286,91.44758601480096,271.4057473185324
538,538,252,Medium,129.0,244.96899224806202,84.99668541188974,74.97562142428254,414.96236307184154
539,539,253,High,48.0,280.375,95.39584383649321,89.58331232701357,471.1666876729864
539,539,253,Low,76.0,182.25,45.26135216716354,91.72729566567293,272.77270433432705
539,539,253,Medium,129.0,244.96899224806202,84.99668541188974,74.97562142428254,414.96236307184154
540,540,255,High,48.0,280.375,95.39584383649321,89.58331232701357,471.1666876729864
540,540,255,Low,76.0,182.25,45.26135216716354,91.72729566567293,272.77270433432705
540,540,255,Medium,131.0,243.76335877862596,85.15269832312273,73.45796213238049,414.0687554248714
541,541,255,High,48.0,280.375,95.39584383649321,89.58331232701357,471.1666876729864
541,541,255,Low,76.0,182.25,45.26135216716354,91.72729566567293,272.77270433432705
541,541,255,Medium,131.0,243.76335877862596,85.15269832312273,73.45796213238049,414.0687554248714
542,542,257,High,48.0,280.375,95.39584383649321,89.58331232701357,471.1666876729864
542,542,257,Low,76.0,182.25,45.26135216716354,91.72729566567293,272.77270433432705
542,542,257,Medium,133.0,244.27067669172934,84.61204941588878,75.04657785995178,413.49477552350686
543,543,257,High,48.0,280.375,95.39584383649321,89.58331232701357,471.1666876729864
543,543,257,Low,76.0,182.25,45.26135216716354,91.72729566567293,272.77270433432705
543,543,257,Medium,133.0,244.27067669172934,84.61204941588878,75.04657785995178,413.49477552350686
544,544,257,High,48.0,280.375,95.39584383649321,89.58331232701357,471.1666876729864
544,544,257,Low,76.0,182.25,45.26135216716354,91.72729566567293,272.77270433432705
544,544,257,Medium,133.0,244.27067669172934,84.61204941588878,75.04657785995178,413.49477552350686
545,545,259,High,49.0,277.0408163265306,97.23938656388023,82.56204319877014,471.51958945429107
545,545,259,Low,76.0,182.25,45.26135216716354,91.72729566567293,272.77270433432705
545,545,259,Medium,134.0,245.20149253731344,84.97923495593163,75.24302262545018,415.1599624491767
546,546,261,High,49.0,277.0408163265306,97.23938656388023,82.56204319877014,471.51958945429107
546,546,261,Low,78.0,182.66666666666666,44.85464740625427,92.95737185415811,272.3759614791752
546,546,261,Medium,134.0,245.20149253731344,84.97923495593163,75.24302262545018,415.1599624491767
547,547,261,High,49.0,277.0408163265306,97.23938656388023,82.56204319877014,471.51958945429107
547,547,261,Low,78.0,182.66666666666666,44.85464740625427,92.95737185415811,272.3759614791752
547,547,261,Medium,134.0,245.20149253731344,84.97923495593163,75.24302262545018,415.1599624491767
548,548,263,High,49.0,277.0408163265306,97.23938656388023,82.56204319877014,471.51958945429107
548,548,263,Low,79.0,182.77215189873417,44.57605122423767,93.62004945025882,271.9242543472095
548,548,263,Medium,135.0,244.94074074074075,84.71574621145486,75.50924831783104,414.37223316365044
549,549,263,High,49.0,277.0408163265306,97.23938656388023,82.56204319877014,471.51958945429107
549,549,263,Low,79.0,182.77215189873417,44.57605122423767,93.62004945025882,271.9242543472095
549,549,263,Medium,135.0,244.94074074074075,84.71574621145486,75.50924831783104,414.37223316365044
550,550,263,High,49.0,277.0408163265306,97.23938656388023,82.56204319877014,471.51958945429107
550,550,263,Low,79.0,182.77215189873417,44.57605122423767,93.62004945025882,271.9242543472095
550,550,263,Medium,135.0,244.94074074074075,84.71574621145486,75.50924831783104,414.37223316365044
551,551,263,High,49.0,277.0408163265306,97.23938656388023,82.56204319877014,471.51958945429107
551,551,263,Low,79.0,182.77215189873417,44.57605122423767,93.62004945025882,271.9242543472095
551,551,263,Medium,135.0,244.94074074074075,84.71574621145486,75.50924831783104,414.37223316365044
552,552,266,High,50.0,279.76,98.1439093310202,83.4721813379596,476.0478186620404
552,552,266,Low,80.0,182.75,44.293468958809974,94.16306208238005,271.33693791761993
552,552,266,Medium,136.0,245.5735294117647,84.72339589886708,76.12673761403053,415.0203212094989
553,553,266,High,50.0,279.76,98.1439093310202,83.4721813379596,476.0478186620404
553,553,266,Low,80.0,182.75,44.293468958809974,94.16306208238005,271.33693791761993
553,553,266,Medium,136.0,245.5735294117647,84.72339589886708,76.12673761403053,415.0203212094989
554,554,266,High,50.0,279.76,98.1439093310202,83.4721813379596,476.0478186620404
554,554,266,Low,80.0,182.75,44.293468958809974,94.16306208238005,271.33693791761993
554,554,266,Medium,136.0,245.5735294117647,84.72339589886708,76.12673761403053,415.0203212094989
555,555,268,High,50.0,279.76,98.1439093310202,83.4721813379596,476.0478186620404
555,555,268,Low,80.0,182.75,44.293468958809974,94.16306208238005,271.33693791761993
555,555,268,Medium,138.0,245.2173913043478,84.62797410965335,75.96144308504111,414.47333952365454
556,556,270,High,51.0,278.03921568627453,97.93160078020041,82.1760141258737,473.9024172466753
556,556,270,Low,80.0,182.75,44.293468958809974,94.16306208238005,271.33693791761993
556,556,270,Medium,139.0,245.76258992805757,84.56543497933225,76.63171996939306,414.8934598867221
557,557,271,High,52.0,282.38461538461536,101.90405980986002,78.57649576489533,486.1927350043354
557,557,271,Low,80.0,182.75,44.293468958809974,94.16306208238005,271.33693791761993
557,557,271,Medium,139.0,245.76258992805757,84.56543497933225,76.63171996939306,414.8934598867221
558,558,273,High,52.0,282.38461538461536,101.90405980986002,78.57649576489533,486.1927350043354
558,558,273,Low,81.0,182.59259259259258,44.03855633924032,94.51547991411194,270.6697052710732
558,558,273,Medium,140.0,245.9857142857143,84.30204224586886,77.38162979397657,414.589798777452
559,559,273,High,52.0,282.38461538461536,101.90405980986002,78.57649576489533,486.1927350043354
559,559,273,Low,81.0,182.59259259259258,44.03855633924032,94.51547991411194,270.6697052710732
559,559,273,Medium,140.0,245.9857142857143,84.30204224586886,77.38162979397657,414.589798777452
560,560,275,High,54.0,288.55555555555554,106.24014567694789,76.07526420165976,501.0358469094513
560,560,275,Low,81.0,182.59259259259258,44.03855633924032,94.51547991411194,270.6697052710732
560,560,275,Medium,140.0,245.9857142857143,84.30204224586886,77.38162979397657,414.589798777452
561,561,275,High,54.0,288.55555555555554,106.24014567694789,76.07526420165976,501.0358469094513
561,561,275,Low,81.0,182.59259259259258,44.03855633924032,94.51547991411194,270.6697052710732
561,561,275,Medium,140.0,245.9857142857143,84.30204224586886,77.38162979397657,414.589798777452
562,562,276,High,54.0,288.55555555555554,106.24014567694789,76.07526420165976,501.0358469094513
562,562,276,Low,81.0,182.59259259259258,44.03855633924032,94.51547991411194,270.6697052710732
562,562,276,Medium,141.0,245.9787234042553,84.00046497193645,77.9777934603824,413.9796533481282
563,563,278,High,54.0,288.55555555555554,106.24014567694789,76.07526420165976,501.0358469094513
563,563,278,Low,81.0,182.59259259259258,44.03855633924032,94.51547991411194,270.6697052710732
563,563,278,Medium,143.0,247.2237762237762,84.26487577790088,78.69402466797445,415.753527779578
564,564,278,High,54.0,288.55555555555554,106.24014567694789,76.07526420165976,501.0358469094513
564,564,278,Low,81.0,182.59259259259258,44.03855633924032,94.51547991411194,270.6697052710732
564,564,278,Medium,143.0,247.2237762237762,84.26487577790088,78.69402466797445,415.753527779578
565,565,279,High,55.0,292.2181818181818,108.70035110323391,74.81747961171396,509.6188840246496
565,565,279,Low,81.0,182.59259259259258,44.03855633924032,94.51547991411194,270.6697052710732
565,565,279,Medium,143.0,247.2237762237762,84.26487577790088,78.69402466797445,415.753527779578
566,566,281,High,55.0,292.2181818181818,108.70035110323391,74.81747961171396,509.6188840246496
566,566,281,Low,82.0,182.15853658536585,43.942012718838846,94.27451114768816,270.04256202304356
566,566,281,Medium,144.0,247.89583333333334,84.35611482513647,79.1836036830604,416.60806298360626
567,567,283,High,56.0,293.6607142857143,108.24723834994413,77.16623758582602,510.15519098560253
567,567,283,Low,83.0,181.16867469879517,44.59460190374911,91.97947089129696,270.3578785062934
567,567,283,Medium,144.0,247.89583333333334,84.35611482513647,79.1836036830604,416.60806298360626
568,568,284,High,56.0,293.6607142857143,108.24723834994413,77.16623758582602,510.15519098560253
568,568,284,Low,83.0,181.16867469879517,44.59460190374911,91.97947089129696,270.3578785062934
568,568,284,Medium,145.0,248.4,84.28163764690647,79.83672470618706,416.96327529381296
569,569,284,High,56.0,293.6607142857143,108.24723834994413,77.16623758582602,510.15519098560253
569,569,284,Low,83.0,181.16867469879517,44.59460190374911,91.97947089129696,270.3578785062934
569,569,284,Medium,145.0,248.4,84.28163764690647,79.83672470618706,416.96327529381296
570,570,285,High,56.0,293.6607142857143,108.24723834994413,77.16623758582602,510.15519098560253
570,570,285,Low,83.0,181.16867469879517,44.59460190374911,91.97947089129696,270.3578785062934
570,570,285,Medium,146.0,248.17808219178082,84.03330086476241,80.111480462256,416.24468392130564
571,571,287,High,56.0,293.6607142857143,108.24723834994413,77.16623758582602,510.15519098560253
571,571,287,Low,84.0,181.14285714285714,44.32577722587773,92.49130269110168,269.7944115946126
571,571,287,Medium,147.0,248.2517006802721,83.7497776351507,80.7521454099707,415.7512559505735
572,572,289,High,57.0,296.2631578947368,109.06084905681087,78.14145978111509,514.3848560083586
572,572,289,Low,84.0,181.14285714285714,44.32577722587773,92.49130269110168,269.7944115946126
572,572,289,Medium,148.0,249.34459459459458,84.51677069319416,80.31105320820626,418.3781359809829
573,573,290,High,57.0,296.2631578947368,109.06084905681087,78.14145978111509,514.3848560083586
573,573,290,Low,84.0,181.14285714285714,44.32577722587773,92.49130269110168,269.7944115946126
573,573,290,Medium,149.0,250.48993288590603,85.38312839305348,79.72367609979906,421.25618967201297
574,574,291,High,57.0,296.2631578947368,109.06084905681087,78.14145978111509,514.3848560083586
574,574,291,Low,84.0,181.14285714285714,44.32577722587773,92.49130269110168,269.7944115946126
574,574,291,Medium,150.0,251.05333333333334,85.37542725760346,80.30247881812642,421.80418784854027
575,575,291,High,57.0,296.2631578947368,109.06084905681087,78.14145978111509,514.3848560083586
575,575,291,Low,84.0,181.14285714285714,44.32577722587773,92.49130269110168,269.7944115946126
575,575,291,Medium,150.0,251.05333333333334,85.37542725760346,80.30247881812642,421.80418784854027
576,576,292,High,57.0,296.2631578947368,109.06084905681087,78.14145978111509,514.3848560083586
576,576,292,Low,84.0,181.14285714285714,44.32577722587773,92.49130269110168,269.7944115946126
576,576,292,Medium,151.0,250.91390728476821,85.10761347825867,80.69868032825087,421.12913424128556
577,577,293,High,57.0,296.2631578947368,109.06084905681087,78.14145978111509,514.3848560083586
577,577,293,Low,84.0,181.14285714285714,44.32577722587773,92.49130269110168,269.7944115946126
577,577,293,Medium,152.0,251.7434210526316,85.43961088832681,80.86419927597797,422.6226428292852
578,578,295,High,58.0,296.7586206896552,108.16577763181714,80.4270654260209,513.0901759532894
578,578,295,Low,84.0,181.14285714285714,44.32577722587773,92.49130269110168,269.7944115946126
578,578,295,Medium,153.0,251.3856209150327,85.2730231438536,80.83957462732548,421.9316672027399
579,579,297,High,59.0,297.6101694915254,107.42856759809132,82.75303429534279,512.4673046877081
579,579,297,Low,85.0,181.14117647058825,44.06114607948294,93.01888431162237,269.26346862955415
579,579,297,Medium,153.0,251.3856209150327,85.2730231438536,80.83957462732548,421.9316672027399
580,580,297,High,59.0,297.6101694915254,107.42856759809132,82.75303429534279,512.4673046877081
580,580,297,Low,85.0,181.14117647058825,44.06114607948294,93.01888431162237,269.26346862955415
580,580,297,Medium,153.0,251.3856209150327,85.2730231438536,80.83957462732548,421.9316672027399
581,581,299,High,59.0,297.6101694915254,107.42856759809132,82.75303429534279,512.4673046877081
581,581,299,Low,85.0,181.14117647058825,44.06114607948294,93.01888431162237,269.26346862955415
581,581,299,Medium,155.0,251.54193548387096,84.73551201373353,82.0709114564039,421.012959511338
582,582,299,High,59.0,297.6101694915254,107.42856759809132,82.75303429534279,512.4673046877081
582,582,299,Low,85.0,181.14117647058825,44.06114607948294,93.01888431162237,269.26346862955415
582,582,299,Medium,155.0,251.54193548387096,84.73551201373353,82.0709114564039,421.012959511338
583,583,301,High,61.0,297.4590163934426,105.83045777256058,85.79810084832144,509.11993193856375
583,583,301,Low,85.0,181.14117647058825,44.06114607948294,93.01888431162237,269.26346862955415
583,583,301,Medium,155.0,251.54193548387096,84.73551201373353,82.0709114564039,421.012959511338
584,584,301,High,61.0,297.4590163934426,105.83045777256058,85.79810084832144,509.11993193856375
584,584,301,Low,85.0,181.14117647058825,44.06114607948294,93.01888431162237,269.26346862955415
584,584,301,Medium,155.0,251.54193548387096,84.73551201373353,82.0709114564039,421.012959511338
585,585,302,High,61.0,297.4590163934426,105.83045777256058,85.79810084832144,509.11993193856375
585,585,302,Low,85.0,181.14117647058825,44.06114607948294,93.01888431162237,269.26346862955415
585,585,302,Medium,156.0,251.80128205128204,84.5238214081836,82.75363923491486,420.8489248676492
586,586,304,High,63.0,300.5079365079365,105.59965069221813,89.30863512350024,511.70723789237275
586,586,304,Low,85.0,181.14117647058825,44.06114607948294,93.01888431162237,269.26346862955415
586,586,304,Medium,156.0,251.80128205128204,84.5238214081836,82.75363923491486,420.8489248676492
587,587,307,High,64.0,301.765625,105.2402756790384,91.28507364192319,512.2461763580768
587,587,307,Low,85.0,181.14117647058825,44.06114607948294,93.01888431162237,269.26346862955415
587,587,307,Medium,158.0,251.8227848101266,87.43510925851777,76.95256629309105,426.69300332716216
588,588,309,High,64.0,301.765625,105.2402756790384,91.28507364192319,512.2461763580768
588,588,309,Low,85.0,181.14117647058825,44.06114607948294,93.01888431162237,269.26346862955415
588,588,309,Medium,160.0,251.98125,87.32859019298517,77.32406961402964,426.6384303859703
589,589,310,High,64.0,301.765625,105.2402756790384,91.28507364192319,512.2461763580768
589,589,310,Low,85.0,181.14117647058825,44.06114607948294,93.01888431162237,269.26346862955415
589,589,310,Medium,161.0,252.0310559006211,87.05755440800706,77.91594708460698,426.1461647166352
590,590,311,High,64.0,301.765625,105.2402756790384,91.28507364192319,512.2461763580768
590,590,311,Low,86.0,181.03488372093022,43.81228612922033,93.41031146248956,268.6594559793709
590,590,311,Medium,161.0,252.0310559006211,87.05755440800706,77.91594708460698,426.1461647166352
591,591,313,High,64.0,301.765625,105.2402756790384,91.28507364192319,512.2461763580768
591,591,313,Low,87.0,180.9655172413793,43.56162389285825,93.8422694556628,268.0887650270958
591,591,313,Medium,162.0,251.76543209876544,86.85259470836846,78.06024268202853,425.47062151550233
592,592,317,High,64.0,301.765625,105.2402756790384,91.28507364192319,512.2461763580768
592,592,317,Low,88.0,180.85227272727272,43.323572668910025,94.20512738945267,267.49941806509275
592,592,317,Medium,165.0,251.20606060606062,86.32768660887547,78.55068738830968,423.8614338238116
593,593,319,High,64.0,301.765625,105.2402756790384,91.28507364192319,512.2461763580768
593,593,319,Low,89.0,181.6629213483146,43.75031008207639,94.16230118416182,269.16354151246736
593,593,319,Medium,166.0,253.0120481927711,89.15563429581202,74.70077960114705,431.32331678439516
594,594,319,High,64.0,301.765625,105.2402756790384,91.28507364192319,512.2461763580768
594,594,319,Low,89.0,181.6629213483146,43.75031008207639,94.16230118416182,269.16354151246736
594,594,319,Medium,166.0,253.0120481927711,89.15563429581202,74.70077960114705,431.32331678439516
595,595,320,High,65.0,302.44615384615383,104.55889948511539,93.32835487592305,511.5639528163846
595,595,320,Low,89.0,181.6629213483146,43.75031008207639,94.16230118416182,269.16354151246736
595,595,320,Medium,166.0,253.0120481927711,89.15563429581202,74.70077960114705,431.32331678439516
596,596,322,High,65.0,302.44615384615383,104.55889948511539,93.32835487592305,511.5639528163846
596,596,322,Low,89.0,181.6629213483146,43.75031008207639,94.16230118416182,269.16354151246736
596,596,322,Medium,168.0,251.5595238095238,89.61024738108934,72.33902904734512,430.7800185717025
597,597,322,High,65.0,302.44615384615383,104.55889948511539,93.32835487592305,511.5639528163846
597,597,322,Low,89.0,181.6629213483146,43.75031008207639,94.16230118416182,269.16354151246736
597,597,322,Medium,168.0,251.5595238095238,89.61024738108934,72.33902904734512,430.7800185717025
598,598,323,High,65.0,302.44615384615383,104.55889948511539,93.32835487592305,511.5639528163846
598,598,323,Low,89.0,181.6629213483146,43.75031008207639,94.16230118416182,269.16354151246736
598,598,323,Medium,169.0,252.3491124260355,89.93087300171379,72.48736642260792,432.2108584294631
599,599,324,High,65.0,302.44615384615383,104.55889948511539,93.32835487592305,511.5639528163846
599,599,324,Low,90.0,181.93333333333334,43.5793993182997,94.77453469673394,269.0921319699327
599,599,324,Medium,169.0,252.3491124260355,89.93087300171379,72.48736642260792,432.2108584294631
600,600,327,High,65.0,302.44615384615383,104.55889948511539,93.32835487592305,511.5639528163846
600,600,327,Low,91.0,181.9120879120879,43.337089158171395,95.23790959574512,268.5862662284307
600,600,327,Medium,171.0,253.5672514619883,90.18060234258633,73.20604677681564,433.92845614716094
601,601,330,High,67.0,301.6119402985075,103.29157835128389,95.0287835959397,508.1950970010753
601,601,330,Low,92.0,181.6304347826087,43.18290193570953,95.26463091118963,267.99623865402776
601,601,330,Medium,171.0,253.5672514619883,90.18060234258633,73.20604677681564,433.92845614716094
602,602,331,High,68.0,301.6470588235294,102.51825679504603,96.61054523343734,506.68357241362145
602,602,331,Low,92.0,181.6304347826087,43.18290193570953,95.26463091118963,267.99623865402776
602,602,331,Medium,171.0,253.5672514619883,90.18060234258633,73.20604677681564,433.92845614716094
603,603,331,High,68.0,301.6470588235294,102.51825679504603,96.61054523343734,506.68357241362145
603,603,331,Low,92.0,181.6304347826087,43.18290193570953,95.26463091118963,267.99623865402776
603,603,331,Medium,171.0,253.5672514619883,90.18060234258633,73.20604677681564,433.92845614716094
604,604,333,High,68.0,301.6470588235294,102.51825679504603,96.61054523343734,506.68357241362145
604,604,333,Low,94.0,181.82978723404256,43.38713904330229,95.05550914743797,268.6040653206471
604,604,333,Medium,171.0,253.5672514619883,90.18060234258633,73.20604677681564,433.92845614716094
605,605,335,High,68.0,301.6470588235294,102.51825679504603,96.61054523343734,506.68357241362145
605,605,335,Low,94.0,181.82978723404256,43.38713904330229,95.05550914743797,268.6040653206471
605,605,335,Medium,173.0,253.68208092485548,89.7382341335733,74.20561265770888,433.15854919200206
606,606,335,High,68.0,301.6470588235294,102.51825679504603,96.61054523343734,506.68357241362145
606,606,335,Low,94.0,181.82978723404256,43.38713904330229,95.05550914743797,268.6040653206471
606,606,335,Medium,173.0,253.68208092485548,89.7382341335733,74.20561265770888,433.15854919200206
607,607,335,High,68.0,301.6470588235294,102.51825679504603,96.61054523343734,506.68357241362145
607,607,335,Low,94.0,181.82978723404256,43.38713904330229,95.05550914743797,268.6040653206471
607,607,335,Medium,173.0,253.68208092485548,89.7382341335733,74.20561265770888,433.15854919200206
608,608,336,High,68.0,301.6470588235294,102.51825679504603,96.61054523343734,506.68357241362145
608,608,336,Low,94.0,181.82978723404256,43.38713904330229,95.05550914743797,268.6040653206471
608,608,336,Medium,174.0,253.82183908045977,89.49748848517004,74.82686211011969,432.81681605079984
609,609,338,High,69.0,302.0144927536232,101.80741518608198,98.39966238145922,505.62932312578715
609,609,338,Low,95.0,181.61052631578949,43.20862176002488,95.19328279573972,268.02776983583925
609,609,338,Medium,174.0,253.82183908045977,89.49748848517004,74.82686211011969,432.81681605079984
610,610,340,High,69.0,302.0144927536232,101.80741518608198,98.39966238145922,505.62932312578715
610,610,340,Low,96.0,180.66666666666666,43.96425980669841,92.73814705326984,268.59518628006344
610,610,340,Medium,175.0,254.03428571428572,89.28418384238418,75.46591802951735,432.6026533990541
611,611,340,High,69.0,302.0144927536232,101.80741518608198,98.39966238145922,505.62932312578715
611,611,340,Low,96.0,180.66666666666666,43.96425980669841,92.73814705326984,268.59518628006344
611,611,340,Medium,175.0,254.03428571428572,89.28418384238418,75.46591802951735,432.6026533990541
612,612,341,High,69.0,302.0144927536232,101.80741518608198,98.39966238145922,505.62932312578715
612,612,341,Low,96.0,180.66666666666666,43.96425980669841,92.73814705326984,268.59518628006344
612,612,341,Medium,176.0,254.67613636363637,89.43500560335822,75.80612515691993,433.5461475703528
613,613,342,High,69.0,302.0144927536232,101.80741518608198,98.39966238145922,505.62932312578715
613,613,342,Low,96.0,180.66666666666666,43.96425980669841,92.73814705326984,268.59518628006344
613,613,342,Medium,177.0,254.78531073446328,89.19239425024078,76.40052223398172,433.1700992349448
614,614,342,High,69.0,302.0144927536232,101.80741518608198,98.39966238145922,505.62932312578715
614,614,342,Low,96.0,180.66666666666666,43.96425980669841,92.73814705326984,268.59518628006344
614,614,342,Medium,177.0,254.78531073446328,89.19239425024078,76.40052223398172,433.1700992349448
615,615,342,High,69.0,302.0144927536232,101.80741518608198,98.39966238145922,505.62932312578715
615,615,342,Low,96.0,180.66666666666666,43.96425980669841,92.73814705326984,268.59518628006344
615,615,342,Medium,177.0,254.78531073446328,89.19239425024078,76.40052223398172,433.1700992349448
616,616,342,High,69.0,302.0144927536232,101.80741518608198,98.39966238145922,505.62932312578715
616,616,342,Low,96.0,180.66666666666666,43.96425980669841,92.73814705326984,268.59518628006344
616,616,342,Medium,177.0,254.78531073446328,89.19239425024078,76.40052223398172,433.1700992349448
617,617,342,High,69.0,302.0144927536232,101.80741518608198,98.39966238145922,505.62932312578715
617,617,342,Low,96.0,180.66666666666666,43.96425980669841,92.73814705326984,268.59518628006344
617,617,342,Medium,177.0,254.78531073446328,89.19239425024078,76.40052223398172,433.1700992349448
618,618,347,High,69.0,302.0144927536232,101.80741518608198,98.39966238145922,505.62932312578715
618,618,347,Low,98.0,180.81632653061226,43.7064592029282,93.40340812475586,268.22924493646866
618,618,347,Medium,180.0,255.34444444444443,88.72469013388795,77.89506417666854,432.7938247122203
619,619,348,High,69.0,302.0144927536232,101.80741518608198,98.39966238145922,505.62932312578715
619,619,348,Low,98.0,180.81632653061226,43.7064592029282,93.40340812475586,268.22924493646866
619,619,348,Medium,181.0,255.51381215469613,88.50722555154002,78.49936105161609,432.5282632577762
620,620,351,High,70.0,300.9142857142857,101.48530883286851,97.94366804854869,503.8849033800227
620,620,351,Low,99.0,181.84848484848484,44.67921117193315,92.49006250461855,271.20690719235114
620,620,351,Medium,182.0,255.5879120879121,88.26805274187856,79.05180660415496,432.12401757166924
621,621,352,High,70.0,300.9142857142857,101.48530883286851,97.94366804854869,503.8849033800227
621,621,352,Low,99.0,181.84848484848484,44.67921117193315,92.49006250461855,271.20690719235114
621,621,352,Medium,183.0,256.344262295082,88.61787678019444,79.10850873469312,433.58001585547083
622,622,352,High,70.0,300.9142857142857,101.48530883286851,97.94366804854869,503.8849033800227
622,622,352,Low,99.0,181.84848484848484,44.67921117193315,92.49006250461855,271.20690719235114
622,622,352,Medium,183.0,256.344262295082,88.61787678019444,79.10850873469312,433.58001585547083
623,623,352,High,70.0,300.9142857142857,101.48530883286851,97.94366804854869,503.8849033800227
623,623,352,Low,99.0,181.84848484848484,44.67921117193315,92.49006250461855,271.20690719235114
623,623,352,Medium,183.0,256.344262295082,88.61787678019444,79.10850873469312,433.58001585547083
624,624,353,High,71.0,302.4788732394366,101.61662675467036,99.24561973009588,505.71212674877734
624,624,353,Low,99.0,181.84848484848484,44.67921117193315,92.49006250461855,271.20690719235114
624,624,353,Medium,183.0,256.344262295082,88.61787678019444,79.10850873469312,433.58001585547083
625,625,355,High,71.0,302.4788732394366,101.61662675467036,99.24561973009588,505.71212674877734
625,625,355,Low,100.0,181.36,44.72057353131437,91.91885293737127,270.80114706262873
625,625,355,Medium,184.0,256.54347826086956,88.41672480359163,79.7100286536863,433.3769278680528
626,626,357,High,72.0,301.09722222222223,101.57730140729944,97.94261940762334,504.2518250368211
626,626,357,Low,100.0,181.36,44.72057353131437,91.91885293737127,270.80114706262873
626,626,357,Medium,185.0,256.5135135135135,88.17707654068626,80.15936043214097,432.86766659488603
627,627,360,High,73.0,305.027397260274,106.31190648834786,92.40358428357825,517.6512102369697
627,627,360,Low,100.0,181.36,44.72057353131437,91.91885293737127,270.80114706262873
627,627,360,Medium,187.0,257.50267379679144,88.49210974677928,80.51845430323289,434.48689329035
628,628,362,High,73.0,305.027397260274,106.31190648834786,92.40358428357825,517.6512102369697
628,628,362,Low,101.0,181.4950495049505,44.51710317672887,92.46084315149275,270.5292558584082
628,628,362,Medium,188.0,256.5851063829787,89.14740656827647,78.29029324642579,434.87991951953165
629,629,362,High,73.0,305.027397260274,106.31190648834786,92.40358428357825,517.6512102369697
629,629,362,Low,101.0,181.4950495049505,44.51710317672887,92.46084315149275,270.5292558584082
629,629,362,Medium,188.0,256.5851063829787,89.14740656827647,78.29029324642579,434.87991951953165
630,630,363,High,73.0,305.027397260274,106.31190648834786,92.40358428357825,517.6512102369697
630,630,363,Low,101.0,181.4950495049505,44.51710317672887,92.46084315149275,270.5292558584082
630,630,363,Medium,189.0,256.2010582010582,89.06662459022195,78.06780902061428,434.3343073815021
631,631,365,High,73.0,305.027397260274,106.31190648834786,92.40358428357825,517.6512102369697
631,631,365,Low,102.0,181.73529411764707,44.36257598395791,93.01014214973125,270.4604460855629
631,631,365,Medium,190.0,256.4789473684211,88.91323324739206,78.65248087363696,434.3054138632052
632,632,369,High,73.0,305.027397260274,106.31190648834786,92.40358428357825,517.6512102369697
632,632,369,Low,104.0,181.3846153846154,44.16832491802498,93.04796554856543,269.7212652206654
632,632,369,Medium,192.0,257.5729166666667,89.15228982464396,79.26833701737877,435.8774963159546
633,633,370,High,73.0,305.027397260274,106.31190648834786,92.40358428357825,517.6512102369697
633,633,370,Low,104.0,181.3846153846154,44.16832491802498,93.04796554856543,269.7212652206654
633,633,370,Medium,193.0,257.91709844559585,89.04828610480831,79.82052623597923,436.0136706552125
634,634,371,High,73.0,305.027397260274,106.31190648834786,92.40358428357825,517.6512102369697
634,634,371,Low,104.0,181.3846153846154,44.16832491802498,93.04796554856543,269.7212652206654
634,634,371,Medium,194.0,258.19072164948454,88.89902122994565,80.39267918959325,435.98876410937584
635,635,374,High,73.0,305.027397260274,106.31190648834786,92.40358428357825,517.6512102369697
635,635,374,Low,105.0,182.26666666666668,44.87509731437202,92.51647203792264,272.0168612954107
635,635,374,Medium,196.0,257.6224489795918,88.62013608147952,80.38217681663278,434.86272114255087
636,636,375,High,73.0,305.027397260274,106.31190648834786,92.40358428357825,517.6512102369697
636,636,375,Low,105.0,182.26666666666668,44.87509731437202,92.51647203792264,272.0168612954107
636,636,375,Medium,197.0,257.1827411167513,88.6089615555794,79.96481800559249,434.40066422791006
637,637,378,High,73.0,305.027397260274,106.31190648834786,92.40358428357825,517.6512102369697
637,637,378,Low,105.0,182.26666666666668,44.87509731437202,92.51647203792264,272.0168612954107
637,637,378,Medium,200.0,257.015,88.3130838488526,80.38883230229479,433.6411676977052
638,638,379,High,73.0,305.027397260274,106.31190648834786,92.40358428357825,517.6512102369697
638,638,379,Low,105.0,182.26666666666668,44.87509731437202,92.51647203792264,272.0168612954107
638,638,379,Medium,201.0,256.7412935323383,88.17745027113456,80.3863929900692,433.0961940746074
639,639,380,High,74.0,303.0,107.01196962880191,88.97606074239619,517.0239392576038
639,639,380,Low,105.0,182.26666666666668,44.87509731437202,92.51647203792264,272.0168612954107
639,639,380,Medium,201.0,256.7412935323383,88.17745027113456,80.3863929900692,433.0961940746074
640,640,380,High,74.0,303.0,107.01196962880191,88.97606074239619,517.0239392576038
640,640,380,Low,105.0,182.26666666666668,44.87509731437202,92.51647203792264,272.0168612954107
640,640,380,Medium,201.0,256.7412935323383,88.17745027113456,80.3863929900692,433.0961940746074
641,641,382,High,74.0,303.0,107.01196962880191,88.97606074239619,517.0239392576038
641,641,382,Low,106.0,182.76415094339623,44.95363789225992,92.85687515887639,272.67142672791607
641,641,382,Medium,202.0,256.3514851485148,88.13213859600113,80.08720795651257,432.6157623405171
642,642,385,High,74.0,303.0,107.01196962880191,88.97606074239619,517.0239392576038
642,642,385,Low,106.0,182.76415094339623,44.95363789225992,92.85687515887639,272.67142672791607
642,642,385,Medium,205.0,256.52682926829266,88.22728843005828,80.0722524081761,432.9814061284092
643,643,387,High,75.0,303.26666666666665,106.31154285468796,90.64358095729074,515.8897523760426
643,643,387,Low,106.0,182.76415094339623,44.95363789225992,92.85687515887639,272.67142672791607
643,643,387,Medium,206.0,256.6116504854369,88.02025631717196,80.57113785109297,432.65216311978077
644,644,390,High,76.0,303.85526315789474,105.72501488261814,92.40523339265846,515.305292923131
644,644,390,Low,107.0,183.17757009345794,44.94500057913804,93.28756893518187,273.067571251734
644,644,390,Medium,207.0,256.7536231884058,87.83011057824882,81.09340203190817,432.41384434490345
645,645,391,High,76.0,303.85526315789474,105.72501488261814,92.40523339265846,515.305292923131
645,645,391,Low,107.0,183.17757009345794,44.94500057913804,93.28756893518187,273.067571251734
645,645,391,Medium,208.0,256.9807692307692,87.67892467001107,81.62291989074708,432.33861857079137
646,646,393,High,76.0,303.85526315789474,105.72501488261814,92.40523339265846,515.305292923131
646,646,393,Low,108.0,182.7037037037037,45.00472649305988,92.69425071758394,272.71315668982345
646,646,393,Medium,209.0,257.1244019138756,87.49254818681588,82.13930554024384,432.10949828750734
647,647,394,High,76.0,303.85526315789474,105.72501488261814,92.40523339265846,515.305292923131
647,647,394,Low,108.0,182.7037037037037,45.00472649305988,92.69425071758394,272.71315668982345
647,647,394,Medium,210.0,257.35238095238094,87.34548691954855,82.66140711328384,432.043354791478
648,648,395,High,76.0,303.85526315789474,105.72501488261814,92.40523339265846,515.305292923131
648,648,395,Low,108.0,182.7037037037037,45.00472649305988,92.69425071758394,272.71315668982345
648,648,395,Medium,211.0,256.7914691943128,87.51736765445196,81.75673388540889,431.82620450321673
649,649,397,High,76.0,303.85526315789474,105.72501488261814,92.40523339265846,515.305292923131
649,649,397,Low,108.0,182.7037037037037,45.00472649305988,92.69425071758394,272.71315668982345
649,649,397,Medium,213.0,257.9530516431925,87.92083517092507,82.11138130134236,433.79472198504266
650,650,397,High,76.0,303.85526315789474,105.72501488261814,92.40523339265846,515.305292923131
650,650,397,Low,108.0,182.7037037037037,45.00472649305988,92.69425071758394,272.71315668982345
650,650,397,Medium,213.0,257.9530516431925,87.92083517092507,82.11138130134236,433.79472198504266
651,651,398,High,76.0,303.85526315789474,105.72501488261814,92.40523339265846,515.305292923131
651,651,398,Low,108.0,182.7037037037037,45.00472649305988,92.69425071758394,272.71315668982345
651,651,398,Medium,214.0,258.61682242990656,88.25003370011594,82.11675502967469,435.11688983013846
652,652,400,High,78.0,306.61538461538464,106.5917360858627,93.43191244365923,519.79885678711
652,652,400,Low,108.0,182.7037037037037,45.00472649305988,92.69425071758394,272.71315668982345
652,652,400,Medium,214.0,258.61682242990656,88.25003370011594,82.11675502967469,435.11688983013846
653,653,402,High,78.0,306.61538461538464,106.5917360858627,93.43191244365923,519.79885678711
653,653,402,Low,109.0,182.39449541284404,44.91205776160698,92.57037988963008,272.218610936058
653,653,402,Medium,215.0,258.4697674418605,88.07000066027476,82.32976612131097,434.60976876241
654,654,403,High,79.0,307.32911392405066,106.0960766232467,95.13696067755725,519.5212671705441
654,654,403,Low,109.0,182.39449541284404,44.91205776160698,92.57037988963008,272.218610936058
654,654,403,Medium,215.0,258.4697674418605,88.07000066027476,82.32976612131097,434.60976876241
655,655,405,High,79.0,307.32911392405066,106.0960766232467,95.13696067755725,519.5212671705441
655,655,405,Low,110.0,182.36363636363637,44.70673599734473,92.95016436894691,271.77710835832585
655,655,405,Medium,216.0,258.9074074074074,88.10005274523004,82.7073019169473,435.1075128978675
656,656,406,High,79.0,307.32911392405066,106.0960766232467,95.13696067755725,519.5212671705441
656,656,406,Low,111.0,182.07207207207207,44.60894971593025,92.85417264021157,271.2899715039326
656,656,406,Medium,216.0,258.9074074074074,88.10005274523004,82.7073019169473,435.1075128978675
657,657,406,High,79.0,307.32911392405066,106.0960766232467,95.13696067755725,519.5212671705441
657,657,406,Low,111.0,182.07207207207207,44.60894971593025,92.85417264021157,271.2899715039326
657,657,406,Medium,216.0,258.9074074074074,88.10005274523004,82.7073019169473,435.1075128978675
658,658,406,High,79.0,307.32911392405066,106.0960766232467,95.13696067755725,519.5212671705441
658,658,406,Low,111.0,182.07207207207207,44.60894971593025,92.85417264021157,271.2899715039326
658,658,406,Medium,216.0,258.9074074074074,88.10005274523004,82.7073019169473,435.1075128978675
659,659,407,High,79.0,307.32911392405066,106.0960766232467,95.13696067755725,519.5212671705441
659,659,407,Low,111.0,182.07207207207207,44.60894971593025,92.85417264021157,271.2899715039326
659,659,407,Medium,217.0,259.5668202764977,88.43100682500055,82.7048066264966,436.4288339264988
660,660,407,High,79.0,307.32911392405066,106.0960766232467,95.13696067755725,519.5212671705441
660,660,407,Low,111.0,182.07207207207207,44.60894971593025,92.85417264021157,271.2899715039326
660,660,407,Medium,217.0,259.5668202764977,88.43100682500055,82.7048066264966,436.4288339264988
661,661,407,High,79.0,307.32911392405066,106.0960766232467,95.13696067755725,519.5212671705441
661,661,407,Low,111.0,182.07207207207207,44.60894971593025,92.85417264021157,271.2899715039326
661,661,407,Medium,217.0,259.5668202764977,88.43100682500055,82.7048066264966,436.4288339264988
662,662,407,High,79.0,307.32911392405066,106.0960766232467,95.13696067755725,519.5212671705441
662,662,407,Low,111.0,182.07207207207207,44.60894971593025,92.85417264021157,271.2899715039326
662,662,407,Medium,217.0,259.5668202764977,88.43100682500055,82.7048066264966,436.4288339264988
663,663,408,High,79.0,307.32911392405066,106.0960766232467,95.13696067755725,519.5212671705441
663,663,408,Low,111.0,182.07207207207207,44.60894971593025,92.85417264021157,271.2899715039326
663,663,408,Medium,218.0,259.0229357798165,88.59171834366583,81.83949909248486,436.2063724671482
664,664,408,High,79.0,307.32911392405066,106.0960766232467,95.13696067755725,519.5212671705441
664,664,408,Low,111.0,182.07207207207207,44.60894971593025,92.85417264021157,271.2899715039326
664,664,408,Medium,218.0,259.0229357798165,88.59171834366583,81.83949909248486,436.2063724671482
665,665,408,High,79.0,307.32911392405066,106.0960766232467,95.13696067755725,519.5212671705441
665,665,408,Low,111.0,182.07207207207207,44.60894971593025,92.85417264021157,271.2899715039326
665,665,408,Medium,218.0,259.0229357798165,88.59171834366583,81.83949909248486,436.2063724671482
666,666,409,High,80.0,310.2625,108.63826210719172,92.98597578561655,527.5390242143834
666,666,409,Low,111.0,182.07207207207207,44.60894971593025,92.85417264021157,271.2899715039326
666,666,409,Medium,218.0,259.0229357798165,88.59171834366583,81.83949909248486,436.2063724671482
667,667,409,High,80.0,310.2625,108.63826210719172,92.98597578561655,527.5390242143834
667,667,409,Low,111.0,182.07207207207207,44.60894971593025,92.85417264021157,271.2899715039326
667,667,409,Medium,218.0,259.0229357798165,88.59171834366583,81.83949909248486,436.2063724671482
668,668,409,High,80.0,310.2625,108.63826210719172,92.98597578561655,527.5390242143834
668,668,409,Low,111.0,182.07207207207207,44.60894971593025,92.85417264021157,271.2899715039326
668,668,409,Medium,218.0,259.0229357798165,88.59171834366583,81.83949909248486,436.2063724671482
669,669,411,High,81.0,312.4320987654321,109.70881212003954,93.01447452535302,531.8497230055111
669,669,411,Low,111.0,182.07207207207207,44.60894971593025,92.85417264021157,271.2899715039326
669,669,411,Medium,219.0,258.5570776255708,88.65674546356412,81.24358669844256,435.87056855269907
670,670,411,High,81.0,312.4320987654321,109.70881212003954,93.01447452535302,531.8497230055111
670,670,411,Low,111.0,182.07207207207207,44.60894971593025,92.85417264021157,271.2899715039326
670,670,411,Medium,219.0,258.5570776255708,88.65674546356412,81.24358669844256,435.87056855269907
671,671,412,High,82.0,311.780487804878,109.18904485253317,93.40239809981168,530.1585775099444
671,671,412,Low,111.0,182.07207207207207,44.60894971593025,92.85417264021157,271.2899715039326
671,671,412,Medium,219.0,258.5570776255708,88.65674546356412,81.24358669844256,435.87056855269907
672,672,413,High,82.0,311.780487804878,109.18904485253317,93.40239809981168,530.1585775099444
672,672,413,Low,112.0,181.83928571428572,44.47583685946857,92.88761199534858,270.79095943322284
672,672,413,Medium,219.0,258.5570776255708,88.65674546356412,81.24358669844256,435.87056855269907
673,673,414,High,83.0,311.9156626506024,108.52820301309087,94.85925662442068,528.9720686767841
673,673,414,Low,112.0,181.83928571428572,44.47583685946857,92.88761199534858,270.79095943322284
673,673,414,Medium,219.0,258.5570776255708,88.65674546356412,81.24358669844256,435.87056855269907
674,674,416,High,83.0,311.9156626506024,108.52820301309087,94.85925662442068,528.9720686767841
674,674,416,Low,112.0,181.83928571428572,44.47583685946857,92.88761199534858,270.79095943322284
674,674,416,Medium,221.0,259.28054298642536,88.86277997653673,81.5549830333519,437.0061029394988
675,675,419,High,84.0,311.0357142857143,108.17349367205718,94.68872694159992,527.3827016298286
675,675,419,Low,112.0,181.83928571428572,44.47583685946857,92.88761199534858,270.79095943322284
675,675,419,Medium,223.0,259.0403587443946,88.73628905056441,81.56778064326579,436.5129368455234
676,676,419,High,84.0,311.0357142857143,108.17349367205718,94.68872694159992,527.3827016298286
676,676,419,Low,112.0,181.83928571428572,44.47583685946857,92.88761199534858,270.79095943322284
676,676,419,Medium,223.0,259.0403587443946,88.73628905056441,81.56778064326579,436.5129368455234
677,677,419,High,84.0,311.0357142857143,108.17349367205718,94.68872694159992,527.3827016298286
677,677,419,Low,112.0,181.83928571428572,44.47583685946857,92.88761199534858,270.79095943322284
677,677,419,Medium,223.0,259.0403587443946,88.73628905056441,81.56778064326579,436.5129368455234
678,678,419,High,84.0,311.0357142857143,108.17349367205718,94.68872694159992,527.3827016298286
678,678,419,Low,112.0,181.83928571428572,44.47583685946857,92.88761199534858,270.79095943322284
678,678,419,Medium,223.0,259.0403587443946,88.73628905056441,81.56778064326579,436.5129368455234
679,679,419,High,84.0,311.0357142857143,108.17349367205718,94.68872694159992,527.3827016298286
679,679,419,Low,112.0,181.83928571428572,44.47583685946857,92.88761199534858,270.79095943322284
679,679,419,Medium,223.0,259.0403587443946,88.73628905056441,81.56778064326579,436.5129368455234
680,680,420,High,84.0,311.0357142857143,108.17349367205718,94.68872694159992,527.3827016298286
680,680,420,Low,113.0,181.4070796460177,44.514571684879115,92.37793627625948,270.4362230157759
680,680,420,Medium,223.0,259.0403587443946,88.73628905056441,81.56778064326579,436.5129368455234
681,681,422,High,85.0,311.08235294117645,107.52853572144357,96.0252814982893,526.1394243840637
681,681,422,Low,114.0,181.2719298245614,44.34065337109458,92.59062308237223,269.95323656675055
681,681,422,Medium,223.0,259.0403587443946,88.73628905056441,81.56778064326579,436.5129368455234
682,682,422,High,85.0,311.08235294117645,107.52853572144357,96.0252814982893,526.1394243840637
682,682,422,Low,114.0,181.2719298245614,44.34065337109458,92.59062308237223,269.95323656675055
682,682,422,Medium,223.0,259.0403587443946,88.73628905056441,81.56778064326579,436.5129368455234
683,683,424,High,85.0,311.08235294117645,107.52853572144357,96.0252814982893,526.1394243840637
683,683,424,Low,115.0,181.43478260869566,44.180278690515564,93.07422522766453,269.7953399897268
683,683,424,Medium,224.0,258.54910714285717,88.8418623253778,80.86538249210156,436.2328317936128
684,684,427,High,86.0,311.3255813953488,106.91793905063118,97.48970329408647,525.1614594966112
684,684,427,Low,117.0,181.94871794871796,44.09958287273328,93.7495522032514,270.14788369418454
684,684,427,Medium,224.0,258.54910714285717,88.8418623253778,80.86538249210156,436.2328317936128
685,685,427,High,86.0,311.3255813953488,106.91793905063118,97.48970329408647,525.1614594966112
685,685,427,Low,117.0,181.94871794871796,44.09958287273328,93.7495522032514,270.14788369418454
685,685,427,Medium,224.0,258.54910714285717,88.8418623253778,80.86538249210156,436.2328317936128
686,686,427,High,86.0,311.3255813953488,106.91793905063118,97.48970329408647,525.1614594966112
686,686,427,Low,117.0,181.94871794871796,44.09958287273328,93.7495522032514,270.14788369418454
686,686,427,Medium,224.0,258.54910714285717,88.8418623253778,80.86538249210156,436.2328317936128
687,687,430,High,86.0,311.3255813953488,106.91793905063118,97.48970329408647,525.1614594966112
687,687,430,Low,117.0,181.94871794871796,44.09958287273328,93.7495522032514,270.14788369418454
687,687,430,Medium,227.0,258.5462555066079,89.13831015723056,80.26963519214678,436.82287582106903
688,688,432,High,86.0,311.3255813953488,106.91793905063118,97.48970329408647,525.1614594966112
688,688,432,Low,117.0,181.94871794871796,44.09958287273328,93.7495522032514,270.14788369418454
688,688,432,Medium,229.0,258.9912663755459,88.89048018347579,81.2103060085943,436.7722267424974
689,689,432,High,86.0,311.3255813953488,106.91793905063118,97.48970329408647,525.1614594966112
689,689,432,Low,117.0,181.94871794871796,44.09958287273328,93.7495522032514,270.14788369418454
689,689,432,Medium,229.0,258.9912663755459,88.89048018347579,81.2103060085943,436.7722267424974
690,690,433,High,87.0,314.04597701149424,109.28115095732477,95.4836750968447,532.6082789261438
690,690,433,Low,117.0,181.94871794871796,44.09958287273328,93.7495522032514,270.14788369418454
690,690,433,Medium,229.0,258.9912663755459,88.89048018347579,81.2103060085943,436.7722267424974
691,691,433,High,87.0,314.04597701149424,109.28115095732477,95.4836750968447,532.6082789261438
691,691,433,Low,117.0,181.94871794871796,44.09958287273328,93.7495522032514,270.14788369418454
691,691,433,Medium,229.0,258.9912663755459,88.89048018347579,81.2103060085943,436.7722267424974
692,692,434,High,87.0,314.04597701149424,109.28115095732477,95.4836750968447,532.6082789261438
692,692,434,Low,117.0,181.94871794871796,44.09958287273328,93.7495522032514,270.14788369418454
692,692,434,Medium,230.0,258.9869565217391,88.6962079030081,81.5945407157229,436.3793723277553
693,693,434,High,87.0,314.04597701149424,109.28115095732477,95.4836750968447,532.6082789261438
693,693,434,Low,117.0,181.94871794871796,44.09958287273328,93.7495522032514,270.14788369418454
693,693,434,Medium,230.0,258.9869565217391,88.6962079030081,81.5945407157229,436.3793723277553
694,694,436,High,87.0,314.04597701149424,109.28115095732477,95.4836750968447,532.6082789261438
694,694,436,Low,119.0,180.88235294117646,44.86045717717957,91.16143858681733,270.6032672955356
694,694,436,Medium,230.0,258.9869565217391,88.6962079030081,81.5945407157229,436.3793723277553
695,695,439,High,87.0,314.04597701149424,109.28115095732477,95.4836750968447,532.6082789261438
695,695,439,Low,121.0,180.96694214876032,45.13718605250321,90.6925700437539,271.24131425376675
695,695,439,Medium,231.0,258.7099567099567,88.60325754879997,81.50344161235677,435.91647180755666
696,696,439,High,87.0,314.04597701149424,109.28115095732477,95.4836750968447,532.6082789261438
696,696,439,Low,121.0,180.96694214876032,45.13718605250321,90.6925700437539,271.24131425376675
696,696,439,Medium,231.0,258.7099567099567,88.60325754879997,81.50344161235677,435.91647180755666
697,697,440,High,88.0,314.84090909090907,108.90688697850086,97.02713513390734,532.6546830479108
697,697,440,Low,121.0,180.96694214876032,45.13718605250321,90.6925700437539,271.24131425376675
697,697,440,Medium,231.0,258.7099567099567,88.60325754879997,81.50344161235677,435.91647180755666
698,698,441,High,89.0,317.59550561797755,111.36087111698897,94.8737633839996,540.3172478519555
698,698,441,Low,121.0,180.96694214876032,45.13718605250321,90.6925700437539,271.24131425376675
698,698,441,Medium,231.0,258.7099567099567,88.60325754879997,81.50344161235677,435.91647180755666
699,699,441,High,89.0,317.59550561797755,111.36087111698897,94.8737633839996,540.3172478519555
699,699,441,Low,121.0,180.96694214876032,45.13718605250321,90.6925700437539,271.24131425376675
699,699,441,Medium,231.0,258.7099567099567,88.60325754879997,81.50344161235677,435.91647180755666
700,700,441,High,89.0,317.59550561797755,111.36087111698897,94.8737633839996,540.3172478519555
700,700,441,Low,121.0,180.96694214876032,45.13718605250321,90.6925700437539,271.24131425376675
700,700,441,Medium,231.0,258.7099567099567,88.60325754879997,81.50344161235677,435.91647180755666
701,701,442,High,89.0,317.59550561797755,111.36087111698897,94.8737633839996,540.3172478519555
701,701,442,Low,121.0,180.96694214876032,45.13718605250321,90.6925700437539,271.24131425376675
701,701,442,Medium,232.0,259.5689655172414,89.37418050486704,80.82060450750731,438.3173265269755
702,702,444,High,89.0,317.59550561797755,111.36087111698897,94.8737633839996,540.3172478519555
702,702,444,Low,122.0,180.84426229508196,44.9707012961898,90.90285970270236,270.78566488746156
702,702,444,Medium,233.0,260.13304721030045,89.59604929753439,80.94094861523166,439.32514580536923
703,703,445,High,90.0,318.14444444444445,110.85586969210746,96.43270506022952,539.8561838286594
703,703,445,Low,122.0,180.84426229508196,44.9707012961898,90.90285970270236,270.78566488746156
703,703,445,Medium,233.0,260.13304721030045,89.59604929753439,80.94094861523166,439.32514580536923
704,704,445,High,90.0,318.14444444444445,110.85586969210746,96.43270506022952,539.8561838286594
704,704,445,Low,122.0,180.84426229508196,44.9707012961898,90.90285970270236,270.78566488746156
704,704,445,Medium,233.0,260.13304721030045,89.59604929753439,80.94094861523166,439.32514580536923
705,705,446,High,90.0,318.14444444444445,110.85586969210746,96.43270506022952,539.8561838286594
705,705,446,Low,122.0,180.84426229508196,44.9707012961898,90.90285970270236,270.78566488746156
705,705,446,Medium,234.0,260.1880341880342,89.40753313154522,81.37296792494374,439.0031004511246
706,706,446,High,90.0,318.14444444444445,110.85586969210746,96.43270506022952,539.8561838286594
706,706,446,Low,122.0,180.84426229508196,44.9707012961898,90.90285970270236,270.78566488746156
706,706,446,Medium,234.0,260.1880341880342,89.40753313154522,81.37296792494374,439.0031004511246
707,707,446,High,90.0,318.14444444444445,110.85586969210746,96.43270506022952,539.8561838286594
707,707,446,Low,122.0,180.84426229508196,44.9707012961898,90.90285970270236,270.78566488746156
707,707,446,Medium,234.0,260.1880341880342,89.40753313154522,81.37296792494374,439.0031004511246
708,708,447,High,91.0,319.4725274725275,110.96389209101015,97.54474329050717,541.4003116545477
708,708,447,Low,122.0,180.84426229508196,44.9707012961898,90.90285970270236,270.78566488746156
708,708,447,Medium,234.0,260.1880341880342,89.40753313154522,81.37296792494374,439.0031004511246
709,709,448,High,91.0,319.4725274725275,110.96389209101015,97.54474329050717,541.4003116545477
709,709,448,Low,122.0,180.84426229508196,44.9707012961898,90.90285970270236,270.78566488746156
709,709,448,Medium,235.0,259.9914893617021,89.26714882241637,81.45719171686937,438.52578700653487
710,710,448,High,91.0,319.4725274725275,110.96389209101015,97.54474329050717,541.4003116545477
710,710,448,Low,122.0,180.84426229508196,44.9707012961898,90.90285970270236,270.78566488746156
710,710,448,Medium,235.0,259.9914893617021,89.26714882241637,81.45719171686937,438.52578700653487
711,711,448,High,91.0,319.4725274725275,110.96389209101015,97.54474329050717,541.4003116545477
711,711,448,Low,122.0,180.84426229508196,44.9707012961898,90.90285970270236,270.78566488746156
711,711,448,Medium,235.0,259.9914893617021,89.26714882241637,81.45719171686937,438.52578700653487
712,712,448,High,91.0,319.4725274725275,110.96389209101015,97.54474329050717,541.4003116545477
712,712,448,Low,122.0,180.84426229508196,44.9707012961898,90.90285970270236,270.78566488746156
712,712,448,Medium,235.0,259.9914893617021,89.26714882241637,81.45719171686937,438.52578700653487
713,713,449,High,91.0,319.4725274725275,110.96389209101015,97.54474329050717,541.4003116545477
713,713,449,Low,122.0,180.84426229508196,44.9707012961898,90.90285970270236,270.78566488746156
713,713,449,Medium,236.0,259.70762711864404,89.1836934401243,81.34024023839544,438.07501399889264
714,714,450,High,92.0,318.6195652173913,110.65537456756452,97.30881608226227,539.9303143525203
714,714,450,Low,122.0,180.84426229508196,44.9707012961898,90.90285970270236,270.78566488746156
714,714,450,Medium,236.0,259.70762711864404,89.1836934401243,81.34024023839544,438.07501399889264
715,715,451,High,92.0,318.6195652173913,110.65537456756452,97.30881608226227,539.9303143525203
715,715,451,Low,123.0,181.5121951219512,45.39451217169181,90.72317077856759,272.30121946533484
715,715,451,Medium,236.0,259.70762711864404,89.1836934401243,81.34024023839544,438.07501399889264
716,716,451,High,92.0,318.6195652173913,110.65537456756452,97.30881608226227,539.9303143525203
716,716,451,Low,123.0,181.5121951219512,45.39451217169181,90.72317077856759,272.30121946533484
716,716,451,Medium,236.0,259.70762711864404,89.1836934401243,81.34024023839544,438.07501399889264
717,717,452,High,93.0,318.8279569892473,110.07069108531176,98.68657481862377,538.9693391598709
717,717,452,Low,123.0,181.5121951219512,45.39451217169181,90.72317077856759,272.30121946533484
717,717,452,Medium,236.0,259.70762711864404,89.1836934401243,81.34024023839544,438.07501399889264
718,718,452,High,93.0,318.8279569892473,110.07069108531176,98.68657481862377,538.9693391598709
718,718,452,Low,123.0,181.5121951219512,45.39451217169181,90.72317077856759,272.30121946533484
718,718,452,Medium,236.0,259.70762711864404,89.1836934401243,81.34024023839544,438.07501399889264
719,719,452,High,93.0,318.8279569892473,110.07069108531176,98.68657481862377,538.9693391598709
719,719,452,Low,123.0,181.5121951219512,45.39451217169181,90.72317077856759,272.30121946533484
719,719,452,Medium,236.0,259.70762711864404,89.1836934401243,81.34024023839544,438.07501399889264
720,720,452,High,93.0,318.8279569892473,110.07069108531176,98.68657481862377,538.9693391598709
720,720,452,Low,123.0,181.5121951219512,45.39451217169181,90.72317077856759,272.30121946533484
720,720,452,Medium,236.0,259.70762711864404,89.1836934401243,81.34024023839544,438.07501399889264
721,721,452,High,93.0,318.8279569892473,110.07069108531176,98.68657481862377,538.9693391598709
721,721,452,Low,123.0,181.5121951219512,45.39451217169181,90.72317077856759,272.30121946533484
721,721,452,Medium,236.0,259.70762711864404,89.1836934401243,81.34024023839544,438.07501399889264
722,722,454,High,94.0,320.47872340425533,110.64101873315236,99.1966859379506,541.76076087056
722,722,454,Low,123.0,181.5121951219512,45.39451217169181,90.72317077856759,272.30121946533484
722,722,454,Medium,237.0,259.63713080168776,89.00116151520076,81.63480777128623,437.6394538320893
723,723,454,High,94.0,320.47872340425533,110.64101873315236,99.1966859379506,541.76076087056
723,723,454,Low,123.0,181.5121951219512,45.39451217169181,90.72317077856759,272.30121946533484
723,723,454,Medium,237.0,259.63713080168776,89.00116151520076,81.63480777128623,437.6394538320893
724,724,454,High,94.0,320.47872340425533,110.64101873315236,99.1966859379506,541.76076087056
724,724,454,Low,123.0,181.5121951219512,45.39451217169181,90.72317077856759,272.30121946533484
724,724,454,Medium,237.0,259.63713080168776,89.00116151520076,81.63480777128623,437.6394538320893
725,725,454,High,94.0,320.47872340425533,110.64101873315236,99.1966859379506,541.76076087056
725,725,454,Low,123.0,181.5121951219512,45.39451217169181,90.72317077856759,272.30121946533484
725,725,454,Medium,237.0,259.63713080168776,89.00116151520076,81.63480777128623,437.6394538320893
726,726,455,High,94.0,320.47872340425533,110.64101873315236,99.1966859379506,541.76076087056
726,726,455,Low,123.0,181.5121951219512,45.39451217169181,90.72317077856759,272.30121946533484
726,726,455,Medium,238.0,259.75210084033614,88.8309059274334,82.09028898546933,437.41391269520295
727,727,457,High,94.0,320.47872340425533,110.64101873315236,99.1966859379506,541.76076087056
727,727,457,Low,124.0,181.67741935483872,45.24702719194808,91.18336497094256,272.1714737387349
727,727,457,Medium,239.0,260.0376569037657,88.75394797912817,82.52976094550937,437.5455528620221
728,728,459,High,95.0,320.3263157894737,110.06095430176003,100.20440718595364,540.4482243929938
728,728,459,Low,125.0,181.816,45.09083734976791,91.63432530046418,271.9976746995358
728,728,459,Medium,239.0,260.0376569037657,88.75394797912817,82.52976094550937,437.5455528620221
729,729,459,High,95.0,320.3263157894737,110.06095430176003,100.20440718595364,540.4482243929938
729,729,459,Low,125.0,181.816,45.09083734976791,91.63432530046418,271.9976746995358
729,729,459,Medium,239.0,260.0376569037657,88.75394797912817,82.52976094550937,437.5455528620221
730,730,459,High,95.0,320.3263157894737,110.06095430176003,100.20440718595364,540.4482243929938
730,730,459,Low,125.0,181.816,45.09083734976791,91.63432530046418,271.9976746995358
730,730,459,Medium,239.0,260.0376569037657,88.75394797912817,82.52976094550937,437.5455528620221
731,731,459,High,95.0,320.3263157894737,110.06095430176003,100.20440718595364,540.4482243929938
731,731,459,Low,125.0,181.816,45.09083734976791,91.63432530046418,271.9976746995358
731,731,459,Medium,239.0,260.0376569037657,88.75394797912817,82.52976094550937,437.5455528620221
732,732,461,High,96.0,319.5208333333333,109.76424297141452,99.99234739050428,539.0493192761624
732,732,461,Low,125.0,181.816,45.09083734976791,91.63432530046418,271.9976746995358
732,732,461,Medium,240.0,260.0625,88.568911839039,82.92467632192199,437.200323678078
733,733,462,High,96.0,319.5208333333333,109.76424297141452,99.99234739050428,539.0493192761624
733,733,462,Low,126.0,181.35714285714286,45.20450672854895,90.94812940004496,271.7661563142408
733,733,462,Medium,240.0,260.0625,88.568911839039,82.92467632192199,437.200323678078
734,734,462,High,96.0,319.5208333333333,109.76424297141452,99.99234739050428,539.0493192761624
734,734,462,Low,126.0,181.35714285714286,45.20450672854895,90.94812940004496,271.7661563142408
734,734,462,Medium,240.0,260.0625,88.568911839039,82.92467632192199,437.200323678078
735,735,464,High,98.0,317.9591836734694,110.12887655321438,97.70143056704063,538.2169367798981
735,735,464,Low,126.0,181.35714285714286,45.20450672854895,90.94812940004496,271.7661563142408
735,735,464,Medium,240.0,260.0625,88.568911839039,82.92467632192199,437.200323678078
736,736,466,High,98.0,317.9591836734694,110.12887655321438,97.70143056704063,538.2169367798981
736,736,466,Low,127.0,181.07874015748033,45.13394638030798,90.81084739686436,271.3466329180963
736,736,466,Medium,241.0,259.53941908713693,88.75645224242085,82.02651460229524,437.0523235719786
737,737,469,High,99.0,320.030303030303,111.48665652247492,97.05698998535317,543.0036160752528
737,737,469,Low,128.0,181.296875,45.02359125708474,91.24969248583052,271.3440575141695
737,737,469,Medium,242.0,259.9834710743802,88.8410846110773,82.30130185222558,437.6656402965348
738,738,470,High,99.0,320.030303030303,111.48665652247492,97.05698998535317,543.0036160752528
738,738,470,Low,128.0,181.296875,45.02359125708474,91.24969248583052,271.3440575141695
738,738,470,Medium,243.0,260.12345679012344,88.6841898079106,82.75507717430224,437.49183640594464
739,739,472,High,100.0,319.73,110.96280703665778,97.80438592668446,541.6556140733155
739,739,472,Low,129.0,180.69767441860466,45.360811254588654,89.97605190942735,271.41929692778194
739,739,472,Medium,243.0,260.12345679012344,88.6841898079106,82.75507717430224,437.49183640594464
740,740,472,High,100.0,319.73,110.96280703665778,97.80438592668446,541.6556140733155
740,740,472,Low,129.0,180.69767441860466,45.360811254588654,89.97605190942735,271.41929692778194
740,740,472,Medium,243.0,260.12345679012344,88.6841898079106,82.75507717430224,437.49183640594464
741,741,474,High,100.0,319.73,110.96280703665778,97.80438592668446,541.6556140733155
741,741,474,Low,129.0,180.69767441860466,45.360811254588654,89.97605190942735,271.41929692778194
741,741,474,Medium,245.0,260.64897959183673,89.12608062124872,82.3968183493393,438.90114083433417
742,742,475,High,100.0,319.73,110.96280703665778,97.80438592668446,541.6556140733155
742,742,475,Low,129.0,180.69767441860466,45.360811254588654,89.97605190942735,271.41929692778194
742,742,475,Medium,246.0,260.9227642276423,89.04760324085156,82.82755774593917,439.0179707093454
743,743,475,High,100.0,319.73,110.96280703665778,97.80438592668446,541.6556140733155
743,743,475,Low,129.0,180.69767441860466,45.360811254588654,89.97605190942735,271.41929692778194
743,743,475,Medium,246.0,260.9227642276423,89.04760324085156,82.82755774593917,439.0179707093454
744,744,475,High,100.0,319.73,110.96280703665778,97.80438592668446,541.6556140733155
744,744,475,Low,129.0,180.69767441860466,45.360811254588654,89.97605190942735,271.41929692778194
744,744,475,Medium,246.0,260.9227642276423,89.04760324085156,82.82755774593917,439.0179707093454
745,745,477,High,100.0,319.73,110.96280703665778,97.80438592668446,541.6556140733155
745,745,477,Low,129.0,180.69767441860466,45.360811254588654,89.97605190942735,271.41929692778194
745,745,477,Medium,248.0,261.43145161290323,88.8692537942627,83.69294402437782,439.16995920142864
746,746,477,High,100.0,319.73,110.96280703665778,97.80438592668446,541.6556140733155
746,746,477,Low,129.0,180.69767441860466,45.360811254588654,89.97605190942735,271.41929692778194
746,746,477,Medium,248.0,261.43145161290323,88.8692537942627,83.69294402437782,439.16995920142864
747,747,479,High,100.0,319.73,110.96280703665778,97.80438592668446,541.6556140733155
747,747,479,Low,130.0,180.34615384615384,45.36205967502624,89.62203449610136,271.0702731962063
747,747,479,Medium,249.0,260.9759036144578,88.98073947584444,83.01442466276893,438.9373825661467
748,748,480,High,100.0,319.73,110.96280703665778,97.80438592668446,541.6556140733155
748,748,480,Low,130.0,180.34615384615384,45.36205967502624,89.62203449610136,271.0702731962063
748,748,480,Medium,250.0,260.724,88.89116028891766,82.94167942216467,438.5063205778353
749,749,481,High,100.0,319.73,110.96280703665778,97.80438592668446,541.6556140733155
749,749,481,Low,130.0,180.34615384615384,45.36205967502624,89.62203449610136,271.0702731962063
749,749,481,Medium,251.0,260.52988047808765,88.7664920090102,82.99689646006726,438.06286449610803
750,750,481,High,100.0,319.73,110.96280703665778,97.80438592668446,541.6556140733155
750,750,481,Low,130.0,180.34615384615384,45.36205967502624,89.62203449610136,271.0702731962063
750,750,481,Medium,251.0,260.52988047808765,88.7664920090102,82.99689646006726,438.06286449610803
751,751,481,High,100.0,319.73,110.96280703665778,97.80438592668446,541.6556140733155
751,751,481,Low,130.0,180.34615384615384,45.36205967502624,89.62203449610136,271.0702731962063
751,751,481,Medium,251.0,260.52988047808765,88.7664920090102,82.99689646006726,438.06286449610803
752,752,482,High,100.0,319.73,110.96280703665778,97.80438592668446,541.6556140733155
752,752,482,Low,131.0,179.90076335877862,45.47389021977877,88.95298291922109,270.84854379833615
752,752,482,Medium,251.0,260.52988047808765,88.7664920090102,82.99689646006726,438.06286449610803
753,753,482,High,100.0,319.73,110.96280703665778,97.80438592668446,541.6556140733155
753,753,482,Low,131.0,179.90076335877862,45.47389021977877,88.95298291922109,270.84854379833615
753,753,482,Medium,251.0,260.52988047808765,88.7664920090102,82.99689646006726,438.06286449610803
754,754,484,High,100.0,319.73,110.96280703665778,97.80438592668446,541.6556140733155
754,754,484,Low,131.0,179.90076335877862,45.47389021977877,88.95298291922109,270.84854379833615
754,754,484,Medium,253.0,260.3596837944664,88.43705206347283,83.48557966752071,437.23378792141204
755,755,485,High,100.0,319.73,110.96280703665778,97.80438592668446,541.6556140733155
755,755,485,Low,131.0,179.90076335877862,45.47389021977877,88.95298291922109,270.84854379833615
755,755,485,Medium,254.0,260.0,88.44805983478416,83.10388033043168,436.8961196695683
756,756,487,High,101.0,320.61386138613864,110.76334865803128,99.08716407007608,542.1405587022011
756,756,487,Low,131.0,179.90076335877862,45.47389021977877,88.95298291922109,270.84854379833615
756,756,487,Medium,255.0,260.2823529411765,88.38885254535437,83.50464785046776,437.0600580318852
757,757,490,High,101.0,320.61386138613864,110.76334865803128,99.08716407007608,542.1405587022011
757,757,490,Low,133.0,179.77443609022558,45.327698492495344,89.11903910523489,270.42983307521627
757,757,490,Medium,256.0,260.67578125,88.43967900731366,83.79642323537269,437.5551392646273
758,758,491,High,102.0,320.95098039215685,110.26622845478654,100.41852348258377,541.48343730173
758,758,491,Low,133.0,179.77443609022558,45.327698492495344,89.11903910523489,270.42983307521627
758,758,491,Medium,256.0,260.67578125,88.43967900731366,83.79642323537269,437.5551392646273
759,759,493,High,102.0,320.95098039215685,110.26622845478654,100.41852348258377,541.48343730173
759,759,493,Low,133.0,179.77443609022558,45.327698492495344,89.11903910523489,270.42983307521627
759,759,493,Medium,258.0,260.93023255813955,88.17079164200806,84.58864927412344,437.27181584215566
760,760,494,High,102.0,320.95098039215685,110.26622845478654,100.41852348258377,541.48343730173
760,760,494,Low,133.0,179.77443609022558,45.327698492495344,89.11903910523489,270.42983307521627
760,760,494,Medium,259.0,260.7644787644788,88.04017390784388,84.68413094879102,436.84482658016657
761,761,494,High,102.0,320.95098039215685,110.26622845478654,100.41852348258377,541.48343730173
761,761,494,Low,133.0,179.77443609022558,45.327698492495344,89.11903910523489,270.42983307521627
761,761,494,Medium,259.0,260.7644787644788,88.04017390784388,84.68413094879102,436.84482658016657
762,762,498,High,102.0,320.95098039215685,110.26622845478654,100.41852348258377,541.48343730173
762,762,498,Low,136.0,180.36764705882354,45.249400867493264,89.86884532383701,270.86644879381004
762,762,498,Medium,260.0,260.4076923076923,88.05817629069104,84.29133972631021,436.5240448890744
763,763,501,High,102.0,320.95098039215685,110.26622845478654,100.41852348258377,541.48343730173
763,763,501,Low,138.0,180.2173913043478,44.93917042403549,90.33905045627684,270.0957321524188
763,763,501,Medium,261.0,260.31800766283527,87.9006126994483,84.51678226393867,436.11923306173185
764,764,502,High,102.0,320.95098039215685,110.26622845478654,100.41852348258377,541.48343730173
764,764,502,Low,138.0,180.2173913043478,44.93917042403549,90.33905045627684,270.0957321524188
764,764,502,Medium,262.0,260.31297709923666,87.73209690368888,84.8487832918589,435.7771709066144
765,765,503,High,102.0,320.95098039215685,110.26622845478654,100.41852348258377,541.48343730173
765,765,503,Low,138.0,180.2173913043478,44.93917042403549,90.33905045627684,270.0957321524188
765,765,503,Medium,263.0,260.1825095057034,87.5900679201615,85.00237366538042,435.3626453460264
766,766,504,High,102.0,320.95098039215685,110.26622845478654,100.41852348258377,541.48343730173
766,766,504,Low,139.0,180.9208633093525,45.53769974208205,89.84546382518842,271.9962627935166
766,766,504,Medium,263.0,260.1825095057034,87.5900679201615,85.00237366538042,435.3626453460264
767,767,506,High,102.0,320.95098039215685,110.26622845478654,100.41852348258377,541.48343730173
767,767,506,Low,140.0,181.11428571428573,45.43128033964125,90.25172503500323,271.9768463935682
767,767,506,Medium,264.0,259.9886363636364,87.48012193346928,85.02839249669782,434.9488802305749
768,768,508,High,104.0,320.4423076923077,109.25163142662969,101.93904483904831,538.9455705455671
768,768,508,Low,140.0,181.11428571428573,45.43128033964125,90.25172503500323,271.9768463935682
768,768,508,Medium,264.0,259.9886363636364,87.48012193346928,85.02839249669782,434.9488802305749
769,769,510,High,106.0,321.87735849056605,109.74999319493969,102.37737210068667,541.3773448804454
769,769,510,Low,140.0,181.11428571428573,45.43128033964125,90.25172503500323,271.9768463935682
769,769,510,Medium,264.0,259.9886363636364,87.48012193346928,85.02839249669782,434.9488802305749
770,770,511,High,106.0,321.87735849056605,109.74999319493969,102.37737210068667,541.3773448804454
770,770,511,Low,140.0,181.11428571428573,45.43128033964125,90.25172503500323,271.9768463935682
770,770,511,Medium,265.0,259.7245283018868,87.42006934835595,84.88438960517487,434.5646669985987
771,771,513,High,106.0,321.87735849056605,109.74999319493969,102.37737210068667,541.3773448804454
771,771,513,Low,140.0,181.11428571428573,45.43128033964125,90.25172503500323,271.9768463935682
771,771,513,Medium,267.0,258.67041198501875,87.93583178793304,82.79874840915267,434.5420755608848
772,772,514,High,106.0,321.87735849056605,109.74999319493969,102.37737210068667,541.3773448804454
772,772,514,Low,141.0,181.9787234042553,46.41789496136566,89.14293348152398,274.8145133269866
772,772,514,Medium,267.0,258.67041198501875,87.93583178793304,82.79874840915267,434.5420755608848
773,773,514,High,106.0,321.87735849056605,109.74999319493969,102.37737210068667,541.3773448804454
773,773,514,Low,141.0,181.9787234042553,46.41789496136566,89.14293348152398,274.8145133269866
773,773,514,Medium,267.0,258.67041198501875,87.93583178793304,82.79874840915267,434.5420755608848
774,774,515,High,106.0,321.87735849056605,109.74999319493969,102.37737210068667,541.3773448804454
774,774,515,Low,141.0,181.9787234042553,46.41789496136566,89.14293348152398,274.8145133269866
774,774,515,Medium,268.0,258.38432835820896,87.89586565460678,82.5925970489954,434.1760596674225
775,775,515,High,106.0,321.87735849056605,109.74999319493969,102.37737210068667,541.3773448804454
775,775,515,Low,141.0,181.9787234042553,46.41789496136566,89.14293348152398,274.8145133269866
775,775,515,Medium,268.0,258.38432835820896,87.89586565460678,82.5925970489954,434.1760596674225
776,776,516,High,106.0,321.87735849056605,109.74999319493969,102.37737210068667,541.3773448804454
776,776,516,Low,141.0,181.9787234042553,46.41789496136566,89.14293348152398,274.8145133269866
776,776,516,Medium,269.0,258.6171003717472,87.81475501886615,82.9875903340149,434.2466104094795
777,777,517,High,106.0,321.87735849056605,109.74999319493969,102.37737210068667,541.3773448804454
777,777,517,Low,141.0,181.9787234042553,46.41789496136566,89.14293348152398,274.8145133269866
777,777,517,Medium,270.0,258.02592592592595,88.18801346781605,81.64989899029385,434.401952861558
778,778,519,High,107.0,321.6542056074766,109.25546511124425,103.14327538498813,540.1651358299652
778,778,519,Low,141.0,181.9787234042553,46.41789496136566,89.14293348152398,274.8145133269866
778,778,519,Medium,271.0,258.6346863468635,88.59317827488584,81.44832979709179,435.82104289663516
779,779,520,High,107.0,321.6542056074766,109.25546511124425,103.14327538498813,540.1651358299652
779,779,520,Low,141.0,181.9787234042553,46.41789496136566,89.14293348152398,274.8145133269866
779,779,520,Medium,272.0,259.125,88.79853540064106,81.52792919871789,436.72207080128214
780,780,522,High,108.0,322.1574074074074,108.86939461944495,104.4186181685175,539.8961966462973
780,780,522,Low,141.0,181.9787234042553,46.41789496136566,89.14293348152398,274.8145133269866
780,780,522,Medium,273.0,258.5970695970696,89.06333828616181,80.47039302474599,436.7237461693932
781,781,522,High,108.0,322.1574074074074,108.86939461944495,104.4186181685175,539.8961966462973
781,781,522,Low,141.0,181.9787234042553,46.41789496136566,89.14293348152398,274.8145133269866
781,781,522,Medium,273.0,258.5970695970696,89.06333828616181,80.47039302474599,436.7237461693932
782,782,523,High,108.0,322.1574074074074,108.86939461944495,104.4186181685175,539.8961966462973
782,782,523,Low,141.0,181.9787234042553,46.41789496136566,89.14293348152398,274.8145133269866
782,782,523,Medium,274.0,259.0875912408759,89.27009470605844,80.547401828759,437.6277806529928
783,783,523,High,108.0,322.1574074074074,108.86939461944495,104.4186181685175,539.8961966462973
783,783,523,Low,141.0,181.9787234042553,46.41789496136566,89.14293348152398,274.8145133269866
783,783,523,Medium,274.0,259.0875912408759,89.27009470605844,80.547401828759,437.6277806529928
784,784,523,High,108.0,322.1574074074074,108.86939461944495,104.4186181685175,539.8961966462973
784,784,523,Low,141.0,181.9787234042553,46.41789496136566,89.14293348152398,274.8145133269866
784,784,523,Medium,274.0,259.0875912408759,89.27009470605844,80.547401828759,437.6277806529928
785,785,524,High,108.0,322.1574074074074,108.86939461944495,104.4186181685175,539.8961966462973
785,785,524,Low,141.0,181.9787234042553,46.41789496136566,89.14293348152398,274.8145133269866
785,785,524,Medium,275.0,259.26545454545453,89.15584693743901,80.95376067057651,437.57714842033255
786,786,525,High,108.0,322.1574074074074,108.86939461944495,104.4186181685175,539.8961966462973
786,786,525,Low,141.0,181.9787234042553,46.41789496136566,89.14293348152398,274.8145133269866
786,786,525,Medium,276.0,259.5289855072464,89.10122472611887,81.32653605500863,437.7314349594841
787,787,526,High,108.0,322.1574074074074,108.86939461944495,104.4186181685175,539.8961966462973
787,787,526,Low,141.0,181.9787234042553,46.41789496136566,89.14293348152398,274.8145133269866
787,787,526,Medium,277.0,259.1913357400722,89.11702246358186,80.95729081290847,437.4253806672359
788,788,527,High,108.0,322.1574074074074,108.86939461944495,104.4186181685175,539.8961966462973
788,788,527,Low,142.0,181.96478873239437,46.25329767378461,89.45819338482515,274.47138407996357
788,788,527,Medium,277.0,259.1913357400722,89.11702246358186,80.95729081290847,437.4253806672359
789,789,527,High,108.0,322.1574074074074,108.86939461944495,104.4186181685175,539.8961966462973
789,789,527,Low,142.0,181.96478873239437,46.25329767378461,89.45819338482515,274.47138407996357
789,789,527,Medium,277.0,259.1913357400722,89.11702246358186,80.95729081290847,437.4253806672359
790,790,528,High,108.0,322.1574074074074,108.86939461944495,104.4186181685175,539.8961966462973
790,790,528,Low,143.0,182.4055944055944,46.39060094249873,89.62439252059694,275.1867962905919
790,790,528,Medium,277.0,259.1913357400722,89.11702246358186,80.95729081290847,437.4253806672359
791,791,529,High,108.0,322.1574074074074,108.86939461944495,104.4186181685175,539.8961966462973
791,791,529,Low,143.0,182.4055944055944,46.39060094249873,89.62439252059694,275.1867962905919
791,791,529,Medium,278.0,259.0647482014389,88.98105169916074,81.10264480311739,437.02685159976033
792,792,530,High,108.0,322.1574074074074,108.86939461944495,104.4186181685175,539.8961966462973
792,792,530,Low,143.0,182.4055944055944,46.39060094249873,89.62439252059694,275.1867962905919
792,792,530,Medium,279.0,259.2616487455197,88.88173978818968,81.49816916914037,437.02512832189905
793,793,531,High,108.0,322.1574074074074,108.86939461944495,104.4186181685175,539.8961966462973
793,793,531,Low,143.0,182.4055944055944,46.39060094249873,89.62439252059694,275.1867962905919
793,793,531,Medium,280.0,259.3071428571429,88.7255763902719,81.85599007659908,436.7582956376867
794,794,532,High,108.0,322.1574074074074,108.86939461944495,104.4186181685175,539.8961966462973
794,794,532,Low,143.0,182.4055944055944,46.39060094249873,89.62439252059694,275.1867962905919
794,794,532,Medium,281.0,259.7615658362989,88.89397828133387,81.97360927363118,437.5495223989667
795,795,533,High,109.0,320.8440366972477,109.22828407886601,102.38746853951568,539.3006048549797
795,795,533,Low,143.0,182.4055944055944,46.39060094249873,89.62439252059694,275.1867962905919
795,795,533,Medium,281.0,259.7615658362989,88.89397828133387,81.97360927363118,437.5495223989667
796,796,534,High,109.0,320.8440366972477,109.22828407886601,102.38746853951568,539.3006048549797
796,796,534,Low,143.0,182.4055944055944,46.39060094249873,89.62439252059694,275.1867962905919
796,796,534,Medium,282.0,259.66312056737587,88.75106127286675,82.16099802164237,437.16524311310934
797,797,536,High,109.0,320.8440366972477,109.22828407886601,102.38746853951568,539.3006048549797
797,797,536,Low,145.0,182.2896551724138,46.13219489825155,90.0252653759107,274.5540449689169
797,797,536,Medium,282.0,259.66312056737587,88.75106127286675,82.16099802164237,437.16524311310934
798,798,538,High,109.0,320.8440366972477,109.22828407886601,102.38746853951568,539.3006048549797
798,798,538,Low,145.0,182.2896551724138,46.13219489825155,90.0252653759107,274.5540449689169
798,798,538,Medium,284.0,259.13028169014086,88.7931287646822,81.54402416077647,436.71653921950525
799,799,539,High,109.0,320.8440366972477,109.22828407886601,102.38746853951568,539.3006048549797
799,799,539,Low,146.0,181.72602739726028,46.47454187015319,88.7769436569539,274.67511113756666
799,799,539,Medium,284.0,259.13028169014086,88.7931287646822,81.54402416077647,436.71653921950525
800,800,539,High,109.0,320.8440366972477,109.22828407886601,102.38746853951568,539.3006048549797
800,800,539,Low,146.0,181.72602739726028,46.47454187015319,88.7769436569539,274.67511113756666
800,800,539,Medium,284.0,259.13028169014086,88.7931287646822,81.54402416077647,436.71653921950525
801,801,540,High,110.0,321.8636363636364,109.25069875893742,103.36223884576154,540.3650338815112
801,801,540,Low,146.0,181.72602739726028,46.47454187015319,88.7769436569539,274.67511113756666
801,801,540,Medium,284.0,259.13028169014086,88.7931287646822,81.54402416077647,436.71653921950525
802,802,543,High,112.0,324.1517857142857,111.45420501983007,101.24337567462558,547.0601957539459
802,802,543,Low,146.0,181.72602739726028,46.47454187015319,88.7769436569539,274.67511113756666
802,802,543,Medium,285.0,258.9824561403509,88.67178982544304,81.63887648946482,436.326035791237
803,803,545,High,113.0,325.42477876106193,111.77766558390863,101.86944759324467,548.9801099288792
803,803,545,Low,146.0,181.72602739726028,46.47454187015319,88.7769436569539,274.67511113756666
803,803,545,Medium,286.0,259.2867132867133,88.66551554807107,81.95568219057114,436.61774438285545
804,804,546,High,113.0,325.42477876106193,111.77766558390863,101.86944759324467,548.9801099288792
804,804,546,Low,146.0,181.72602739726028,46.47454187015319,88.7769436569539,274.67511113756666
804,804,546,Medium,287.0,259.6062717770035,88.67577677754339,82.2547182219167,436.95782533209024
805,805,546,High,113.0,325.42477876106193,111.77766558390863,101.86944759324467,548.9801099288792
805,805,546,Low,146.0,181.72602739726028,46.47454187015319,88.7769436569539,274.67511113756666
805,805,546,Medium,287.0,259.6062717770035,88.67577677754339,82.2547182219167,436.95782533209024
806,806,548,High,113.0,325.42477876106193,111.77766558390863,101.86944759324467,548.9801099288792
806,806,548,Low,147.0,182.12925170068027,46.57241703936211,88.98441762195606,275.27408577940446
806,806,548,Medium,288.0,259.7916666666667,88.57704966989473,82.63756732687722,436.94576600645615
807,807,549,High,113.0,325.42477876106193,111.77766558390863,101.86944759324467,548.9801099288792
807,807,549,Low,148.0,182.1283783783784,46.41373834929195,89.30090167979449,274.9558550769623
807,807,549,Medium,288.0,259.7916666666667,88.57704966989473,82.63756732687722,436.94576600645615
808,808,550,High,113.0,325.42477876106193,111.77766558390863,101.86944759324467,548.9801099288792
808,808,550,Low,148.0,182.1283783783784,46.41373834929195,89.30090167979449,274.9558550769623
808,808,550,Medium,289.0,259.93079584775086,88.45476354700233,83.0212687537462,436.8403229417555
809,809,551,High,114.0,326.29824561403507,111.67208077766563,102.95408405870381,549.6424071693664
809,809,551,Low,148.0,182.1283783783784,46.41373834929195,89.30090167979449,274.9558550769623
809,809,551,Medium,289.0,259.93079584775086,88.45476354700233,83.0212687537462,436.8403229417555
810,810,552,High,115.0,327.1478260869565,111.55387680149518,104.04007248396616,550.2555796899469
810,810,552,Low,148.0,182.1283783783784,46.41373834929195,89.30090167979449,274.9558550769623
810,810,552,Medium,289.0,259.93079584775086,88.45476354700233,83.0212687537462,436.8403229417555
811,811,554,High,115.0,327.1478260869565,111.55387680149518,104.04007248396616,550.2555796899469
811,811,554,Low,150.0,181.87333333333333,46.311796613744534,89.24974010584427,274.49692656082243
811,811,554,Medium,289.0,259.93079584775086,88.45476354700233,83.0212687537462,436.8403229417555
812,812,554,High,115.0,327.1478260869565,111.55387680149518,104.04007248396616,550.2555796899469
812,812,554,Low,150.0,181.87333333333333,46.311796613744534,89.24974010584427,274.49692656082243
812,812,554,Medium,289.0,259.93079584775086,88.45476354700233,83.0212687537462,436.8403229417555
813,813,556,High,115.0,327.1478260869565,111.55387680149518,104.04007248396616,550.2555796899469
813,813,556,Low,152.0,182.20394736842104,46.25946673342426,89.68501390157252,274.72288083526956
813,813,556,Medium,289.0,259.93079584775086,88.45476354700233,83.0212687537462,436.8403229417555
814,814,558,High,116.0,327.2586206896552,111.07421104747982,105.11019859469553,549.4070427846148
814,814,558,Low,153.0,182.26797385620915,46.11384746585968,90.0402789244898,274.4956687879285
814,814,558,Medium,289.0,259.93079584775086,88.45476354700233,83.0212687537462,436.8403229417555
815,815,558,High,116.0,327.2586206896552,111.07421104747982,105.11019859469553,549.4070427846148
815,815,558,Low,153.0,182.26797385620915,46.11384746585968,90.0402789244898,274.4956687879285
815,815,558,Medium,289.0,259.93079584775086,88.45476354700233,83.0212687537462,436.8403229417555
816,816,558,High,116.0,327.2586206896552,111.07421104747982,105.11019859469553,549.4070427846148
816,816,558,Low,153.0,182.26797385620915,46.11384746585968,90.0402789244898,274.4956687879285
816,816,558,Medium,289.0,259.93079584775086,88.45476354700233,83.0212687537462,436.8403229417555
817,817,558,High,116.0,327.2586206896552,111.07421104747982,105.11019859469553,549.4070427846148
817,817,558,Low,153.0,182.26797385620915,46.11384746585968,90.0402789244898,274.4956687879285
817,817,558,Medium,289.0,259.93079584775086,88.45476354700233,83.0212687537462,436.8403229417555
818,818,559,High,116.0,327.2586206896552,111.07421104747982,105.11019859469553,549.4070427846148
818,818,559,Low,153.0,182.26797385620915,46.11384746585968,90.0402789244898,274.4956687879285
818,818,559,Medium,290.0,259.9448275862069,88.30191832220827,83.34099094179035,436.54866423062344
819,819,559,High,116.0,327.2586206896552,111.07421104747982,105.11019859469553,549.4070427846148
819,819,559,Low,153.0,182.26797385620915,46.11384746585968,90.0402789244898,274.4956687879285
819,819,559,Medium,290.0,259.9448275862069,88.30191832220827,83.34099094179035,436.54866423062344
820,820,560,High,116.0,327.2586206896552,111.07421104747982,105.11019859469553,549.4070427846148
820,820,560,Low,154.0,182.30519480519482,45.96522242069565,90.37474996380351,274.23563964658615
820,820,560,Medium,290.0,259.9448275862069,88.30191832220827,83.34099094179035,436.54866423062344
821,821,562,High,117.0,326.64102564102564,110.79598068914785,105.04906426272993,548.2329870193214
821,821,562,Low,155.0,182.44516129032257,45.84886832229182,90.74742464573893,274.1428979349062
821,821,562,Medium,290.0,259.9448275862069,88.30191832220827,83.34099094179035,436.54866423062344
822,822,562,High,117.0,326.64102564102564,110.79598068914785,105.04906426272993,548.2329870193214
822,822,562,Low,155.0,182.44516129032257,45.84886832229182,90.74742464573893,274.1428979349062
822,822,562,Medium,290.0,259.9448275862069,88.30191832220827,83.34099094179035,436.54866423062344
823,823,563,High,117.0,326.64102564102564,110.79598068914785,105.04906426272993,548.2329870193214
823,823,563,Low,156.0,182.76282051282053,45.8726304202277,91.01755967236512,274.50808135327594
823,823,563,Medium,290.0,259.9448275862069,88.30191832220827,83.34099094179035,436.54866423062344
824,824,563,High,117.0,326.64102564102564,110.79598068914785,105.04906426272993,548.2329870193214
824,824,563,Low,156.0,182.76282051282053,45.8726304202277,91.01755967236512,274.50808135327594
824,824,563,Medium,290.0,259.9448275862069,88.30191832220827,83.34099094179035,436.54866423062344
825,825,566,High,119.0,328.01680672268907,110.47984578786206,107.05711514696495,548.9764982984132
825,825,566,Low,156.0,182.76282051282053,45.8726304202277,91.01755967236512,274.50808135327594
825,825,566,Medium,291.0,259.8384879725086,88.16820540649812,83.50207715951234,436.1748987855048
826,826,566,High,119.0,328.01680672268907,110.47984578786206,107.05711514696495,548.9764982984132
826,826,566,Low,156.0,182.76282051282053,45.8726304202277,91.01755967236512,274.50808135327594
826,826,566,Medium,291.0,259.8384879725086,88.16820540649812,83.50207715951234,436.1748987855048
827,827,566,High,119.0,328.01680672268907,110.47984578786206,107.05711514696495,548.9764982984132
827,827,566,Low,156.0,182.76282051282053,45.8726304202277,91.01755967236512,274.50808135327594
827,827,566,Medium,291.0,259.8384879725086,88.16820540649812,83.50207715951234,436.1748987855048
828,828,566,High,119.0,328.01680672268907,110.47984578786206,107.05711514696495,548.9764982984132
828,828,566,Low,156.0,182.76282051282053,45.8726304202277,91.01755967236512,274.50808135327594
828,828,566,Medium,291.0,259.8384879725086,88.16820540649812,83.50207715951234,436.1748987855048
829,829,566,High,119.0,328.01680672268907,110.47984578786206,107.05711514696495,548.9764982984132
829,829,566,Low,156.0,182.76282051282053,45.8726304202277,91.01755967236512,274.50808135327594
829,829,566,Medium,291.0,259.8384879725086,88.16820540649812,83.50207715951234,436.1748987855048
830,830,568,High,120.0,327.6666666666667,110.08150787189525,107.50365092287618,547.8296824104572
830,830,568,Low,157.0,183.171974522293,46.011868360789556,91.14823780071389,275.1957112438721
830,830,568,Medium,291.0,259.8384879725086,88.16820540649812,83.50207715951234,436.1748987855048
831,831,568,High,120.0,327.6666666666667,110.08150787189525,107.50365092287618,547.8296824104572
831,831,568,Low,157.0,183.171974522293,46.011868360789556,91.14823780071389,275.1957112438721
831,831,568,Medium,291.0,259.8384879725086,88.16820540649812,83.50207715951234,436.1748987855048
832,832,569,High,121.0,328.7107438016529,110.22185491215198,108.26703397734892,549.1544536259569
832,832,569,Low,157.0,183.171974522293,46.011868360789556,91.14823780071389,275.1957112438721
832,832,569,Medium,291.0,259.8384879725086,88.16820540649812,83.50207715951234,436.1748987855048
833,833,570,High,121.0,328.7107438016529,110.22185491215198,108.26703397734892,549.1544536259569
833,833,570,Low,157.0,183.171974522293,46.011868360789556,91.14823780071389,275.1957112438721
833,833,570,Medium,292.0,259.8390410958904,88.01658378046255,83.80587353496531,435.87220865681553
834,834,572,High,121.0,328.7107438016529,110.22185491215198,108.26703397734892,549.1544536259569
834,834,572,Low,157.0,183.171974522293,46.011868360789556,91.14823780071389,275.1957112438721
834,834,572,Medium,294.0,260.39115646258506,87.97234317582854,84.44647011092798,436.33584281424214
835,835,572,High,121.0,328.7107438016529,110.22185491215198,108.26703397734892,549.1544536259569
835,835,572,Low,157.0,183.171974522293,46.011868360789556,91.14823780071389,275.1957112438721
835,835,572,Medium,294.0,260.39115646258506,87.97234317582854,84.44647011092798,436.33584281424214
836,836,573,High,121.0,328.7107438016529,110.22185491215198,108.26703397734892,549.1544536259569
836,836,573,Low,157.0,183.171974522293,46.011868360789556,91.14823780071389,275.1957112438721
836,836,573,Medium,295.0,260.4406779661017,87.8267216372808,84.7872346915401,436.0941212406633
837,837,575,High,122.0,329.4754098360656,110.08991164736605,109.29558654133348,549.6552331307977
837,837,575,Low,157.0,183.171974522293,46.011868360789556,91.14823780071389,275.1957112438721
837,837,575,Medium,296.0,260.4864864864865,87.6812784830772,85.12392952033213,435.8490434526409
838,838,575,High,122.0,329.4754098360656,110.08991164736605,109.29558654133348,549.6552331307977
838,838,575,Low,157.0,183.171974522293,46.011868360789556,91.14823780071389,275.1957112438721
838,838,575,Medium,296.0,260.4864864864865,87.6812784830772,85.12392952033213,435.8490434526409
839,839,575,High,122.0,329.4754098360656,110.08991164736605,109.29558654133348,549.6552331307977
839,839,575,Low,157.0,183.171974522293,46.011868360789556,91.14823780071389,275.1957112438721
839,839,575,Medium,296.0,260.4864864864865,87.6812784830772,85.12392952033213,435.8490434526409
840,840,577,High,123.0,330.7886178861789,110.60091097603964,109.5867959340996,551.9904398382582
840,840,577,Low,158.0,182.8860759493671,46.00567324244922,90.87472946446866,274.89742243426554
840,840,577,Medium,296.0,260.4864864864865,87.6812784830772,85.12392952033213,435.8490434526409
841,841,578,High,123.0,330.7886178861789,110.60091097603964,109.5867959340996,551.9904398382582
841,841,578,Low,158.0,182.8860759493671,46.00567324244922,90.87472946446866,274.89742243426554
841,841,578,Medium,297.0,260.16161616161617,87.7119102367472,84.73779568812176,435.58543663511057
842,842,581,High,123.0,330.7886178861789,110.60091097603964,109.5867959340996,551.9904398382582
842,842,581,Low,158.0,182.8860759493671,46.00567324244922,90.87472946446866,274.89742243426554
842,842,581,Medium,300.0,260.28333333333336,87.31128558702144,85.66076215929047,434.90590450737625
843,843,584,High,123.0,330.7886178861789,110.60091097603964,109.5867959340996,551.9904398382582
843,843,584,Low,161.0,182.16770186335404,45.94089083061578,90.28592020212248,274.0494835245856
843,843,584,Medium,300.0,260.28333333333336,87.31128558702144,85.66076215929047,434.90590450737625
844,844,584,High,123.0,330.7886178861789,110.60091097603964,109.5867959340996,551.9904398382582
844,844,584,Low,161.0,182.16770186335404,45.94089083061578,90.28592020212248,274.0494835245856
844,844,584,Medium,300.0,260.28333333333336,87.31128558702144,85.66076215929047,434.90590450737625
845,845,584,High,123.0,330.7886178861789,110.60091097603964,109.5867959340996,551.9904398382582
845,845,584,Low,161.0,182.16770186335404,45.94089083061578,90.28592020212248,274.0494835245856
845,845,584,Medium,300.0,260.28333333333336,87.31128558702144,85.66076215929047,434.90590450737625
846,846,585,High,123.0,330.7886178861789,110.60091097603964,109.5867959340996,551.9904398382582
846,846,585,Low,161.0,182.16770186335404,45.94089083061578,90.28592020212248,274.0494835245856
846,846,585,Medium,301.0,260.0863787375415,87.23259624232264,85.62118625289622,434.5515712221868
847,847,586,High,123.0,330.7886178861789,110.60091097603964,109.5867959340996,551.9904398382582
847,847,586,Low,161.0,182.16770186335404,45.94089083061578,90.28592020212248,274.0494835245856
847,847,586,Medium,302.0,260.28476821192055,87.15578731351384,85.97319358489287,434.5963428389482
848,848,586,High,123.0,330.7886178861789,110.60091097603964,109.5867959340996,551.9904398382582
848,848,586,Low,161.0,182.16770186335404,45.94089083061578,90.28592020212248,274.0494835245856
848,848,586,Medium,302.0,260.28476821192055,87.15578731351384,85.97319358489287,434.5963428389482
849,849,589,High,124.0,329.6290322580645,110.90466628566138,107.81969968674176,551.4383648293873
849,849,589,Low,162.0,181.54320987654322,46.482628661387544,88.57795255376813,274.5084671993183
849,849,589,Medium,303.0,260.13861386138615,87.04855496360102,86.0415039341841,434.2357237885882
850,850,589,High,124.0,329.6290322580645,110.90466628566138,107.81969968674176,551.4383648293873
850,850,589,Low,162.0,181.54320987654322,46.482628661387544,88.57795255376813,274.5084671993183
850,850,589,Medium,303.0,260.13861386138615,87.04855496360102,86.0415039341841,434.2357237885882
851,851,590,High,124.0,329.6290322580645,110.90466628566138,107.81969968674176,551.4383648293873
851,851,590,Low,162.0,181.54320987654322,46.482628661387544,88.57795255376813,274.5084671993183
851,851,590,Medium,304.0,260.1611842105263,86.90568276173192,86.34981868706245,433.97254973399015
852,852,590,High,124.0,329.6290322580645,110.90466628566138,107.81969968674176,551.4383648293873
852,852,590,Low,162.0,181.54320987654322,46.482628661387544,88.57795255376813,274.5084671993183
852,852,590,Medium,304.0,260.1611842105263,86.90568276173192,86.34981868706245,433.97254973399015
853,853,590,High,124.0,329.6290322580645,110.90466628566138,107.81969968674176,551.4383648293873
853,853,590,Low,162.0,181.54320987654322,46.482628661387544,88.57795255376813,274.5084671993183
853,853,590,Medium,304.0,260.1611842105263,86.90568276173192,86.34981868706245,433.97254973399015
854,854,590,High,124.0,329.6290322580645,110.90466628566138,107.81969968674176,551.4383648293873
854,854,590,Low,162.0,181.54320987654322,46.482628661387544,88.57795255376813,274.5084671993183
854,854,590,Medium,304.0,260.1611842105263,86.90568276173192,86.34981868706245,433.97254973399015
855,855,590,High,124.0,329.6290322580645,110.90466628566138,107.81969968674176,551.4383648293873
855,855,590,Low,162.0,181.54320987654322,46.482628661387544,88.57795255376813,274.5084671993183
855,855,590,Medium,304.0,260.1611842105263,86.90568276173192,86.34981868706245,433.97254973399015
856,856,590,High,124.0,329.6290322580645,110.90466628566138,107.81969968674176,551.4383648293873
856,856,590,Low,162.0,181.54320987654322,46.482628661387544,88.57795255376813,274.5084671993183
856,856,590,Medium,304.0,260.1611842105263,86.90568276173192,86.34981868706245,433.97254973399015
857,857,590,High,124.0,329.6290322580645,110.90466628566138,107.81969968674176,551.4383648293873
857,857,590,Low,162.0,181.54320987654322,46.482628661387544,88.57795255376813,274.5084671993183
857,857,590,Medium,304.0,260.1611842105263,86.90568276173192,86.34981868706245,433.97254973399015
858,858,591,High,124.0,329.6290322580645,110.90466628566138,107.81969968674176,551.4383648293873
858,858,591,Low,162.0,181.54320987654322,46.482628661387544,88.57795255376813,274.5084671993183
858,858,591,Medium,305.0,260.1704918032787,86.76278031192123,86.64493117943624,433.6960524271212
859,859,592,High,124.0,329.6290322580645,110.90466628566138,107.81969968674176,551.4383648293873
859,859,592,Low,163.0,181.51533742331287,46.340308005314505,88.83472141268386,274.1959534339419
859,859,592,Medium,305.0,260.1704918032787,86.76278031192123,86.64493117943624,433.6960524271212
860,860,592,High,124.0,329.6290322580645,110.90466628566138,107.81969968674176,551.4383648293873
860,860,592,Low,163.0,181.51533742331287,46.340308005314505,88.83472141268386,274.1959534339419
860,860,592,Medium,305.0,260.1704918032787,86.76278031192123,86.64493117943624,433.6960524271212
861,861,593,High,125.0,329.08,110.62699606363955,107.82600787272088,550.3339921272791
861,861,593,Low,163.0,181.51533742331287,46.340308005314505,88.83472141268386,274.1959534339419
861,861,593,Medium,305.0,260.1704918032787,86.76278031192123,86.64493117943624,433.6960524271212
862,862,595,High,126.0,328.3174603174603,110.51556638183789,107.28632755378453,549.3485930811361
862,862,595,Low,164.0,181.1219512195122,46.47181090122615,88.1783294170599,274.0655730219645
862,862,595,Medium,305.0,260.1704918032787,86.76278031192123,86.64493117943624,433.6960524271212
863,863,595,High,126.0,328.3174603174603,110.51556638183789,107.28632755378453,549.3485930811361
863,863,595,Low,164.0,181.1219512195122,46.47181090122615,88.1783294170599,274.0655730219645
863,863,595,Medium,305.0,260.1704918032787,86.76278031192123,86.64493117943624,433.6960524271212
864,864,597,High,126.0,328.3174603174603,110.51556638183789,107.28632755378453,549.3485930811361
864,864,597,Low,165.0,181.04242424242423,46.34117269524087,88.36007885194249,273.724769632906
864,864,597,Medium,306.0,259.7549019607843,86.92496514843094,85.90497166392242,433.6048322576462
865,865,598,High,126.0,328.3174603174603,110.51556638183789,107.28632755378453,549.3485930811361
865,865,598,Low,166.0,180.87951807228916,46.24818360799765,88.38315085629385,273.37588528828445
865,865,598,Medium,306.0,259.7549019607843,86.92496514843094,85.90497166392242,433.6048322576462
866,866,598,High,126.0,328.3174603174603,110.51556638183789,107.28632755378453,549.3485930811361
866,866,598,Low,166.0,180.87951807228916,46.24818360799765,88.38315085629385,273.37588528828445
866,866,598,Medium,306.0,259.7549019607843,86.92496514843094,85.90497166392242,433.6048322576462
867,867,599,High,126.0,328.3174603174603,110.51556638183789,107.28632755378453,549.3485930811361
867,867,599,Low,167.0,180.5868263473054,46.26355164653476,88.05972305423587,273.1139296403749
867,867,599,Medium,306.0,259.7549019607843,86.92496514843094,85.90497166392242,433.6048322576462
868,868,601,High,126.0,328.3174603174603,110.51556638183789,107.28632755378453,549.3485930811361
868,868,601,Low,168.0,180.76190476190476,46.18061885712231,88.40066704766014,273.1231424761494
868,868,601,Medium,307.0,259.8762214983713,86.8088444715556,86.2585325552601,433.4939104414825
869,869,602,High,126.0,328.3174603174603,110.51556638183789,107.28632755378453,549.3485930811361
869,869,602,Low,169.0,180.81656804733728,46.04845491497355,88.71965821739019,272.9134778772844
869,869,602,Medium,307.0,259.8762214983713,86.8088444715556,86.2585325552601,433.4939104414825
870,870,603,High,126.0,328.3174603174603,110.51556638183789,107.28632755378453,549.3485930811361
870,870,603,Low,169.0,180.81656804733728,46.04845491497355,88.71965821739019,272.9134778772844
870,870,603,Medium,308.0,259.73376623376623,86.70339887974535,86.32696847427553,433.14056399325693
871,871,604,High,127.0,329.5196850393701,110.90678557065075,107.70611389806857,551.3332561806716
871,871,604,Low,169.0,180.81656804733728,46.04845491497355,88.71965821739019,272.9134778772844
871,871,604,Medium,308.0,259.73376623376623,86.70339887974535,86.32696847427553,433.14056399325693
872,872,605,High,127.0,329.5196850393701,110.90678557065075,107.70611389806857,551.3332561806716
872,872,605,Low,169.0,180.81656804733728,46.04845491497355,88.71965821739019,272.9134778772844
872,872,605,Medium,309.0,259.55663430420714,86.61851461638905,86.31960507142904,432.79366353698526
873,873,605,High,127.0,329.5196850393701,110.90678557065075,107.70611389806857,551.3332561806716
873,873,605,Low,169.0,180.81656804733728,46.04845491497355,88.71965821739019,272.9134778772844
873,873,605,Medium,309.0,259.55663430420714,86.61851461638905,86.31960507142904,432.79366353698526
874,874,605,High,127.0,329.5196850393701,110.90678557065075,107.70611389806857,551.3332561806716
874,874,605,Low,169.0,180.81656804733728,46.04845491497355,88.71965821739019,272.9134778772844
874,874,605,Medium,309.0,259.55663430420714,86.61851461638905,86.31960507142904,432.79366353698526
875,875,607,High,127.0,329.5196850393701,110.90678557065075,107.70611389806857,551.3332561806716
875,875,607,Low,171.0,181.046783625731,46.01583012341538,89.01512337890024,273.07844387256176
875,875,607,Medium,309.0,259.55663430420714,86.61851461638905,86.31960507142904,432.79366353698526
876,876,608,High,128.0,329.296875,110.49803927251774,108.30079645496451,550.2929535450355
876,876,608,Low,171.0,181.046783625731,46.01583012341538,89.01512337890024,273.07844387256176
876,876,608,Medium,309.0,259.55663430420714,86.61851461638905,86.31960507142904,432.79366353698526
877,877,609,High,128.0,329.296875,110.49803927251774,108.30079645496451,550.2929535450355
877,877,609,Low,172.0,180.6918604651163,46.11659952852098,88.45866140807433,272.9250595221582
877,877,609,Medium,309.0,259.55663430420714,86.61851461638905,86.31960507142904,432.79366353698526
878,878,612,High,129.0,328.984496124031,110.12272872914086,108.73903866574929,549.2299535823128
878,878,612,Low,172.0,180.6918604651163,46.11659952852098,88.45866140807433,272.9250595221582
878,878,612,Medium,311.0,259.8745980707395,86.63903816009085,86.59652175055783,433.1526743909212
879,879,615,High,130.0,330.2923076923077,110.70391029373445,108.8844871048388,551.7001282797767
879,879,615,Low,172.0,180.6918604651163,46.11659952852098,88.45866140807433,272.9250595221582
879,879,615,Medium,313.0,259.8690095846645,86.41736139583585,87.03428679299282,432.70373237633623
880,880,615,High,130.0,330.2923076923077,110.70391029373445,108.8844871048388,551.7001282797767
880,880,615,Low,172.0,180.6918604651163,46.11659952852098,88.45866140807433,272.9250595221582
880,880,615,Medium,313.0,259.8690095846645,86.41736139583585,87.03428679299282,432.70373237633623
881,881,615,High,130.0,330.2923076923077,110.70391029373445,108.8844871048388,551.7001282797767
881,881,615,Low,172.0,180.6918604651163,46.11659952852098,88.45866140807433,272.9250595221582
881,881,615,Medium,313.0,259.8690095846645,86.41736139583585,87.03428679299282,432.70373237633623
882,882,617,High,130.0,330.2923076923077,110.70391029373445,108.8844871048388,551.7001282797767
882,882,617,Low,173.0,180.878612716763,46.047905468807734,88.78280177914753,272.9744236543785
882,882,617,Medium,314.0,259.90445859872614,86.28149068606469,87.34147722659677,432.4674399708555
883,883,618,High,130.0,330.2923076923077,110.70391029373445,108.8844871048388,551.7001282797767
883,883,618,Low,174.0,181.0632183908046,45.97915490236681,89.10490858607098,273.0215281955382
883,883,618,Medium,314.0,259.90445859872614,86.28149068606469,87.34147722659677,432.4674399708555
884,884,619,High,130.0,330.2923076923077,110.70391029373445,108.8844871048388,551.7001282797767
884,884,619,Low,174.0,181.0632183908046,45.97915490236681,89.10490858607098,273.0215281955382
884,884,619,Medium,315.0,259.96507936507936,86.15070885685311,87.66366165137313,432.2664970787856
885,885,620,High,130.0,330.2923076923077,110.70391029373445,108.8844871048388,551.7001282797767
885,885,620,Low,174.0,181.0632183908046,45.97915490236681,89.10490858607098,273.0215281955382
885,885,620,Medium,316.0,259.9145569620253,86.01854161579269,87.87747373043993,431.9516401936107
886,886,622,High,130.0,330.2923076923077,110.70391029373445,108.8844871048388,551.7001282797767
886,886,622,Low,174.0,181.0632183908046,45.97915490236681,89.10490858607098,273.0215281955382
886,886,622,Medium,318.0,259.37421383647796,86.58732155524771,86.19957072598254,432.5488569469734
887,887,623,High,130.0,330.2923076923077,110.70391029373445,108.8844871048388,551.7001282797767
887,887,623,Low,174.0,181.0632183908046,45.97915490236681,89.10490858607098,273.0215281955382
887,887,623,Medium,319.0,259.8652037617555,86.89470248528114,86.0757987911932,433.6546087323178
888,888,624,High,130.0,330.2923076923077,110.70391029373445,108.8844871048388,551.7001282797767
888,888,624,Low,174.0,181.0632183908046,45.97915490236681,89.10490858607098,273.0215281955382
888,888,624,Medium,320.0,260.665625,87.93199177939474,84.8016414412105,436.52960855878945
889,889,627,High,132.0,330.3484848484849,109.9790392832028,110.39040628207928,550.3065634148904
889,889,627,Low,174.0,181.0632183908046,45.97915490236681,89.10490858607098,273.0215281955382
889,889,627,Medium,321.0,261.1246105919003,88.17877819337268,84.76705420515495,437.48216697864564
890,890,627,High,132.0,330.3484848484849,109.9790392832028,110.39040628207928,550.3065634148904
890,890,627,Low,174.0,181.0632183908046,45.97915490236681,89.10490858607098,273.0215281955382
890,890,627,Medium,321.0,261.1246105919003,88.17877819337268,84.76705420515495,437.48216697864564
891,891,627,High,132.0,330.3484848484849,109.9790392832028,110.39040628207928,550.3065634148904
891,891,627,Low,174.0,181.0632183908046,45.97915490236681,89.10490858607098,273.0215281955382
891,891,627,Medium,321.0,261.1246105919003,88.17877819337268,84.76705420515495,437.48216697864564
892,892,628,High,132.0,330.3484848484849,109.9790392832028,110.39040628207928,550.3065634148904
892,892,628,Low,175.0,180.88,45.91086316245684,89.05827367508631,272.7017263249137
892,892,628,Medium,321.0,261.1246105919003,88.17877819337268,84.76705420515495,437.48216697864564
893,893,629,High,133.0,330.57142857142856,109.59182435459303,111.3877798622425,549.7550772806146
893,893,629,Low,175.0,180.88,45.91086316245684,89.05827367508631,272.7017263249137
893,893,629,Medium,321.0,261.1246105919003,88.17877819337268,84.76705420515495,437.48216697864564
894,894,630,High,133.0,330.57142857142856,109.59182435459303,111.3877798622425,549.7550772806146
894,894,630,Low,176.0,180.70454545454547,45.838638496586874,89.02726846137172,272.38182244771923
894,894,630,Medium,321.0,261.1246105919003,88.17877819337268,84.76705420515495,437.48216697864564
895,895,632,High,135.0,332.25925925925924,109.7508686915584,112.75752187614245,551.7609966423761
895,895,632,Low,176.0,180.70454545454547,45.838638496586874,89.02726846137172,272.38182244771923
895,895,632,Medium,321.0,261.1246105919003,88.17877819337268,84.76705420515495,437.48216697864564
896,896,632,High,135.0,332.25925925925924,109.7508686915584,112.75752187614245,551.7609966423761
896,896,632,Low,176.0,180.70454545454547,45.838638496586874,89.02726846137172,272.38182244771923
896,896,632,Medium,321.0,261.1246105919003,88.17877819337268,84.76705420515495,437.48216697864564
897,897,634,High,135.0,332.25925925925924,109.7508686915584,112.75752187614245,551.7609966423761
897,897,634,Low,178.0,180.31460674157304,45.74125102491948,88.83210469173409,271.79710879141203
897,897,634,Medium,321.0,261.1246105919003,88.17877819337268,84.76705420515495,437.48216697864564
898,898,634,High,135.0,332.25925925925924,109.7508686915584,112.75752187614245,551.7609966423761
898,898,634,Low,178.0,180.31460674157304,45.74125102491948,88.83210469173409,271.79710879141203
898,898,634,Medium,321.0,261.1246105919003,88.17877819337268,84.76705420515495,437.48216697864564
899,899,635,High,136.0,332.3602941176471,109.3499765648245,113.66034098799807,551.060247247296
899,899,635,Low,178.0,180.31460674157304,45.74125102491948,88.83210469173409,271.79710879141203
899,899,635,Medium,321.0,261.1246105919003,88.17877819337268,84.76705420515495,437.48216697864564
900,900,639,High,137.0,331.7080291970803,109.21438446144931,113.27926027418167,550.136798119979
900,900,639,Low,179.0,180.3240223463687,45.612757351074876,89.09850764421896,271.54953704851846
900,900,639,Medium,323.0,261.625386996904,88.2442909283606,85.13680514018282,438.11396885362524
901,901,640,High,137.0,331.7080291970803,109.21438446144931,113.27926027418167,550.136798119979
901,901,640,Low,179.0,180.3240223463687,45.612757351074876,89.09850764421896,271.54953704851846
901,901,640,Medium,324.0,261.7283950617284,88.1270912188989,85.47421262393061,437.9825774995262
902,902,641,High,137.0,331.7080291970803,109.21438446144931,113.27926027418167,550.136798119979
902,902,641,Low,179.0,180.3240223463687,45.612757351074876,89.09850764421896,271.54953704851846
902,902,641,Medium,325.0,261.9753846153846,88.1035761643843,85.76823228661601,438.1825369441532
903,903,642,High,137.0,331.7080291970803,109.21438446144931,113.27926027418167,550.136798119979
903,903,642,Low,180.0,180.39444444444445,45.49498065779081,89.40448312886282,271.3844057600261
903,903,642,Medium,325.0,261.9753846153846,88.1035761643843,85.76823228661601,438.1825369441532
904,904,642,High,137.0,331.7080291970803,109.21438446144931,113.27926027418167,550.136798119979
904,904,642,Low,180.0,180.39444444444445,45.49498065779081,89.40448312886282,271.3844057600261
904,904,642,Medium,325.0,261.9753846153846,88.1035761643843,85.76823228661601,438.1825369441532
905,905,642,High,137.0,331.7080291970803,109.21438446144931,113.27926027418167,550.136798119979
905,905,642,Low,180.0,180.39444444444445,45.49498065779081,89.40448312886282,271.3844057600261
905,905,642,Medium,325.0,261.9753846153846,88.1035761643843,85.76823228661601,438.1825369441532
906,906,643,High,137.0,331.7080291970803,109.21438446144931,113.27926027418167,550.136798119979
906,906,643,Low,181.0,180.55248618784532,45.41822635739087,89.71603347306358,271.38893890262705
906,906,643,Medium,325.0,261.9753846153846,88.1035761643843,85.76823228661601,438.1825369441532
907,907,645,High,137.0,331.7080291970803,109.21438446144931,113.27926027418167,550.136798119979
907,907,645,Low,181.0,180.55248618784532,45.41822635739087,89.71603347306358,271.38893890262705
907,907,645,Medium,327.0,261.38837920489294,88.44608901522379,84.49620117444536,438.28055723534055
908,908,646,High,137.0,331.7080291970803,109.21438446144931,113.27926027418167,550.136798119979
908,908,646,Low,181.0,180.55248618784532,45.41822635739087,89.71603347306358,271.38893890262705
908,908,646,Medium,328.0,261.4908536585366,88.33024585039232,84.83036195775196,438.1513453593212
909,909,646,High,137.0,331.7080291970803,109.21438446144931,113.27926027418167,550.136798119979
909,909,646,Low,181.0,180.55248618784532,45.41822635739087,89.71603347306358,271.38893890262705
909,909,646,Medium,328.0,261.4908536585366,88.33024585039232,84.83036195775196,438.1513453593212
910,910,646,High,137.0,331.7080291970803,109.21438446144931,113.27926027418167,550.136798119979
910,910,646,Low,181.0,180.55248618784532,45.41822635739087,89.71603347306358,271.38893890262705
910,910,646,Medium,328.0,261.4908536585366,88.33024585039232,84.83036195775196,438.1513453593212
911,911,646,High,137.0,331.7080291970803,109.21438446144931,113.27926027418167,550.136798119979
911,911,646,Low,181.0,180.55248618784532,45.41822635739087,89.71603347306358,271.38893890262705
911,911,646,Medium,328.0,261.4908536585366,88.33024585039232,84.83036195775196,438.1513453593212
912,912,647,High,137.0,331.7080291970803,109.21438446144931,113.27926027418167,550.136798119979
912,912,647,Low,181.0,180.55248618784532,45.41822635739087,89.71603347306358,271.38893890262705
912,912,647,Medium,329.0,260.9209726443769,88.79916956888869,83.32263350659952,438.51931178215426
913,913,648,High,137.0,331.7080291970803,109.21438446144931,113.27926027418167,550.136798119979
913,913,648,Low,182.0,179.76373626373626,46.52575124062632,86.71223378248362,272.8152387449889
913,913,648,Medium,329.0,260.9209726443769,88.79916956888869,83.32263350659952,438.51931178215426
914,914,650,High,137.0,331.7080291970803,109.21438446144931,113.27926027418167,550.136798119979
914,914,650,Low,182.0,179.76373626373626,46.52575124062632,86.71223378248362,272.8152387449889
914,914,650,Medium,331.0,261.48640483383684,88.88584249715782,83.7147198395212,439.2580898281525
915,915,650,High,137.0,331.7080291970803,109.21438446144931,113.27926027418167,550.136798119979
915,915,650,Low,182.0,179.76373626373626,46.52575124062632,86.71223378248362,272.8152387449889
915,915,650,Medium,331.0,261.48640483383684,88.88584249715782,83.7147198395212,439.2580898281525
916,916,651,High,138.0,330.95652173913044,109.17259285255233,112.61133603402578,549.301707444235
916,916,651,Low,182.0,179.76373626373626,46.52575124062632,86.71223378248362,272.8152387449889
916,916,651,Medium,331.0,261.48640483383684,88.88584249715782,83.7147198395212,439.2580898281525
917,917,652,High,138.0,330.95652173913044,109.17259285255233,112.61133603402578,549.301707444235
917,917,652,Low,182.0,179.76373626373626,46.52575124062632,86.71223378248362,272.8152387449889
917,917,652,Medium,332.0,261.7198795180723,88.85336963477364,84.01314024852499,439.42661878761953
918,918,653,High,138.0,330.95652173913044,109.17259285255233,112.61133603402578,549.301707444235
918,918,653,Low,182.0,179.76373626373626,46.52575124062632,86.71223378248362,272.8152387449889
918,918,653,Medium,333.0,261.8078078078078,88.73396172239185,84.33988436302411,439.2757312525915
919,919,653,High,138.0,330.95652173913044,109.17259285255233,112.61133603402578,549.301707444235
919,919,653,Low,182.0,179.76373626373626,46.52575124062632,86.71223378248362,272.8152387449889
919,919,653,Medium,333.0,261.8078078078078,88.73396172239185,84.33988436302411,439.2757312525915
920,920,654,High,138.0,330.95652173913044,109.17259285255233,112.61133603402578,549.301707444235
920,920,654,Low,182.0,179.76373626373626,46.52575124062632,86.71223378248362,272.8152387449889
920,920,654,Medium,334.0,261.9610778443114,88.64489494288638,84.67128795853861,439.2508677300841
921,921,655,High,138.0,330.95652173913044,109.17259285255233,112.61133603402578,549.301707444235
921,921,655,Low,182.0,179.76373626373626,46.52575124062632,86.71223378248362,272.8152387449889
921,921,655,Medium,335.0,262.6208955223881,89.33216715727879,83.9565612078305,441.28522983694563
922,922,657,High,139.0,330.6906474820144,108.82147652222093,113.04769443757255,548.3336005264563
922,922,657,Low,182.0,179.76373626373626,46.52575124062632,86.71223378248362,272.8152387449889
922,922,657,Medium,336.0,263.2083333333333,89.84632679086523,83.51567975160285,442.90098691506375
923,923,659,High,139.0,330.6906474820144,108.82147652222093,113.04769443757255,548.3336005264563
923,923,659,Low,184.0,179.41304347826087,46.468780794215256,86.47548188983036,272.3506050666914
923,923,659,Medium,336.0,263.2083333333333,89.84632679086523,83.51567975160285,442.90098691506375
924,924,659,High,139.0,330.6906474820144,108.82147652222093,113.04769443757255,548.3336005264563
924,924,659,Low,184.0,179.41304347826087,46.468780794215256,86.47548188983036,272.3506050666914
924,924,659,Medium,336.0,263.2083333333333,89.84632679086523,83.51567975160285,442.90098691506375
925,925,659,High,139.0,330.6906474820144,108.82147652222093,113.04769443757255,548.3336005264563
925,925,659,Low,184.0,179.41304347826087,46.468780794215256,86.47548188983036,272.3506050666914
925,925,659,Medium,336.0,263.2083333333333,89.84632679086523,83.51567975160285,442.90098691506375
926,926,659,High,139.0,330.6906474820144,108.82147652222093,113.04769443757255,548.3336005264563
926,926,659,Low,184.0,179.41304347826087,46.468780794215256,86.47548188983036,272.3506050666914
926,926,659,Medium,336.0,263.2083333333333,89.84632679086523,83.51567975160285,442.90098691506375
927,927,659,High,139.0,330.6906474820144,108.82147652222093,113.04769443757255,548.3336005264563
927,927,659,Low,184.0,179.41304347826087,46.468780794215256,86.47548188983036,272.3506050666914
927,927,659,Medium,336.0,263.2083333333333,89.84632679086523,83.51567975160285,442.90098691506375
928,928,659,High,139.0,330.6906474820144,108.82147652222093,113.04769443757255,548.3336005264563
928,928,659,Low,184.0,179.41304347826087,46.468780794215256,86.47548188983036,272.3506050666914
928,928,659,Medium,336.0,263.2083333333333,89.84632679086523,83.51567975160285,442.90098691506375
929,929,659,High,139.0,330.6906474820144,108.82147652222093,113.04769443757255,548.3336005264563
929,929,659,Low,184.0,179.41304347826087,46.468780794215256,86.47548188983036,272.3506050666914
929,929,659,Medium,336.0,263.2083333333333,89.84632679086523,83.51567975160285,442.90098691506375
930,930,660,High,140.0,331.0571428571429,108.5160049481527,114.02513296083748,548.0891527534483
930,930,660,Low,184.0,179.41304347826087,46.468780794215256,86.47548188983036,272.3506050666914
930,930,660,Medium,336.0,263.2083333333333,89.84632679086523,83.51567975160285,442.90098691506375
931,931,661,High,140.0,331.0571428571429,108.5160049481527,114.02513296083748,548.0891527534483
931,931,661,Low,185.0,179.54594594594596,46.37757724348394,86.79079145897808,272.3011004329138
931,931,661,Medium,336.0,263.2083333333333,89.84632679086523,83.51567975160285,442.90098691506375
932,932,663,High,141.0,331.79432624113474,108.4815005776493,114.83132508583614,548.7573273964333
932,932,663,Low,186.0,179.22043010752688,46.46463126651199,86.29116757450291,272.1496926405508
932,932,663,Medium,336.0,263.2083333333333,89.84632679086523,83.51567975160285,442.90098691506375
933,933,663,High,141.0,331.79432624113474,108.4815005776493,114.83132508583614,548.7573273964333
933,933,663,Low,186.0,179.22043010752688,46.46463126651199,86.29116757450291,272.1496926405508
933,933,663,Medium,336.0,263.2083333333333,89.84632679086523,83.51567975160285,442.90098691506375
934,934,665,High,141.0,331.79432624113474,108.4815005776493,114.83132508583614,548.7573273964333
934,934,665,Low,188.0,179.7340425531915,46.51287569007903,86.70829117303344,272.75979393334956
934,934,665,Medium,336.0,263.2083333333333,89.84632679086523,83.51567975160285,442.90098691506375
935,935,665,High,141.0,331.79432624113474,108.4815005776493,114.83132508583614,548.7573273964333
935,935,665,Low,188.0,179.7340425531915,46.51287569007903,86.70829117303344,272.75979393334956
935,935,665,Medium,336.0,263.2083333333333,89.84632679086523,83.51567975160285,442.90098691506375
936,936,666,High,141.0,331.79432624113474,108.4815005776493,114.83132508583614,548.7573273964333
936,936,666,Low,188.0,179.7340425531915,46.51287569007903,86.70829117303344,272.75979393334956
936,936,666,Medium,337.0,262.96439169139467,89.82422604964404,83.31593959210659,442.61284379068275
937,937,667,High,141.0,331.79432624113474,108.4815005776493,114.83132508583614,548.7573273964333
937,937,667,Low,188.0,179.7340425531915,46.51287569007903,86.70829117303344,272.75979393334956
937,937,667,Medium,338.0,262.8698224852071,89.70770656845794,83.45440934829125,442.28523562212297
938,938,668,High,142.0,332.3732394366197,108.31603413356923,115.74117116948125,549.0053077037581
938,938,668,Low,188.0,179.7340425531915,46.51287569007903,86.70829117303344,272.75979393334956
938,938,668,Medium,338.0,262.8698224852071,89.70770656845794,83.45440934829125,442.28523562212297
939,939,670,High,142.0,332.3732394366197,108.31603413356923,115.74117116948125,549.0053077037581
939,939,670,Low,189.0,180.010582010582,46.544532487142824,86.92151703629635,273.09964698486766
939,939,670,Medium,339.0,262.8466076696165,89.57592435283685,83.6947589639428,441.9984563752902
940,940,673,High,144.0,333.30555555555554,107.84444105016941,117.61667345521673,548.9944376558943
940,940,673,Low,189.0,180.010582010582,46.544532487142824,86.92151703629635,273.09964698486766
940,940,673,Medium,340.0,262.6294117647059,89.53332475419903,83.56276225630782,441.69606127310396
941,941,673,High,144.0,333.30555555555554,107.84444105016941,117.61667345521673,548.9944376558943
941,941,673,Low,189.0,180.010582010582,46.544532487142824,86.92151703629635,273.09964698486766
941,941,673,Medium,340.0,262.6294117647059,89.53332475419903,83.56276225630782,441.69606127310396
942,942,673,High,144.0,333.30555555555554,107.84444105016941,117.61667345521673,548.9944376558943
942,942,673,Low,189.0,180.010582010582,46.544532487142824,86.92151703629635,273.09964698486766
942,942,673,Medium,340.0,262.6294117647059,89.53332475419903,83.56276225630782,441.69606127310396
943,943,676,High,144.0,333.30555555555554,107.84444105016941,117.61667345521673,548.9944376558943
943,943,676,Low,189.0,180.010582010582,46.544532487142824,86.92151703629635,273.09964698486766
943,943,676,Medium,343.0,263.4344023323615,89.60341919339689,84.22756394556774,442.6412407191553
944,944,676,High,144.0,333.30555555555554,107.84444105016941,117.61667345521673,548.9944376558943
944,944,676,Low,189.0,180.010582010582,46.544532487142824,86.92151703629635,273.09964698486766
944,944,676,Medium,343.0,263.4344023323615,89.60341919339689,84.22756394556774,442.6412407191553
945,945,676,High,144.0,333.30555555555554,107.84444105016941,117.61667345521673,548.9944376558943
945,945,676,Low,189.0,180.010582010582,46.544532487142824,86.92151703629635,273.09964698486766
945,945,676,Medium,343.0,263.4344023323615,89.60341919339689,84.22756394556774,442.6412407191553
946,946,678,High,144.0,333.30555555555554,107.84444105016941,117.61667345521673,548.9944376558943
946,946,678,Low,190.0,180.0157894736842,46.42129099141837,87.17320749084747,272.85837145652096
946,946,678,Medium,344.0,263.76162790697674,89.678311607949,84.40500469107874,443.11825112287477
947,947,680,High,144.0,333.30555555555554,107.84444105016941,117.61667345521673,548.9944376558943
947,947,680,Low,191.0,179.97905759162305,46.30175148616019,87.37555461930266,272.58256056394345
947,947,680,Medium,345.0,263.936231884058,89.60657869298635,84.72307449808528,443.14938927003067
948,948,680,High,144.0,333.30555555555554,107.84444105016941,117.61667345521673,548.9944376558943
948,948,680,Low,191.0,179.97905759162305,46.30175148616019,87.37555461930266,272.58256056394345
948,948,680,Medium,345.0,263.936231884058,89.60657869298635,84.72307449808528,443.14938927003067
949,949,683,High,145.0,333.24827586206897,107.47154216572372,118.30519153062153,548.1913601935164
949,949,683,Low,192.0,179.99479166666666,46.18089827408508,87.6329951184965,272.35658821483685
949,949,683,Medium,346.0,263.87861271676303,89.48303866054695,84.91253539566912,442.84469003785694
950,950,684,High,145.0,333.24827586206897,107.47154216572372,118.30519153062153,548.1913601935164
950,950,684,Low,192.0,179.99479166666666,46.18089827408508,87.6329951184965,272.35658821483685
950,950,684,Medium,347.0,264.20172910662825,89.5561289260284,85.08947125457144,443.31398695868506
951,951,684,High,145.0,333.24827586206897,107.47154216572372,118.30519153062153,548.1913601935164
951,951,684,Low,192.0,179.99479166666666,46.18089827408508,87.6329951184965,272.35658821483685
951,951,684,Medium,347.0,264.20172910662825,89.5561289260284,85.08947125457144,443.31398695868506
952,952,684,High,145.0,333.24827586206897,107.47154216572372,118.30519153062153,548.1913601935164
952,952,684,Low,192.0,179.99479166666666,46.18089827408508,87.6329951184965,272.35658821483685
952,952,684,Medium,347.0,264.20172910662825,89.5561289260284,85.08947125457144,443.31398695868506
953,953,684,High,145.0,333.24827586206897,107.47154216572372,118.30519153062153,548.1913601935164
953,953,684,Low,192.0,179.99479166666666,46.18089827408508,87.6329951184965,272.35658821483685
953,953,684,Medium,347.0,264.20172910662825,89.5561289260284,85.08947125457144,443.31398695868506
954,954,684,High,145.0,333.24827586206897,107.47154216572372,118.30519153062153,548.1913601935164
954,954,684,Low,192.0,179.99479166666666,46.18089827408508,87.6329951184965,272.35658821483685
954,954,684,Medium,347.0,264.20172910662825,89.5561289260284,85.08947125457144,443.31398695868506
955,955,684,High,145.0,333.24827586206897,107.47154216572372,118.30519153062153,548.1913601935164
955,955,684,Low,192.0,179.99479166666666,46.18089827408508,87.6329951184965,272.35658821483685
955,955,684,Medium,347.0,264.20172910662825,89.5561289260284,85.08947125457144,443.31398695868506
956,956,686,High,146.0,333.1917808219178,107.10248492358525,118.9868109747473,547.3967506690883
956,956,686,Low,192.0,179.99479166666666,46.18089827408508,87.6329951184965,272.35658821483685
956,956,686,Medium,348.0,264.1666666666667,89.42938439611345,85.30789787443979,443.0254354588936
957,957,687,High,146.0,333.1917808219178,107.10248492358525,118.9868109747473,547.3967506690883
957,957,687,Low,192.0,179.99479166666666,46.18089827408508,87.6329951184965,272.35658821483685
957,957,687,Medium,349.0,264.3266475644699,89.35079970854467,85.62504814738057,443.0282469815593
958,958,689,High,146.0,333.1917808219178,107.10248492358525,118.9868109747473,547.3967506690883
958,958,689,Low,193.0,180.67875647668393,47.03035826405741,86.6180399485691,274.73947300479875
958,958,689,Medium,350.0,264.28285714285715,89.22645921099844,85.82993872086027,442.73577556485407
959,959,689,High,146.0,333.1917808219178,107.10248492358525,118.9868109747473,547.3967506690883
959,959,689,Low,193.0,180.67875647668393,47.03035826405741,86.6180399485691,274.73947300479875
959,959,689,Medium,350.0,264.28285714285715,89.22645921099844,85.82993872086027,442.73577556485407
960,960,690,High,146.0,333.1917808219178,107.10248492358525,118.9868109747473,547.3967506690883
960,960,690,Low,193.0,180.67875647668393,47.03035826405741,86.6180399485691,274.73947300479875
960,960,690,Medium,351.0,264.11965811965814,89.15134762796795,85.81696286372224,442.42235337559407
961,961,690,High,146.0,333.1917808219178,107.10248492358525,118.9868109747473,547.3967506690883
961,961,690,Low,193.0,180.67875647668393,47.03035826405741,86.6180399485691,274.73947300479875
961,961,690,Medium,351.0,264.11965811965814,89.15134762796795,85.81696286372224,442.42235337559407
962,962,693,High,146.0,333.1917808219178,107.10248492358525,118.9868109747473,547.3967506690883
962,962,693,Low,195.0,180.8,46.80587239569034,87.18825520861932,274.41174479138067
962,962,693,Medium,352.0,264.03125,89.03971162198638,85.95182675602723,442.11067324397277
963,963,694,High,146.0,333.1917808219178,107.10248492358525,118.9868109747473,547.3967506690883
963,963,694,Low,195.0,180.8,46.80587239569034,87.18825520861932,274.41174479138067
963,963,694,Medium,353.0,264.20113314447593,88.97041642429431,86.2603002958873,442.14196599306456
964,964,697,High,146.0,333.1917808219178,107.10248492358525,118.9868109747473,547.3967506690883
964,964,697,Low,196.0,180.73979591836735,46.693310869525355,87.35317417931664,274.1264176574181
964,964,697,Medium,355.0,263.87605633802815,89.3723333761862,85.13138958565574,442.6207230904006
965,965,698,High,146.0,333.1917808219178,107.10248492358525,118.9868109747473,547.3967506690883
965,965,698,Low,196.0,180.73979591836735,46.693310869525355,87.35317417931664,274.1264176574181
965,965,698,Medium,356.0,263.9887640449438,89.2717004045291,85.44536323588562,442.532164854002
966,966,698,High,146.0,333.1917808219178,107.10248492358525,118.9868109747473,547.3967506690883
966,966,698,Low,196.0,180.73979591836735,46.693310869525355,87.35317417931664,274.1264176574181
966,966,698,Medium,356.0,263.9887640449438,89.2717004045291,85.44536323588562,442.532164854002
967,967,698,High,146.0,333.1917808219178,107.10248492358525,118.9868109747473,547.3967506690883
967,967,698,Low,196.0,180.73979591836735,46.693310869525355,87.35317417931664,274.1264176574181
967,967,698,Medium,356.0,263.9887640449438,89.2717004045291,85.44536323588562,442.532164854002
968,968,699,High,147.0,332.5170068027211,107.04814905283017,118.42070869706075,546.6133049083815
968,968,699,Low,196.0,180.73979591836735,46.693310869525355,87.35317417931664,274.1264176574181
968,968,699,Medium,356.0,263.9887640449438,89.2717004045291,85.44536323588562,442.532164854002
969,969,700,High,147.0,332.5170068027211,107.04814905283017,118.42070869706075,546.6133049083815
969,969,700,Low,196.0,180.73979591836735,46.693310869525355,87.35317417931664,274.1264176574181
969,969,700,Medium,357.0,263.77591036414566,89.23690337342136,85.30210361730295,442.2497171109884
970,970,701,High,147.0,332.5170068027211,107.04814905283017,118.42070869706075,546.6133049083815
970,970,701,Low,196.0,180.73979591836735,46.693310869525355,87.35317417931664,274.1264176574181
970,970,701,Medium,358.0,263.5195530726257,89.24374709366425,85.03205888529718,442.0070472599542
971,971,704,High,148.0,331.9121621621622,106.93687686382324,118.0384084345157,545.7859158898086
971,971,704,Low,196.0,180.73979591836735,46.693310869525355,87.35317417931664,274.1264176574181
971,971,704,Medium,360.0,263.3888888888889,89.01355966242403,85.36176956404086,441.416008213737
972,972,705,High,148.0,331.9121621621622,106.93687686382324,118.0384084345157,545.7859158898086
972,972,705,Low,197.0,180.7005076142132,46.57730736061822,87.54589289297675,273.85512233544966
972,972,705,Medium,360.0,263.3888888888889,89.01355966242403,85.36176956404086,441.416008213737
973,973,708,High,148.0,331.9121621621622,106.93687686382324,118.0384084345157,545.7859158898086
973,973,708,Low,197.0,180.7005076142132,46.57730736061822,87.54589289297675,273.85512233544966
973,973,708,Medium,363.0,263.8484848484849,89.27096789563754,85.30654905720979,442.39042063975995
974,974,709,High,148.0,331.9121621621622,106.93687686382324,118.0384084345157,545.7859158898086
974,974,709,Low,197.0,180.7005076142132,46.57730736061822,87.54589289297675,273.85512233544966
974,974,709,Medium,364.0,264.20054945054943,89.40061135692554,85.39932673669836,443.0017721644005
975,975,709,High,148.0,331.9121621621622,106.93687686382324,118.0384084345157,545.7859158898086
975,975,709,Low,197.0,180.7005076142132,46.57730736061822,87.54589289297675,273.85512233544966
975,975,709,Medium,364.0,264.20054945054943,89.40061135692554,85.39932673669836,443.0017721644005
976,976,711,High,149.0,330.7852348993289,107.4590785569212,115.86707778548649,545.7033920131713
976,976,711,Low,197.0,180.7005076142132,46.57730736061822,87.54589289297675,273.85512233544966
976,976,711,Medium,365.0,263.50958904109586,90.2483937399046,83.01280156128666,444.00637652090506
977,977,713,High,149.0,330.7852348993289,107.4590785569212,115.86707778548649,545.7033920131713
977,977,713,Low,199.0,180.67336683417085,46.77281050186677,87.1277458304373,274.21898783790436
977,977,713,Medium,365.0,263.50958904109586,90.2483937399046,83.01280156128666,444.00637652090506
978,978,713,High,149.0,330.7852348993289,107.4590785569212,115.86707778548649,545.7033920131713
978,978,713,Low,199.0,180.67336683417085,46.77281050186677,87.1277458304373,274.21898783790436
978,978,713,Medium,365.0,263.50958904109586,90.2483937399046,83.01280156128666,444.00637652090506
979,979,714,High,150.0,330.76666666666665,107.09811199475537,116.57044267715591,544.9628906561774
979,979,714,Low,199.0,180.67336683417085,46.77281050186677,87.1277458304373,274.21898783790436
979,979,714,Medium,365.0,263.50958904109586,90.2483937399046,83.01280156128666,444.00637652090506
980,980,714,High,150.0,330.76666666666665,107.09811199475537,116.57044267715591,544.9628906561774
980,980,714,Low,199.0,180.67336683417085,46.77281050186677,87.1277458304373,274.21898783790436
980,980,714,Medium,365.0,263.50958904109586,90.2483937399046,83.01280156128666,444.00637652090506
981,981,717,High,150.0,330.76666666666665,107.09811199475537,116.57044267715591,544.9628906561774
981,981,717,Low,201.0,180.3582089552239,46.75458314193505,86.84904267135379,273.867375239094
981,981,717,Medium,366.0,263.3333333333333,90.18773924709662,82.95785483914008,443.7088118275266
982,982,717,High,150.0,330.76666666666665,107.09811199475537,116.57044267715591,544.9628906561774
982,982,717,Low,201.0,180.3582089552239,46.75458314193505,86.84904267135379,273.867375239094
982,982,717,Medium,366.0,263.3333333333333,90.18773924709662,82.95785483914008,443.7088118275266
983,983,717,High,150.0,330.76666666666665,107.09811199475537,116.57044267715591,544.9628906561774
983,983,717,Low,201.0,180.3582089552239,46.75458314193505,86.84904267135379,273.867375239094
983,983,717,Medium,366.0,263.3333333333333,90.18773924709662,82.95785483914008,443.7088118275266
984,984,717,High,150.0,330.76666666666665,107.09811199475537,116.57044267715591,544.9628906561774
984,984,717,Low,201.0,180.3582089552239,46.75458314193505,86.84904267135379,273.867375239094
984,984,717,Medium,366.0,263.3333333333333,90.18773924709662,82.95785483914008,443.7088118275266
985,985,719,High,150.0,330.76666666666665,107.09811199475537,116.57044267715591,544.9628906561774
985,985,719,Low,201.0,180.3582089552239,46.75458314193505,86.84904267135379,273.867375239094
985,985,719,Medium,368.0,263.4592391304348,89.97316264392259,83.51291384258963,443.40556441828
986,986,720,High,150.0,330.76666666666665,107.09811199475537,116.57044267715591,544.9628906561774
986,986,720,Low,202.0,180.44059405940595,46.65282952970722,87.13493499999151,273.7462531188204
986,986,720,Medium,368.0,263.4592391304348,89.97316264392259,83.51291384258963,443.40556441828
987,987,722,High,151.0,330.6622516556291,106.74823261095669,117.16578643371574,544.1587168775425
987,987,722,Low,202.0,180.44059405940595,46.65282952970722,87.13493499999151,273.7462531188204
987,987,722,Medium,369.0,263.5447154471545,89.86583466290548,83.81304612134352,443.27638477296546
988,988,722,High,151.0,330.6622516556291,106.74823261095669,117.16578643371574,544.1587168775425
988,988,722,Low,202.0,180.44059405940595,46.65282952970722,87.13493499999151,273.7462531188204
988,988,722,Medium,369.0,263.5447154471545,89.86583466290548,83.81304612134352,443.27638477296546
989,989,723,High,151.0,330.6622516556291,106.74823261095669,117.16578643371574,544.1587168775425
989,989,723,Low,202.0,180.44059405940595,46.65282952970722,87.13493499999151,273.7462531188204
989,989,723,Medium,370.0,263.5,89.74810428205284,84.00379143589433,442.9962085641057
990,990,723,High,151.0,330.6622516556291,106.74823261095669,117.16578643371574,544.1587168775425
990,990,723,Low,202.0,180.44059405940595,46.65282952970722,87.13493499999151,273.7462531188204
990,990,723,Medium,370.0,263.5,89.74810428205284,84.00379143589433,442.9962085641057
991,991,726,High,154.0,330.81168831168833,106.13733669908727,118.53701491351379,543.0863617098629
991,991,726,Low,202.0,180.44059405940595,46.65282952970722,87.13493499999151,273.7462531188204
991,991,726,Medium,370.0,263.5,89.74810428205284,84.00379143589433,442.9962085641057
992,992,727,High,154.0,330.81168831168833,106.13733669908727,118.53701491351379,543.0863617098629
992,992,727,Low,203.0,180.44827586206895,46.53733766039459,87.37360054127977,273.52295118285815
992,992,727,Medium,370.0,263.5,89.74810428205284,84.00379143589433,442.9962085641057
993,993,728,High,154.0,330.81168831168833,106.13733669908727,118.53701491351379,543.0863617098629
993,993,728,Low,204.0,180.61274509803923,46.48196890000899,87.64880729802125,273.5766828980572
993,993,728,Medium,370.0,263.5,89.74810428205284,84.00379143589433,442.9962085641057
994,994,729,High,154.0,330.81168831168833,106.13733669908727,118.53701491351379,543.0863617098629
994,994,729,Low,204.0,180.61274509803923,46.48196890000899,87.64880729802125,273.5766828980572
994,994,729,Medium,371.0,263.455525606469,89.6308347065672,84.1938561933346,442.7171950196034
995,995,730,High,154.0,330.81168831168833,106.13733669908727,118.53701491351379,543.0863617098629
995,995,730,Low,204.0,180.61274509803923,46.48196890000899,87.64880729802125,273.5766828980572
995,995,730,Medium,372.0,263.5860215053763,89.54533624610559,84.49534901316514,442.6766939975875
996,996,732,High,154.0,330.81168831168833,106.13733669908727,118.53701491351379,543.0863617098629
996,996,732,Low,205.0,180.61951219512196,46.368003777073284,87.88350464097539,273.3555197492685
996,996,732,Medium,373.0,263.5871313672922,89.42490118659735,84.73732899409751,442.4369337404869
997,997,733,High,154.0,330.81168831168833,106.13733669908727,118.53701491351379,543.0863617098629
997,997,733,Low,206.0,180.23300970873785,46.58623347026721,87.06054276820343,273.40547664927226
997,997,733,Medium,373.0,263.5871313672922,89.42490118659735,84.73732899409751,442.4369337404869
998,998,734,High,155.0,331.98064516129034,106.78850751482298,118.40363013164438,545.5576601909363
998,998,734,Low,206.0,180.23300970873785,46.58623347026721,87.06054276820343,273.40547664927226
998,998,734,Medium,373.0,263.5871313672922,89.42490118659735,84.73732899409751,442.4369337404869
999,999,735,High,155.0,331.98064516129034,106.78850751482298,118.40363013164438,545.5576601909363
999,999,735,Low,206.0,180.23300970873785,46.58623347026721,87.06054276820343,273.40547664927226
999,999,735,Medium,374.0,263.72192513368987,89.3429858234824,85.03595348672508,442.40789678065465
1000,1000,735,High,155.0,331.98064516129034,106.78850751482298,118.40363013164438,545.5576601909363
1000,1000,735,Low,206.0,180.23300970873785,46.58623347026721,87.06054276820343,273.40547664927226
1000,1000,735,Medium,374.0,263.72192513368987,89.3429858234824,85.03595348672508,442.40789678065465
1001,1000,735,High,155.0,331.98064516129034,106.78850751482298,118.40363013164438,545.5576601909363
1001,1000,735,Low,206.0,180.23300970873785,46.58623347026721,87.06054276820343,273.40547664927226
1001,1000,735,Medium,374.0,263.72192513368987,89.3429858234824,85.03595348672508,442.40789678065465
1002,1000,737,High,155.0,331.98064516129034,106.78850751482298,118.40363013164438,545.5576601909363
1002,1000,737,Low,206.0,180.23300970873785,46.58623347026721,87.06054276820343,273.40547664927226
1002,1000,737,Medium,376.0,263.63563829787233,89.11351685645015,85.40860458497204,441.8626720107726
1003,1000,740,High,156.0,331.6923076923077,106.5043761260308,118.68355544024607,544.7010599443693
1003,1000,740,Low,207.0,180.40579710144928,46.53946613335877,87.32686483473174,273.4847293681668
1003,1000,740,Medium,377.0,263.7082228116711,89.00609446784142,85.69603387598823,441.7204117473539
1004,1000,742,High,156.0,331.6923076923077,106.5043761260308,118.68355544024607,544.7010599443693
1004,1000,742,Low,207.0,180.40579710144928,46.53946613335877,87.32686483473174,273.4847293681668
1004,1000,742,Medium,379.0,263.86015831134563,89.05496769341022,85.75022292452519,441.97009369816607
1005,1000,743,High,156.0,331.6923076923077,106.5043761260308,118.68355544024607,544.7010599443693
1005,1000,743,Low,207.0,180.40579710144928,46.53946613335877,87.32686483473174,273.4847293681668
1005,1000,743,Medium,380.0,263.90263157894736,88.94125714542139,86.02011728810459,441.78514586979014
1006,1000,745,High,156.0,331.6923076923077,106.5043761260308,118.68355544024607,544.7010599443693
1006,1000,745,Low,207.0,180.40579710144928,46.53946613335877,87.32686483473174,273.4847293681668
1006,1000,745,Medium,382.0,263.85078534031413,88.7903617106888,86.27006191893653,441.4315087616917
1007,1000,746,High,157.0,331.7515923566879,106.16506596532831,119.4214604260313,544.0817242873445
1007,1000,746,Low,207.0,180.40579710144928,46.53946613335877,87.32686483473174,273.4847293681668
1007,1000,746,Medium,382.0,263.85078534031413,88.7903617106888,86.27006191893653,441.4315087616917
1008,1000,746,High,157.0,331.7515923566879,106.16506596532831,119.4214604260313,544.0817242873445
1008,1000,746,Low,207.0,180.40579710144928,46.53946613335877,87.32686483473174,273.4847293681668
1008,1000,746,Medium,382.0,263.85078534031413,88.7903617106888,86.27006191893653,441.4315087616917
1009,1000,748,High,157.0,331.7515923566879,106.16506596532831,119.4214604260313,544.0817242873445
1009,1000,748,Low,207.0,180.40579710144928,46.53946613335877,87.32686483473174,273.4847293681668
1009,1000,748,Medium,384.0,263.7265625,88.66082713968267,86.40490822063467,441.04821677936536
1010,1000,751,High,158.0,330.69620253164555,106.65467275818803,117.3868570152695,544.0055480480216
1010,1000,751,Low,207.0,180.40579710144928,46.53946613335877,87.32686483473174,273.4847293681668
1010,1000,751,Medium,386.0,263.30829015544043,88.63217898638187,86.04393218267668,440.57264812820415
1011,1000,751,High,158.0,330.69620253164555,106.65467275818803,117.3868570152695,544.0055480480216
1011,1000,751,Low,207.0,180.40579710144928,46.53946613335877,87.32686483473174,273.4847293681668
1011,1000,751,Medium,386.0,263.30829015544043,88.63217898638187,86.04393218267668,440.57264812820415
1012,1000,752,High,159.0,330.9685534591195,106.37207336607705,118.22440672696541,543.7127001912736
1012,1000,752,Low,207.0,180.40579710144928,46.53946613335877,87.32686483473174,273.4847293681668
1012,1000,752,Medium,386.0,263.30829015544043,88.63217898638187,86.04393218267668,440.57264812820415
1013,1000,753,High,159.0,330.9685534591195,106.37207336607705,118.22440672696541,543.7127001912736
1013,1000,753,Low,207.0,180.40579710144928,46.53946613335877,87.32686483473174,273.4847293681668
1013,1000,753,Medium,387.0,262.77260981912144,89.14237301936453,84.48786378039239,441.0573558578505
1014,1000,755,High,159.0,330.9685534591195,106.37207336607705,118.22440672696541,543.7127001912736
1014,1000,755,Low,207.0,180.40579710144928,46.53946613335877,87.32686483473174,273.4847293681668
1014,1000,755,Medium,389.0,262.853470437018,88.9293801806623,84.9947100756934,440.7122307983426
1015,1000,756,High,159.0,330.9685534591195,106.37207336607705,118.22440672696541,543.7127001912736
1015,1000,756,Low,207.0,180.40579710144928,46.53946613335877,87.32686483473174,273.4847293681668
1015,1000,756,Medium,390.0,263.0230769230769,88.87813777044174,85.26680138219345,440.77935246396044
1016,1000,756,High,159.0,330.9685534591195,106.37207336607705,118.22440672696541,543.7127001912736
1016,1000,756,Low,207.0,180.40579710144928,46.53946613335877,87.32686483473174,273.4847293681668
1016,1000,756,Medium,390.0,263.0230769230769,88.87813777044174,85.26680138219345,440.77935246396044
1017,1000,757,High,159.0,330.9685534591195,106.37207336607705,118.22440672696541,543.7127001912736
1017,1000,757,Low,208.0,180.45673076923077,46.432726806952616,87.59127715532554,273.322184383136
1017,1000,757,Medium,390.0,263.0230769230769,88.87813777044174,85.26680138219345,440.77935246396044
1018,1000,758,High,159.0,330.9685534591195,106.37207336607705,118.22440672696541,543.7127001912736
1018,1000,758,Low,209.0,180.42583732057417,46.323128282088106,87.77958075639796,273.0720938847504
1018,1000,758,Medium,390.0,263.0230769230769,88.87813777044174,85.26680138219345,440.77935246396044
1019,1000,758,High,159.0,330.9685534591195,106.37207336607705,118.22440672696541,543.7127001912736
1019,1000,758,Low,209.0,180.42583732057417,46.323128282088106,87.77958075639796,273.0720938847504
1019,1000,758,Medium,390.0,263.0230769230769,88.87813777044174,85.26680138219345,440.77935246396044
1020,1000,759,High,159.0,330.9685534591195,106.37207336607705,118.22440672696541,543.7127001912736
1020,1000,759,Low,210.0,180.3047619047619,46.245470241804455,87.813821421153,272.79570238837084
1020,1000,759,Medium,390.0,263.0230769230769,88.87813777044174,85.26680138219345,440.77935246396044
1021,1000,760,High,160.0,330.4625,106.23007471326052,118.00235057347894,542.922649426521
1021,1000,760,Low,210.0,180.3047619047619,46.245470241804455,87.813821421153,272.79570238837084
1021,1000,760,Medium,390.0,263.0230769230769,88.87813777044174,85.26680138219345,440.77935246396044
1022,1000,762,High,160.0,330.4625,106.23007471326052,118.00235057347894,542.922649426521
1022,1000,762,Low,210.0,180.3047619047619,46.245470241804455,87.813821421153,272.79570238837084
1022,1000,762,Medium,392.0,263.0280612244898,88.6547181886057,85.71862484727842,440.3374976017012
1023,1000,762,High,160.0,330.4625,106.23007471326052,118.00235057347894,542.922649426521
1023,1000,762,Low,210.0,180.3047619047619,46.245470241804455,87.813821421153,272.79570238837084
1023,1000,762,Medium,392.0,263.0280612244898,88.6547181886057,85.71862484727842,440.3374976017012
1024,1000,763,High,160.0,330.4625,106.23007471326052,118.00235057347894,542.922649426521
1024,1000,763,Low,211.0,180.18009478672985,46.17075741192656,87.83857996287674,272.52160961058297
1024,1000,763,Medium,392.0,263.0280612244898,88.6547181886057,85.71862484727842,440.3374976017012
1025,1000,764,High,160.0,330.4625,106.23007471326052,118.00235057347894,542.922649426521
1025,1000,764,Low,211.0,180.18009478672985,46.17075741192656,87.83857996287674,272.52160961058297
1025,1000,764,Medium,393.0,263.2773536895674,88.67938076334887,85.91859216286966,440.6361152162651
1026,1000,764,High,160.0,330.4625,106.23007471326052,118.00235057347894,542.922649426521
1026,1000,764,Low,211.0,180.18009478672985,46.17075741192656,87.83857996287674,272.52160961058297
1026,1000,764,Medium,393.0,263.2773536895674,88.67938076334887,85.91859216286966,440.6361152162651
1027,1000,764,High,160.0,330.4625,106.23007471326052,118.00235057347894,542.922649426521
1027,1000,764,Low,211.0,180.18009478672985,46.17075741192656,87.83857996287674,272.52160961058297
1027,1000,764,Medium,393.0,263.2773536895674,88.67938076334887,85.91859216286966,440.6361152162651
1028,1000,765,High,160.0,330.4625,106.23007471326052,118.00235057347894,542.922649426521
1028,1000,765,Low,211.0,180.18009478672985,46.17075741192656,87.83857996287674,272.52160961058297
1028,1000,765,Medium,394.0,263.2258883248731,88.57237657969199,86.08113516548912,440.3706414842571
1029,1000,768,High,162.0,331.1296296296296,107.18499355478934,116.75964252005093,545.4996167392082
1029,1000,768,Low,212.0,180.16509433962264,46.06173591124127,88.0416225171401,272.2885661621052
1029,1000,768,Medium,394.0,263.2258883248731,88.57237657969199,86.08113516548912,440.3706414842571
1030,1000,769,High,162.0,331.1296296296296,107.18499355478934,116.75964252005093,545.4996167392082
1030,1000,769,Low,213.0,180.28638497652582,45.98705368046079,88.31227761560424,272.26049233744743
1030,1000,769,Medium,394.0,263.2258883248731,88.57237657969199,86.08113516548912,440.3706414842571
1031,1000,770,High,163.0,331.3558282208589,106.89268190207046,117.57046441671795,545.1411920249998
1031,1000,770,Low,213.0,180.28638497652582,45.98705368046079,88.31227761560424,272.26049233744743
1031,1000,770,Medium,394.0,263.2258883248731,88.57237657969199,86.08113516548912,440.3706414842571
1032,1000,770,High,163.0,331.3558282208589,106.89268190207046,117.57046441671795,545.1411920249998
1032,1000,770,Low,213.0,180.28638497652582,45.98705368046079,88.31227761560424,272.26049233744743
1032,1000,770,Medium,394.0,263.2258883248731,88.57237657969199,86.08113516548912,440.3706414842571
1033,1000,770,High,163.0,331.3558282208589,106.89268190207046,117.57046441671795,545.1411920249998
1033,1000,770,Low,213.0,180.28638497652582,45.98705368046079,88.31227761560424,272.26049233744743
1033,1000,770,Medium,394.0,263.2258883248731,88.57237657969199,86.08113516548912,440.3706414842571
1034,1000,770,High,163.0,331.3558282208589,106.89268190207046,117.57046441671795,545.1411920249998
1034,1000,770,Low,213.0,180.28638497652582,45.98705368046079,88.31227761560424,272.26049233744743
1034,1000,770,Medium,394.0,263.2258883248731,88.57237657969199,86.08113516548912,440.3706414842571
1035,1000,770,High,163.0,331.3558282208589,106.89268190207046,117.57046441671795,545.1411920249998
1035,1000,770,Low,213.0,180.28638497652582,45.98705368046079,88.31227761560424,272.26049233744743
1035,1000,770,Medium,394.0,263.2258883248731,88.57237657969199,86.08113516548912,440.3706414842571
1036,1000,770,High,163.0,331.3558282208589,106.89268190207046,117.57046441671795,545.1411920249998
1036,1000,770,Low,213.0,180.28638497652582,45.98705368046079,88.31227761560424,272.26049233744743
1036,1000,770,Medium,394.0,263.2258883248731,88.57237657969199,86.08113516548912,440.3706414842571
1037,1000,772,High,163.0,331.3558282208589,106.89268190207046,117.57046441671795,545.1411920249998
1037,1000,772,Low,214.0,179.87383177570092,46.27421804494481,87.3253956858113,272.4222678655905
1037,1000,772,Medium,395.0,263.01518987341774,88.55896410873422,85.89726165594931,440.13311809088617
1038,1000,772,High,163.0,331.3558282208589,106.89268190207046,117.57046441671795,545.1411920249998
1038,1000,772,Low,214.0,179.87383177570092,46.27421804494481,87.3253956858113,272.4222678655905
1038,1000,772,Medium,395.0,263.01518987341774,88.55896410873422,85.89726165594931,440.13311809088617
1039,1000,773,High,164.0,330.8658536585366,106.74886096662439,117.36813172528781,544.3635755917853
1039,1000,773,Low,214.0,179.87383177570092,46.27421804494481,87.3253956858113,272.4222678655905
1039,1000,773,Medium,395.0,263.01518987341774,88.55896410873422,85.89726165594931,440.13311809088617
1040,1000,774,High,164.0,330.8658536585366,106.74886096662439,117.36813172528781,544.3635755917853
1040,1000,774,Low,214.0,179.87383177570092,46.27421804494481,87.3253956858113,272.4222678655905
1040,1000,774,Medium,396.0,263.1439393939394,88.48389391388359,86.1761515661722,440.1117272217066
1041,1000,775,High,164.0,330.8658536585366,106.74886096662439,117.36813172528781,544.3635755917853
1041,1000,775,Low,215.0,180.1906976744186,46.39918129894006,87.39233507653849,272.98906027229873
1041,1000,775,Medium,396.0,263.1439393939394,88.48389391388359,86.1761515661722,440.1117272217066
1042,1000,775,High,164.0,330.8658536585366,106.74886096662439,117.36813172528781,544.3635755917853
1042,1000,775,Low,215.0,180.1906976744186,46.39918129894006,87.39233507653849,272.98906027229873
1042,1000,775,Medium,396.0,263.1439393939394,88.48389391388359,86.1761515661722,440.1117272217066
1043,1000,776,High,164.0,330.8658536585366,106.74886096662439,117.36813172528781,544.3635755917853
1043,1000,776,Low,216.0,180.3148148148148,46.32707745025391,87.66065991430699,272.9689697153226
1043,1000,776,Medium,396.0,263.1439393939394,88.48389391388359,86.1761515661722,440.1117272217066
1044,1000,778,High,166.0,330.84939759036143,106.31585972910126,118.21767813215891,543.481117048564
1044,1000,778,Low,216.0,180.3148148148148,46.32707745025391,87.66065991430699,272.9689697153226
1044,1000,778,Medium,396.0,263.1439393939394,88.48389391388359,86.1761515661722,440.1117272217066
1045,1000,778,High,166.0,330.84939759036143,106.31585972910126,118.21767813215891,543.481117048564
1045,1000,778,Low,216.0,180.3148148148148,46.32707745025391,87.66065991430699,272.9689697153226
1045,1000,778,Medium,396.0,263.1439393939394,88.48389391388359,86.1761515661722,440.1117272217066
1046,1000,780,High,167.0,332.3832335329341,107.83257529849399,116.71808293594614,548.0483841299222
1046,1000,780,Low,216.0,180.3148148148148,46.32707745025391,87.66065991430699,272.9689697153226
1046,1000,780,Medium,397.0,262.98488664987406,88.42890640611566,86.12707383764274,439.8426994621054
1047,1000,782,High,167.0,332.3832335329341,107.83257529849399,116.71808293594614,548.0483841299222
1047,1000,782,Low,217.0,179.963133640553,46.50914411630394,86.94484540794511,272.9814218731609
1047,1000,782,Medium,398.0,262.9070351758794,88.33112023385085,86.2447947081777,439.56927564358114
1048,1000,782,High,167.0,332.3832335329341,107.83257529849399,116.71808293594614,548.0483841299222
1048,1000,782,Low,217.0,179.963133640553,46.50914411630394,86.94484540794511,272.9814218731609
1048,1000,782,Medium,398.0,262.9070351758794,88.33112023385085,86.2447947081777,439.56927564358114
1049,1000,785,High,169.0,333.4733727810651,108.14606883025192,117.18123512056127,549.765510441569
1049,1000,785,Low,217.0,179.963133640553,46.50914411630394,86.94484540794511,272.9814218731609
1049,1000,785,Medium,399.0,262.70676691729324,88.3107335356884,86.08529984591644,439.32823398867004
1050,1000,785,High,169.0,333.4733727810651,108.14606883025192,117.18123512056127,549.765510441569
1050,1000,785,Low,217.0,179.963133640553,46.50914411630394,86.94484540794511,272.9814218731609
1050,1000,785,Medium,399.0,262.70676691729324,88.3107335356884,86.08529984591644,439.32823398867004
1051,1000,787,High,169.0,333.4733727810651,108.14606883025192,117.18123512056127,549.765510441569
1051,1000,787,Low,219.0,179.90867579908675,46.53607525922255,86.83652528064165,272.98082631753186
1051,1000,787,Medium,399.0,262.70676691729324,88.3107335356884,86.08529984591644,439.32823398867004
1052,1000,787,High,169.0,333.4733727810651,108.14606883025192,117.18123512056127,549.765510441569
1052,1000,787,Low,219.0,179.90867579908675,46.53607525922255,86.83652528064165,272.98082631753186
1052,1000,787,Medium,399.0,262.70676691729324,88.3107335356884,86.08529984591644,439.32823398867004
1053,1000,788,High,169.0,333.4733727810651,108.14606883025192,117.18123512056127,549.765510441569
1053,1000,788,Low,219.0,179.90867579908675,46.53607525922255,86.83652528064165,272.98082631753186
1053,1000,788,Medium,400.0,262.6025,88.22464771770007,86.15320456459989,439.05179543540015
1054,1000,789,High,169.0,333.4733727810651,108.14606883025192,117.18123512056127,549.765510441569
1054,1000,789,Low,219.0,179.90867579908675,46.53607525922255,86.83652528064165,272.98082631753186
1054,1000,789,Medium,401.0,262.73815461346635,88.15616124574636,86.42583212197363,439.0504771049591
1055,1000,789,High,169.0,333.4733727810651,108.14606883025192,117.18123512056127,549.765510441569
1055,1000,789,Low,219.0,179.90867579908675,46.53607525922255,86.83652528064165,272.98082631753186
1055,1000,789,Medium,401.0,262.73815461346635,88.15616124574636,86.42583212197363,439.0504771049591
1056,1000,790,High,169.0,333.4733727810651,108.14606883025192,117.18123512056127,549.765510441569
1056,1000,790,Low,220.0,180.0,46.44946190663056,87.10107618673888,272.89892381326115
1056,1000,790,Medium,401.0,262.73815461346635,88.15616124574636,86.42583212197363,439.0504771049591
1057,1000,791,High,169.0,333.4733727810651,108.14606883025192,117.18123512056127,549.765510441569
1057,1000,791,Low,221.0,180.07239819004525,46.35627061775113,87.35985695454299,272.7849394255475
1057,1000,791,Medium,401.0,262.73815461346635,88.15616124574636,86.42583212197363,439.0504771049591
1058,1000,791,High,169.0,333.4733727810651,108.14606883025192,117.18123512056127,549.765510441569
1058,1000,791,Low,221.0,180.07239819004525,46.35627061775113,87.35985695454299,272.7849394255475
1058,1000,791,Medium,401.0,262.73815461346635,88.15616124574636,86.42583212197363,439.0504771049591
1059,1000,791,High,169.0,333.4733727810651,108.14606883025192,117.18123512056127,549.765510441569
1059,1000,791,Low,221.0,180.07239819004525,46.35627061775113,87.35985695454299,272.7849394255475
1059,1000,791,Medium,401.0,262.73815461346635,88.15616124574636,86.42583212197363,439.0504771049591
1060,1000,794,High,170.0,333.7823529411765,107.9008680218778,117.9806168974209,549.5840889849321
1060,1000,794,Low,222.0,180.21621621621622,46.300885990839824,87.61444423453658,272.8179881978959
1060,1000,794,Medium,402.0,263.05970149253733,88.2818904840729,86.49592052439152,439.62348246068314
1061,1000,794,High,170.0,333.7823529411765,107.9008680218778,117.9806168974209,549.5840889849321
1061,1000,794,Low,222.0,180.21621621621622,46.300885990839824,87.61444423453658,272.8179881978959
1061,1000,794,Medium,402.0,263.05970149253733,88.2818904840729,86.49592052439152,439.62348246068314
1062,1000,795,High,170.0,333.7823529411765,107.9008680218778,117.9806168974209,549.5840889849321
1062,1000,795,Low,222.0,180.21621621621622,46.300885990839824,87.61444423453658,272.8179881978959
1062,1000,795,Medium,403.0,262.9528535980149,88.19810503568924,86.5566435266364,439.34906366939333
1063,1000,796,High,170.0,333.7823529411765,107.9008680218778,117.9806168974209,549.5840889849321
1063,1000,796,Low,222.0,180.21621621621622,46.300885990839824,87.61444423453658,272.8179881978959
1063,1000,796,Medium,404.0,262.9777227722772,88.09002838294789,86.79766600638143,439.15777953817303
1064,1000,797,High,171.0,335.7134502923977,110.50698564728381,114.69947899783006,556.7274215869653
1064,1000,797,Low,222.0,180.21621621621622,46.300885990839824,87.61444423453658,272.8179881978959
1064,1000,797,Medium,404.0,262.9777227722772,88.09002838294789,86.79766600638143,439.15777953817303
1065,1000,798,High,171.0,335.7134502923977,110.50698564728381,114.69947899783006,556.7274215869653
1065,1000,798,Low,222.0,180.21621621621622,46.300885990839824,87.61444423453658,272.8179881978959
1065,1000,798,Medium,405.0,262.67654320987657,88.18947068951188,86.29760183085281,439.0554845889003
1066,1000,800,High,171.0,335.7134502923977,110.50698564728381,114.69947899783006,556.7274215869653
1066,1000,800,Low,222.0,180.21621621621622,46.300885990839824,87.61444423453658,272.8179881978959
1066,1000,800,Medium,407.0,262.4275184275184,88.08389434420694,86.25972973910453,438.5953071159323
1067,1000,801,High,171.0,335.7134502923977,110.50698564728381,114.69947899783006,556.7274215869653
1067,1000,801,Low,223.0,180.18385650224215,46.19901435531647,87.78582779160921,272.5818852128751
1067,1000,801,Medium,407.0,262.4275184275184,88.08389434420694,86.25972973910453,438.5953071159323
1068,1000,802,High,171.0,335.7134502923977,110.50698564728381,114.69947899783006,556.7274215869653
1068,1000,802,Low,223.0,180.18385650224215,46.19901435531647,87.78582779160921,272.5818852128751
1068,1000,802,Medium,408.0,262.04411764705884,88.31581711413021,85.41248341879842,438.6757518753193
1069,1000,803,High,172.0,335.97093023255815,110.23512496358771,115.50068030538273,556.4411801597336
1069,1000,803,Low,223.0,180.18385650224215,46.19901435531647,87.78582779160921,272.5818852128751
1069,1000,803,Medium,408.0,262.04411764705884,88.31581711413021,85.41248341879842,438.6757518753193
1070,1000,803,High,172.0,335.97093023255815,110.23512496358771,115.50068030538273,556.4411801597336
1070,1000,803,Low,223.0,180.18385650224215,46.19901435531647,87.78582779160921,272.5818852128751
1070,1000,803,Medium,408.0,262.04411764705884,88.31581711413021,85.41248341879842,438.6757518753193
1071,1000,803,High,172.0,335.97093023255815,110.23512496358771,115.50068030538273,556.4411801597336
1071,1000,803,Low,223.0,180.18385650224215,46.19901435531647,87.78582779160921,272.5818852128751
1071,1000,803,Medium,408.0,262.04411764705884,88.31581711413021,85.41248341879842,438.6757518753193
1072,1000,805,High,173.0,337.2369942196532,111.16851034910174,114.89997352144971,559.5740149178566
1072,1000,805,Low,223.0,180.18385650224215,46.19901435531647,87.78582779160921,272.5818852128751
1072,1000,805,Medium,409.0,262.07823960880194,88.21021983403023,85.65779994074148,438.4986792768624
1073,1000,808,High,174.0,337.67241379310343,110.99545185667856,115.68151007974632,559.6633175064605
1073,1000,808,Low,223.0,180.18385650224215,46.19901435531647,87.78582779160921,272.5818852128751
1073,1000,808,Medium,411.0,262.19951338199513,88.08974968611629,86.02001400976255,438.3790127542277
1074,1000,809,High,174.0,337.67241379310343,110.99545185667856,115.68151007974632,559.6633175064605
1074,1000,809,Low,223.0,180.18385650224215,46.19901435531647,87.78582779160921,272.5818852128751
1074,1000,809,Medium,412.0,261.99029126213594,88.08495071793283,85.82038982627029,438.1601926980016
1075,1000,810,High,174.0,337.67241379310343,110.99545185667856,115.68151007974632,559.6633175064605
1075,1000,810,Low,223.0,180.18385650224215,46.19901435531647,87.78582779160921,272.5818852128751
1075,1000,810,Medium,413.0,261.9370460048426,87.9846406939805,85.96776461688162,437.90632739280363
1076,1000,811,High,174.0,337.67241379310343,110.99545185667856,115.68151007974632,559.6633175064605
1076,1000,811,Low,223.0,180.18385650224215,46.19901435531647,87.78582779160921,272.5818852128751
1076,1000,811,Medium,414.0,261.77294685990336,87.9414654681168,85.89001592366975,437.65587779613696
1077,1000,812,High,174.0,337.67241379310343,110.99545185667856,115.68151007974632,559.6633175064605
1077,1000,812,Low,223.0,180.18385650224215,46.19901435531647,87.78582779160921,272.5818852128751
1077,1000,812,Medium,415.0,261.97831325301206,87.93476947793945,86.10877429713315,437.84785220889097
1078,1000,813,High,174.0,337.67241379310343,110.99545185667856,115.68151007974632,559.6633175064605
1078,1000,813,Low,223.0,180.18385650224215,46.19901435531647,87.78582779160921,272.5818852128751
1078,1000,813,Medium,416.0,262.06971153846155,87.84854132499095,86.37262888847965,437.76679418844344
1079,1000,813,High,174.0,337.67241379310343,110.99545185667856,115.68151007974632,559.6633175064605
1079,1000,813,Low,223.0,180.18385650224215,46.19901435531647,87.78582779160921,272.5818852128751
1079,1000,813,Medium,416.0,262.06971153846155,87.84854132499095,86.37262888847965,437.76679418844344
1080,1000,815,High,175.0,338.18857142857144,110.88646925589889,116.41563291677366,559.9615099403692
1080,1000,815,Low,223.0,180.18385650224215,46.19901435531647,87.78582779160921,272.5818852128751
1080,1000,815,Medium,417.0,262.3836930455636,87.97684093633005,86.43001117290348,438.33737491822365
1081,1000,816,High,175.0,338.18857142857144,110.88646925589889,116.41563291677366,559.9615099403692
1081,1000,816,Low,223.0,180.18385650224215,46.19901435531647,87.78582779160921,272.5818852128751
1081,1000,816,Medium,418.0,262.44976076555025,87.88167111206197,86.68641854142632,438.2131029896742
1082,1000,817,High,175.0,338.18857142857144,110.88646925589889,116.41563291677366,559.9615099403692
1082,1000,817,Low,224.0,180.02232142857142,46.15867001880781,87.7049813909558,272.33966146618707
1082,1000,817,Medium,418.0,262.44976076555025,87.88167111206197,86.68641854142632,438.2131029896742
1083,1000,817,High,175.0,338.18857142857144,110.88646925589889,116.41563291677366,559.9615099403692
1083,1000,817,Low,224.0,180.02232142857142,46.15867001880781,87.7049813909558,272.33966146618707
1083,1000,817,Medium,418.0,262.44976076555025,87.88167111206197,86.68641854142632,438.2131029896742
1084,1000,819,High,175.0,338.18857142857144,110.88646925589889,116.41563291677366,559.9615099403692
1084,1000,819,Low,224.0,180.02232142857142,46.15867001880781,87.7049813909558,272.33966146618707
1084,1000,819,Medium,420.0,262.6333333333333,87.76459527945438,87.10414277442456,438.1625238922421
1085,1000,819,High,175.0,338.18857142857144,110.88646925589889,116.41563291677366,559.9615099403692
1085,1000,819,Low,224.0,180.02232142857142,46.15867001880781,87.7049813909558,272.33966146618707
1085,1000,819,Medium,420.0,262.6333333333333,87.76459527945438,87.10414277442456,438.1625238922421
1086,1000,819,High,175.0,338.18857142857144,110.88646925589889,116.41563291677366,559.9615099403692
1086,1000,819,Low,224.0,180.02232142857142,46.15867001880781,87.7049813909558,272.33966146618707
1086,1000,819,Medium,420.0,262.6333333333333,87.76459527945438,87.10414277442456,438.1625238922421
1087,1000,820,High,175.0,338.18857142857144,110.88646925589889,116.41563291677366,559.9615099403692
1087,1000,820,Low,224.0,180.02232142857142,46.15867001880781,87.7049813909558,272.33966146618707
1087,1000,820,Medium,421.0,262.44893111638953,87.7416683335233,86.96559444934294,437.93226778343615
1088,1000,822,High,175.0,338.18857142857144,110.88646925589889,116.41563291677366,559.9615099403692
1088,1000,822,Low,225.0,179.9911111111111,46.05790136098014,87.87530838915083,272.1069138330714
1088,1000,822,Medium,422.0,262.4952606635071,87.64256781068036,87.21012504214639,437.78039628486783
1089,1000,823,High,175.0,338.18857142857144,110.88646925589889,116.41563291677366,559.9615099403692
1089,1000,823,Low,225.0,179.9911111111111,46.05790136098014,87.87530838915083,272.1069138330714
1089,1000,823,Medium,423.0,262.4420803782506,87.5454970539864,87.35108627027779,437.53307448622337
1090,1000,825,High,176.0,339.35795454545456,111.65222661367847,116.05350131809763,562.6624077728115
1090,1000,825,Low,225.0,179.9911111111111,46.05790136098014,87.87530838915083,272.1069138330714
1090,1000,825,Medium,424.0,262.7641509433962,87.69308200439015,87.3779869346159,438.1503149521765
1091,1000,825,High,176.0,339.35795454545456,111.65222661367847,116.05350131809763,562.6624077728115
1091,1000,825,Low,225.0,179.9911111111111,46.05790136098014,87.87530838915083,272.1069138330714
1091,1000,825,Medium,424.0,262.7641509433962,87.69308200439015,87.3779869346159,438.1503149521765
1092,1000,827,High,176.0,339.35795454545456,111.65222661367847,116.05350131809763,562.6624077728115
1092,1000,827,Low,226.0,179.80973451327435,46.03625714026671,87.73722023274092,271.8822487938078
1092,1000,827,Medium,425.0,263.17411764705884,87.99642353493101,87.18127057719681,439.16696471692086
1093,1000,827,High,176.0,339.35795454545456,111.65222661367847,116.05350131809763,562.6624077728115
1093,1000,827,Low,226.0,179.80973451327435,46.03625714026671,87.73722023274092,271.8822487938078
1093,1000,827,Medium,425.0,263.17411764705884,87.99642353493101,87.18127057719681,439.16696471692086
1094,1000,830,High,177.0,338.03954802259886,112.70780613351909,112.6239357555607,563.455160289637
1094,1000,830,Low,226.0,179.80973451327435,46.03625714026671,87.73722023274092,271.8822487938078
1094,1000,830,Medium,427.0,263.04683840749414,87.84991821084543,87.34700198580327,438.746674829185
1095,1000,830,High,177.0,338.03954802259886,112.70780613351909,112.6239357555607,563.455160289637
1095,1000,830,Low,226.0,179.80973451327435,46.03625714026671,87.73722023274092,271.8822487938078
1095,1000,830,Medium,427.0,263.04683840749414,87.84991821084543,87.34700198580327,438.746674829185
1096,1000,831,High,177.0,338.03954802259886,112.70780613351909,112.6239357555607,563.455160289637
1096,1000,831,Low,226.0,179.80973451327435,46.03625714026671,87.73722023274092,271.8822487938078
1096,1000,831,Medium,428.0,263.0724299065421,87.74858639176966,87.57525712300276,438.5696026900814
1097,1000,832,High,177.0,338.03954802259886,112.70780613351909,112.6239357555607,563.455160289637
1097,1000,832,Low,226.0,179.80973451327435,46.03625714026671,87.73722023274092,271.8822487938078
1097,1000,832,Medium,429.0,262.7365967365967,87.92160425059485,86.893388235407,438.57980523778645
1098,1000,832,High,177.0,338.03954802259886,112.70780613351909,112.6239357555607,563.455160289637
1098,1000,832,Low,226.0,179.80973451327435,46.03625714026671,87.73722023274092,271.8822487938078
1098,1000,832,Medium,429.0,262.7365967365967,87.92160425059485,86.893388235407,438.57980523778645
1099,1000,835,High,178.0,337.9157303370786,112.40111123852685,113.11350786002492,562.7179528141323
1099,1000,835,Low,227.0,179.71806167400882,45.95505480045685,87.80795207309512,271.6281712749225
1099,1000,835,Medium,430.0,262.77441860465115,87.82257381944528,87.12927096576058,438.4195662435417
1100,1000,835,High,178.0,337.9157303370786,112.40111123852685,113.11350786002492,562.7179528141323
1100,1000,835,Low,227.0,179.71806167400882,45.95505480045685,87.80795207309512,271.6281712749225
1100,1000,835,Medium,430.0,262.77441860465115,87.82257381944528,87.12927096576058,438.4195662435417
1101,1000,836,High,178.0,337.9157303370786,112.40111123852685,113.11350786002492,562.7179528141323
1101,1000,836,Low,228.0,179.65350877192984,45.864079366978885,87.92535003797207,271.3816675058876
1101,1000,836,Medium,430.0,262.77441860465115,87.82257381944528,87.12927096576058,438.4195662435417
1102,1000,837,High,179.0,337.1564245810056,112.54436378980702,112.06769700139154,562.2451521606197
1102,1000,837,Low,228.0,179.65350877192984,45.864079366978885,87.92535003797207,271.3816675058876
1102,1000,837,Medium,430.0,262.77441860465115,87.82257381944528,87.12927096576058,438.4195662435417
1103,1000,837,High,179.0,337.1564245810056,112.54436378980702,112.06769700139154,562.2451521606197
1103,1000,837,Low,228.0,179.65350877192984,45.864079366978885,87.92535003797207,271.3816675058876
1103,1000,837,Medium,430.0,262.77441860465115,87.82257381944528,87.12927096576058,438.4195662435417
1104,1000,838,High,179.0,337.1564245810056,112.54436378980702,112.06769700139154,562.2451521606197
1104,1000,838,Low,229.0,179.96069868995633,45.998886632607906,87.96292542474052,271.9584719551722
1104,1000,838,Medium,430.0,262.77441860465115,87.82257381944528,87.12927096576058,438.4195662435417
1105,1000,839,High,179.0,337.1564245810056,112.54436378980702,112.06769700139154,562.2451521606197
1105,1000,839,Low,230.0,179.83478260869566,45.93805026057294,87.95868208754978,271.71088312984153
1105,1000,839,Medium,430.0,262.77441860465115,87.82257381944528,87.12927096576058,438.4195662435417
1106,1000,839,High,179.0,337.1564245810056,112.54436378980702,112.06769700139154,562.2451521606197
1106,1000,839,Low,230.0,179.83478260869566,45.93805026057294,87.95868208754978,271.71088312984153
1106,1000,839,Medium,430.0,262.77441860465115,87.82257381944528,87.12927096576058,438.4195662435417
1107,1000,840,High,179.0,337.1564245810056,112.54436378980702,112.06769700139154,562.2451521606197
1107,1000,840,Low,230.0,179.83478260869566,45.93805026057294,87.95868208754978,271.71088312984153
1107,1000,840,Medium,431.0,263.0580046403712,87.91774101839013,87.22252260359096,438.8934866771515
1108,1000,840,High,179.0,337.1564245810056,112.54436378980702,112.06769700139154,562.2451521606197
1108,1000,840,Low,230.0,179.83478260869566,45.93805026057294,87.95868208754978,271.71088312984153
1108,1000,840,Medium,431.0,263.0580046403712,87.91774101839013,87.22252260359096,438.8934866771515
1109,1000,842,High,179.0,337.1564245810056,112.54436378980702,112.06769700139154,562.2451521606197
1109,1000,842,Low,230.0,179.83478260869566,45.93805026057294,87.95868208754978,271.71088312984153
1109,1000,842,Medium,433.0,263.57505773672057,88.08252930653168,87.4099991236572,439.74011634978393
1110,1000,843,High,179.0,337.1564245810056,112.54436378980702,112.06769700139154,562.2451521606197
1110,1000,843,Low,230.0,179.83478260869566,45.93805026057294,87.95868208754978,271.71088312984153
1110,1000,843,Medium,434.0,263.778801843318,88.08308544896725,87.61263094538347,439.9449727412525
1111,1000,845,High,180.0,336.31666666666666,112.79365027296281,110.72936612074105,561.9039672125923
1111,1000,845,Low,231.0,179.78787878787878,45.84361915964759,88.1006404685836,271.47511710717396
1111,1000,845,Medium,434.0,263.778801843318,88.08308544896725,87.61263094538347,439.9449727412525
1112,1000,846,High,180.0,336.31666666666666,112.79365027296281,110.72936612074105,561.9039672125923
1112,1000,846,Low,231.0,179.78787878787878,45.84361915964759,88.1006404685836,271.47511710717396
1112,1000,846,Medium,435.0,263.5655172413793,88.09393398249934,87.37764927638065,439.75338520637797
1113,1000,847,High,180.0,336.31666666666666,112.79365027296281,110.72936612074105,561.9039672125923
1113,1000,847,Low,232.0,179.72844827586206,45.75323858342456,88.22197110901294,271.2349254427112
1113,1000,847,Medium,435.0,263.5655172413793,88.09393398249934,87.37764927638065,439.75338520637797
1114,1000,848,High,180.0,336.31666666666666,112.79365027296281,110.72936612074105,561.9039672125923
1114,1000,848,Low,233.0,179.46351931330472,45.83327826134342,87.79696279061787,271.13007583599153
1114,1000,848,Medium,435.0,263.5655172413793,88.09393398249934,87.37764927638065,439.75338520637797
1115,1000,848,High,180.0,336.31666666666666,112.79365027296281,110.72936612074105,561.9039672125923
1115,1000,848,Low,233.0,179.46351931330472,45.83327826134342,87.79696279061787,271.13007583599153
1115,1000,848,Medium,435.0,263.5655172413793,88.09393398249934,87.37764927638065,439.75338520637797
1116,1000,849,High,180.0,336.31666666666666,112.79365027296281,110.72936612074105,561.9039672125923
1116,1000,849,Low,233.0,179.46351931330472,45.83327826134342,87.79696279061787,271.13007583599153
1116,1000,849,Medium,436.0,263.41743119266056,88.04693141862829,87.32356835540398,439.51129402991717
1117,1000,850,High,181.0,335.48618784530385,113.03345658770468,109.41927466989449,561.5531010207133
1117,1000,850,Low,233.0,179.46351931330472,45.83327826134342,87.79696279061787,271.13007583599153
1117,1000,850,Medium,436.0,263.41743119266056,88.04693141862829,87.32356835540398,439.51129402991717
1118,1000,851,High,181.0,335.48618784530385,113.03345658770468,109.41927466989449,561.5531010207133
1118,1000,851,Low,233.0,179.46351931330472,45.83327826134342,87.79696279061787,271.13007583599153
1118,1000,851,Medium,437.0,263.6064073226545,88.03458325431158,87.53724081403132,439.6755738312777
1119,1000,852,High,181.0,335.48618784530385,113.03345658770468,109.41927466989449,561.5531010207133
1119,1000,852,Low,234.0,179.92735042735043,46.28192042920075,87.36350956894893,272.49119128575194
1119,1000,852,Medium,437.0,263.6064073226545,88.03458325431158,87.53724081403132,439.6755738312777
1120,1000,854,High,182.0,336.63186813186815,113.77549705535222,109.08087402116371,564.1828622425726
1120,1000,854,Low,234.0,179.92735042735043,46.28192042920075,87.36350956894893,272.49119128575194
1120,1000,854,Medium,438.0,263.5525114155251,87.94103355484505,87.67044430583499,439.4345785252152
1121,1000,856,High,183.0,336.14207650273227,113.65579195103123,108.8304926006698,563.4536604047947
1121,1000,856,Low,234.0,179.92735042735043,46.28192042920075,87.36350956894893,272.49119128575194
1121,1000,856,Medium,439.0,263.3507972665148,87.94220260046579,87.46639206558322,439.23520246744636
1122,1000,857,High,183.0,336.14207650273227,113.65579195103123,108.8304926006698,563.4536604047947
1122,1000,857,Low,234.0,179.92735042735043,46.28192042920075,87.36350956894893,272.49119128575194
1122,1000,857,Medium,440.0,263.3590909090909,87.8421558040416,87.67477930100773,439.0434025171741
1123,1000,857,High,183.0,336.14207650273227,113.65579195103123,108.8304926006698,563.4536604047947
1123,1000,857,Low,234.0,179.92735042735043,46.28192042920075,87.36350956894893,272.49119128575194
1123,1000,857,Medium,440.0,263.3590909090909,87.8421558040416,87.67477930100773,439.0434025171741
1124,1000,858,High,184.0,335.9782608695652,113.36661146857132,109.24503793242255,562.7114838067079
1124,1000,858,Low,234.0,179.92735042735043,46.28192042920075,87.36350956894893,272.49119128575194
1124,1000,858,Medium,440.0,263.3590909090909,87.8421558040416,87.67477930100773,439.0434025171741
1125,1000,860,High,184.0,335.9782608695652,113.36661146857132,109.24503793242255,562.7114838067079
1125,1000,860,Low,235.0,180.16170212765957,46.322441780145766,87.51681856736803,272.8065856879511
1125,1000,860,Medium,441.0,263.3083900226757,87.74873812815717,87.81091376636138,438.80586627899004
1126,1000,861,High,184.0,335.9782608695652,113.36661146857132,109.24503793242255,562.7114838067079
1126,1000,861,Low,235.0,180.16170212765957,46.322441780145766,87.51681856736803,272.8065856879511
1126,1000,861,Medium,442.0,263.58371040723983,87.84011194737448,87.90348651249087,439.2639343019888
1127,1000,861,High,184.0,335.9782608695652,113.36661146857132,109.24503793242255,562.7114838067079
1127,1000,861,Low,235.0,180.16170212765957,46.322441780145766,87.51681856736803,272.8065856879511
1127,1000,861,Medium,442.0,263.58371040723983,87.84011194737448,87.90348651249087,439.2639343019888
1128,1000,861,High,184.0,335.9782608695652,113.36661146857132,109.24503793242255,562.7114838067079
1128,1000,861,Low,235.0,180.16170212765957,46.322441780145766,87.51681856736803,272.8065856879511
1128,1000,861,Medium,442.0,263.58371040723983,87.84011194737448,87.90348651249087,439.2639343019888
1129,1000,861,High,184.0,335.9782608695652,113.36661146857132,109.24503793242255,562.7114838067079
1129,1000,861,Low,235.0,180.16170212765957,46.322441780145766,87.51681856736803,272.8065856879511
1129,1000,861,Medium,442.0,263.58371040723983,87.84011194737448,87.90348651249087,439.2639343019888
1130,1000,862,High,184.0,335.9782608695652,113.36661146857132,109.24503793242255,562.7114838067079
1130,1000,862,Low,236.0,180.47881355932202,46.47977798990247,87.51925757951707,273.43836953912694
1130,1000,862,Medium,442.0,263.58371040723983,87.84011194737448,87.90348651249087,439.2639343019888
1131,1000,863,High,185.0,336.15135135135137,113.08264009127022,109.98607116881092,562.3166315338918
1131,1000,863,Low,236.0,180.47881355932202,46.47977798990247,87.51925757951707,273.43836953912694
1131,1000,863,Medium,442.0,263.58371040723983,87.84011194737448,87.90348651249087,439.2639343019888
1132,1000,863,High,185.0,336.15135135135137,113.08264009127022,109.98607116881092,562.3166315338918
1132,1000,863,Low,236.0,180.47881355932202,46.47977798990247,87.51925757951707,273.43836953912694
1132,1000,863,Medium,442.0,263.58371040723983,87.84011194737448,87.90348651249087,439.2639343019888
1133,1000,864,High,185.0,336.15135135135137,113.08264009127022,109.98607116881092,562.3166315338918
1133,1000,864,Low,236.0,180.47881355932202,46.47977798990247,87.51925757951707,273.43836953912694
1133,1000,864,Medium,443.0,263.5801354401806,87.7407213022679,88.09869283564478,439.0615780447164
1134,1000,864,High,185.0,336.15135135135137,113.08264009127022,109.98607116881092,562.3166315338918
1134,1000,864,Low,236.0,180.47881355932202,46.47977798990247,87.51925757951707,273.43836953912694
1134,1000,864,Medium,443.0,263.5801354401806,87.7407213022679,88.09869283564478,439.0615780447164
1135,1000,865,High,185.0,336.15135135135137,113.08264009127022,109.98607116881092,562.3166315338918
1135,1000,865,Low,236.0,180.47881355932202,46.47977798990247,87.51925757951707,273.43836953912694
1135,1000,865,Medium,444.0,263.55405405405406,87.6433582502323,88.26733755358947,438.84077055451866
1136,1000,866,High,185.0,336.15135135135137,113.08264009127022,109.98607116881092,562.3166315338918
1136,1000,866,Low,236.0,180.47881355932202,46.47977798990247,87.51925757951707,273.43836953912694
1136,1000,866,Medium,445.0,263.79101123595507,87.68719440810209,88.4166224197509,439.16540005215927
1137,1000,866,High,185.0,336.15135135135137,113.08264009127022,109.98607116881092,562.3166315338918
1137,1000,866,Low,236.0,180.47881355932202,46.47977798990247,87.51925757951707,273.43836953912694
1137,1000,866,Medium,445.0,263.79101123595507,87.68719440810209,88.4166224197509,439.16540005215927
1138,1000,867,High,185.0,336.15135135135137,113.08264009127022,109.98607116881092,562.3166315338918
1138,1000,867,Low,236.0,180.47881355932202,46.47977798990247,87.51925757951707,273.43836953912694
1138,1000,867,Medium,446.0,263.52017937219733,87.77516372618604,87.96985191982526,439.0705068245694
1139,1000,867,High,185.0,336.15135135135137,113.08264009127022,109.98607116881092,562.3166315338918
1139,1000,867,Low,236.0,180.47881355932202,46.47977798990247,87.51925757951707,273.43836953912694
1139,1000,867,Medium,446.0,263.52017937219733,87.77516372618604,87.96985191982526,439.0705068245694
1140,1000,867,High,185.0,336.15135135135137,113.08264009127022,109.98607116881092,562.3166315338918
1140,1000,867,Low,236.0,180.47881355932202,46.47977798990247,87.51925757951707,273.43836953912694
1140,1000,867,Medium,446.0,263.52017937219733,87.77516372618604,87.96985191982526,439.0705068245694
1141,1000,868,High,185.0,336.15135135135137,113.08264009127022,109.98607116881092,562.3166315338918
1141,1000,868,Low,236.0,180.47881355932202,46.47977798990247,87.51925757951707,273.43836953912694
1141,1000,868,Medium,447.0,263.45413870246085,87.68782288413875,88.07849293418334,438.82978447073833
1142,1000,868,High,185.0,336.15135135135137,113.08264009127022,109.98607116881092,562.3166315338918
1142,1000,868,Low,236.0,180.47881355932202,46.47977798990247,87.51925757951707,273.43836953912694
1142,1000,868,Medium,447.0,263.45413870246085,87.68782288413875,88.07849293418334,438.82978447073833
1143,1000,870,High,185.0,336.15135135135137,113.08264009127022,109.98607116881092,562.3166315338918
1143,1000,870,Low,236.0,180.47881355932202,46.47977798990247,87.51925757951707,273.43836953912694
1143,1000,870,Medium,449.0,263.23830734966594,87.64629990144626,87.94570754677343,438.5309071525585
1144,1000,872,High,185.0,336.15135135135137,113.08264009127022,109.98607116881092,562.3166315338918
1144,1000,872,Low,236.0,180.47881355932202,46.47977798990247,87.51925757951707,273.43836953912694
1144,1000,872,Medium,451.0,263.3059866962306,87.50750791707877,88.29097086207307,438.3210025303881
1145,1000,872,High,185.0,336.15135135135137,113.08264009127022,109.98607116881092,562.3166315338918
1145,1000,872,Low,236.0,180.47881355932202,46.47977798990247,87.51925757951707,273.43836953912694
1145,1000,872,Medium,451.0,263.3059866962306,87.50750791707877,88.29097086207307,438.3210025303881
1146,1000,872,High,185.0,336.15135135135137,113.08264009127022,109.98607116881092,562.3166315338918
1146,1000,872,Low,236.0,180.47881355932202,46.47977798990247,87.51925757951707,273.43836953912694
1146,1000,872,Medium,451.0,263.3059866962306,87.50750791707877,88.29097086207307,438.3210025303881
1147,1000,873,High,185.0,336.15135135135137,113.08264009127022,109.98607116881092,562.3166315338918
1147,1000,873,Low,236.0,180.47881355932202,46.47977798990247,87.51925757951707,273.43836953912694
1147,1000,873,Medium,452.0,263.5420353982301,87.55438223031828,88.43327093759353,438.65079985886666
1148,1000,874,High,185.0,336.15135135135137,113.08264009127022,109.98607116881092,562.3166315338918
1148,1000,874,Low,237.0,180.56118143459915,46.398529841791884,87.76412175101538,273.35824111818295
1148,1000,874,Medium,452.0,263.5420353982301,87.55438223031828,88.43327093759353,438.65079985886666
1149,1000,875,High,186.0,335.9516129032258,112.80949175409363,110.33262939503854,561.570596411413
1149,1000,875,Low,237.0,180.56118143459915,46.398529841791884,87.76412175101538,273.35824111818295
1149,1000,875,Medium,452.0,263.5420353982301,87.55438223031828,88.43327093759353,438.65079985886666
1150,1000,876,High,186.0,335.9516129032258,112.80949175409363,110.33262939503854,561.570596411413
1150,1000,876,Low,237.0,180.56118143459915,46.398529841791884,87.76412175101538,273.35824111818295
1150,1000,876,Medium,453.0,263.560706401766,87.45837923615404,88.64394792945794,438.47746487407414
1151,1000,878,High,186.0,335.9516129032258,112.80949175409363,110.33262939503854,561.570596411413
1151,1000,878,Low,237.0,180.56118143459915,46.398529841791884,87.76412175101538,273.35824111818295
1151,1000,878,Medium,455.0,263.8,87.50527737389295,88.78944525221411,438.8105547477859
1152,1000,878,High,186.0,335.9516129032258,112.80949175409363,110.33262939503854,561.570596411413
1152,1000,878,Low,237.0,180.56118143459915,46.398529841791884,87.76412175101538,273.35824111818295
1152,1000,878,Medium,455.0,263.8,87.50527737389295,88.78944525221411,438.8105547477859
1153,1000,878,High,186.0,335.9516129032258,112.80949175409363,110.33262939503854,561.570596411413
1153,1000,878,Low,237.0,180.56118143459915,46.398529841791884,87.76412175101538,273.35824111818295
1153,1000,878,Medium,455.0,263.8,87.50527737389295,88.78944525221411,438.8105547477859
1154,1000,878,High,186.0,335.9516129032258,112.80949175409363,110.33262939503854,561.570596411413
1154,1000,878,Low,237.0,180.56118143459915,46.398529841791884,87.76412175101538,273.35824111818295
1154,1000,878,Medium,455.0,263.8,87.50527737389295,88.78944525221411,438.8105547477859
1155,1000,881,High,186.0,335.9516129032258,112.80949175409363,110.33262939503854,561.570596411413
1155,1000,881,Low,240.0,181.4125,47.13819097204679,87.13611805590641,275.68888194409357
1155,1000,881,Medium,455.0,263.8,87.50527737389295,88.78944525221411,438.8105547477859
1156,1000,882,High,186.0,335.9516129032258,112.80949175409363,110.33262939503854,561.570596411413
1156,1000,882,Low,240.0,181.4125,47.13819097204679,87.13611805590641,275.68888194409357
1156,1000,882,Medium,456.0,263.8530701754386,87.41641100863288,89.02024815817282,438.68589219270433
1157,1000,884,High,188.0,336.8510638297872,113.2989946618044,110.25307450617842,563.449053153396
1157,1000,884,Low,240.0,181.4125,47.13819097204679,87.13611805590641,275.68888194409357
1157,1000,884,Medium,456.0,263.8530701754386,87.41641100863288,89.02024815817282,438.68589219270433
1158,1000,885,High,188.0,336.8510638297872,113.2989946618044,110.25307450617842,563.449053153396
1158,1000,885,Low,241.0,181.39834024896265,47.040397502930894,87.31754524310087,275.4791352548244
1158,1000,885,Medium,456.0,263.8530701754386,87.41641100863288,89.02024815817282,438.68589219270433
1159,1000,885,High,188.0,336.8510638297872,113.2989946618044,110.25307450617842,563.449053153396
1159,1000,885,Low,241.0,181.39834024896265,47.040397502930894,87.31754524310087,275.4791352548244
1159,1000,885,Medium,456.0,263.8530701754386,87.41641100863288,89.02024815817282,438.68589219270433
1160,1000,885,High,188.0,336.8510638297872,113.2989946618044,110.25307450617842,563.449053153396
1160,1000,885,Low,241.0,181.39834024896265,47.040397502930894,87.31754524310087,275.4791352548244
1160,1000,885,Medium,456.0,263.8530701754386,87.41641100863288,89.02024815817282,438.68589219270433
1161,1000,887,High,188.0,336.8510638297872,113.2989946618044,110.25307450617842,563.449053153396
1161,1000,887,Low,242.0,181.48347107438016,46.961378759099375,87.56071355618141,275.40622859257894
1161,1000,887,Medium,457.0,263.89277899343546,87.3246331147169,89.24351276400165,438.54204522286926
1162,1000,887,High,188.0,336.8510638297872,113.2989946618044,110.25307450617842,563.449053153396
1162,1000,887,Low,242.0,181.48347107438016,46.961378759099375,87.56071355618141,275.40622859257894
1162,1000,887,Medium,457.0,263.89277899343546,87.3246331147169,89.24351276400165,438.54204522286926
1163,1000,887,High,188.0,336.8510638297872,113.2989946618044,110.25307450617842,563.449053153396
1163,1000,887,Low,242.0,181.48347107438016,46.961378759099375,87.56071355618141,275.40622859257894
1163,1000,887,Medium,457.0,263.89277899343546,87.3246331147169,89.24351276400165,438.54204522286926
1164,1000,888,High,189.0,336.95238095238096,113.00585023993156,110.94068047251784,562.964081432244
1164,1000,888,Low,242.0,181.48347107438016,46.961378759099375,87.56071355618141,275.40622859257894
1164,1000,888,Medium,457.0,263.89277899343546,87.3246331147169,89.24351276400165,438.54204522286926
1165,1000,890,High,190.0,336.9421052631579,112.7065854697179,111.5289343237221,562.3552762025937
1165,1000,890,Low,242.0,181.48347107438016,46.961378759099375,87.56071355618141,275.40622859257894
1165,1000,890,Medium,458.0,263.73799126637556,87.29191649171432,89.15415828294692,438.3218242498042
1166,1000,893,High,192.0,338.6666666666667,113.38708816550816,111.89249033565036,565.440842997683
1166,1000,893,Low,242.0,181.48347107438016,46.961378759099375,87.56071355618141,275.40622859257894
1166,1000,893,Medium,459.0,263.57516339869284,87.26632124046725,89.04252091775834,438.10780587962734
1167,1000,893,High,192.0,338.6666666666667,113.38708816550816,111.89249033565036,565.440842997683
1167,1000,893,Low,242.0,181.48347107438016,46.961378759099375,87.56071355618141,275.40622859257894
1167,1000,893,Medium,459.0,263.57516339869284,87.26632124046725,89.04252091775834,438.10780587962734
1168,1000,895,High,192.0,338.6666666666667,113.38708816550816,111.89249033565036,565.440842997683
1168,1000,895,Low,242.0,181.48347107438016,46.961378759099375,87.56071355618141,275.40622859257894
1168,1000,895,Medium,461.0,263.2039045553145,87.2598422625083,88.68422003029792,437.7235890803311
1169,1000,895,High,192.0,338.6666666666667,113.38708816550816,111.89249033565036,565.440842997683
1169,1000,895,Low,242.0,181.48347107438016,46.961378759099375,87.56071355618141,275.40622859257894
1169,1000,895,Medium,461.0,263.2039045553145,87.2598422625083,88.68422003029792,437.7235890803311
1170,1000,895,High,192.0,338.6666666666667,113.38708816550816,111.89249033565036,565.440842997683
1170,1000,895,Low,242.0,181.48347107438016,46.961378759099375,87.56071355618141,275.40622859257894
1170,1000,895,Medium,461.0,263.2039045553145,87.2598422625083,88.68422003029792,437.7235890803311
1171,1000,896,High,192.0,338.6666666666667,113.38708816550816,111.89249033565036,565.440842997683
1171,1000,896,Low,242.0,181.48347107438016,46.961378759099375,87.56071355618141,275.40622859257894
1171,1000,896,Medium,462.0,263.66883116883116,87.73612492251002,88.19658132381113,439.1410810138512
1172,1000,898,High,194.0,339.97938144329896,113.53568559831143,112.9080102466761,567.0507526399218
1172,1000,898,Low,242.0,181.48347107438016,46.961378759099375,87.56071355618141,275.40622859257894
1172,1000,898,Medium,462.0,263.66883116883116,87.73612492251002,88.19658132381113,439.1410810138512
1173,1000,898,High,194.0,339.97938144329896,113.53568559831143,112.9080102466761,567.0507526399218
1173,1000,898,Low,242.0,181.48347107438016,46.961378759099375,87.56071355618141,275.40622859257894
1173,1000,898,Medium,462.0,263.66883116883116,87.73612492251002,88.19658132381113,439.1410810138512
1174,1000,899,High,194.0,339.97938144329896,113.53568559831143,112.9080102466761,567.0507526399218
1174,1000,899,Low,242.0,181.48347107438016,46.961378759099375,87.56071355618141,275.40622859257894
1174,1000,899,Medium,463.0,263.7818574514039,87.67485889499162,88.43213966142065,439.1315752413871
1175,1000,900,High,194.0,339.97938144329896,113.53568559831143,112.9080102466761,567.0507526399218
1175,1000,900,Low,242.0,181.48347107438016,46.961378759099375,87.56071355618141,275.40622859257894
1175,1000,900,Medium,464.0,263.69827586206895,87.59863010927127,88.50101564352642,438.89553608061146
1176,1000,900,High,194.0,339.97938144329896,113.53568559831143,112.9080102466761,567.0507526399218
1176,1000,900,Low,242.0,181.48347107438016,46.961378759099375,87.56071355618141,275.40622859257894
1176,1000,900,Medium,464.0,263.69827586206895,87.59863010927127,88.50101564352642,438.89553608061146
1177,1000,901,High,194.0,339.97938144329896,113.53568559831143,112.9080102466761,567.0507526399218
1177,1000,901,Low,242.0,181.48347107438016,46.961378759099375,87.56071355618141,275.40622859257894
1177,1000,901,Medium,465.0,263.5870967741935,87.53702077156689,88.51305523105975,438.6611383173273
1178,1000,901,High,194.0,339.97938144329896,113.53568559831143,112.9080102466761,567.0507526399218
1178,1000,901,Low,242.0,181.48347107438016,46.961378759099375,87.56071355618141,275.40622859257894
1178,1000,901,Medium,465.0,263.5870967741935,87.53702077156689,88.51305523105975,438.6611383173273
1179,1000,902,High,195.0,340.67692307692306,113.6608412596202,113.35524055768266,567.9986055961634
1179,1000,902,Low,242.0,181.48347107438016,46.961378759099375,87.56071355618141,275.40622859257894
1179,1000,902,Medium,465.0,263.5870967741935,87.53702077156689,88.51305523105975,438.6611383173273
1180,1000,902,High,195.0,340.67692307692306,113.6608412596202,113.35524055768266,567.9986055961634
1180,1000,902,Low,242.0,181.48347107438016,46.961378759099375,87.56071355618141,275.40622859257894
1180,1000,902,Medium,465.0,263.5870967741935,87.53702077156689,88.51305523105975,438.6611383173273
1181,1000,902,High,195.0,340.67692307692306,113.6608412596202,113.35524055768266,567.9986055961634
1181,1000,902,Low,242.0,181.48347107438016,46.961378759099375,87.56071355618141,275.40622859257894
1181,1000,902,Medium,465.0,263.5870967741935,87.53702077156689,88.51305523105975,438.6611383173273
1182,1000,902,High,195.0,340.67692307692306,113.6608412596202,113.35524055768266,567.9986055961634
1182,1000,902,Low,242.0,181.48347107438016,46.961378759099375,87.56071355618141,275.40622859257894
1182,1000,902,Medium,465.0,263.5870967741935,87.53702077156689,88.51305523105975,438.6611383173273
1183,1000,903,High,195.0,340.67692307692306,113.6608412596202,113.35524055768266,567.9986055961634
1183,1000,903,Low,243.0,181.59670781893004,46.89748259143848,87.80174263605308,275.391673001807
1183,1000,903,Medium,465.0,263.5870967741935,87.53702077156689,88.51305523105975,438.6611383173273
1184,1000,904,High,195.0,340.67692307692306,113.6608412596202,113.35524055768266,567.9986055961634
1184,1000,904,Low,243.0,181.59670781893004,46.89748259143848,87.80174263605308,275.391673001807
1184,1000,904,Medium,466.0,263.48497854077254,87.47062665008566,88.54372524060122,438.42623184094384
1185,1000,904,High,195.0,340.67692307692306,113.6608412596202,113.35524055768266,567.9986055961634
1185,1000,904,Low,243.0,181.59670781893004,46.89748259143848,87.80174263605308,275.391673001807
1185,1000,904,Medium,466.0,263.48497854077254,87.47062665008566,88.54372524060122,438.42623184094384
1186,1000,904,High,195.0,340.67692307692306,113.6608412596202,113.35524055768266,567.9986055961634
1186,1000,904,Low,243.0,181.59670781893004,46.89748259143848,87.80174263605308,275.391673001807
1186,1000,904,Medium,466.0,263.48497854077254,87.47062665008566,88.54372524060122,438.42623184094384
1187,1000,904,High,195.0,340.67692307692306,113.6608412596202,113.35524055768266,567.9986055961634
1187,1000,904,Low,243.0,181.59670781893004,46.89748259143848,87.80174263605308,275.391673001807
1187,1000,904,Medium,466.0,263.48497854077254,87.47062665008566,88.54372524060122,438.42623184094384
1188,1000,905,High,195.0,340.67692307692306,113.6608412596202,113.35524055768266,567.9986055961634
1188,1000,905,Low,243.0,181.59670781893004,46.89748259143848,87.80174263605308,275.391673001807
1188,1000,905,Medium,467.0,263.47537473233405,87.37697011979962,88.7214344927348,438.22931497193326
1189,1000,905,High,195.0,340.67692307692306,113.6608412596202,113.35524055768266,567.9986055961634
1189,1000,905,Low,243.0,181.59670781893004,46.89748259143848,87.80174263605308,275.391673001807
1189,1000,905,Medium,467.0,263.47537473233405,87.37697011979962,88.7214344927348,438.22931497193326
1190,1000,905,High,195.0,340.67692307692306,113.6608412596202,113.35524055768266,567.9986055961634
1190,1000,905,Low,243.0,181.59670781893004,46.89748259143848,87.80174263605308,275.391673001807
1190,1000,905,Medium,467.0,263.47537473233405,87.37697011979962,88.7214344927348,438.22931497193326
1191,1000,905,High,195.0,340.67692307692306,113.6608412596202,113.35524055768266,567.9986055961634
1191,1000,905,Low,243.0,181.59670781893004,46.89748259143848,87.80174263605308,275.391673001807
1191,1000,905,Medium,467.0,263.47537473233405,87.37697011979962,88.7214344927348,438.22931497193326
1192,1000,906,High,195.0,340.67692307692306,113.6608412596202,113.35524055768266,567.9986055961634
1192,1000,906,Low,243.0,181.59670781893004,46.89748259143848,87.80174263605308,275.391673001807
1192,1000,906,Medium,468.0,263.55555555555554,87.30060248308207,88.9543505893914,438.15676052171966
1193,1000,906,High,195.0,340.67692307692306,113.6608412596202,113.35524055768266,567.9986055961634
1193,1000,906,Low,243.0,181.59670781893004,46.89748259143848,87.80174263605308,275.391673001807
1193,1000,906,Medium,468.0,263.55555555555554,87.30060248308207,88.9543505893914,438.15676052171966
1194,1000,906,High,195.0,340.67692307692306,113.6608412596202,113.35524055768266,567.9986055961634
1194,1000,906,Low,243.0,181.59670781893004,46.89748259143848,87.80174263605308,275.391673001807
1194,1000,906,Medium,468.0,263.55555555555554,87.30060248308207,88.9543505893914,438.15676052171966
1195,1000,907,High,196.0,339.93367346938777,113.84555750158498,112.24255846621782,567.6247884725577
1195,1000,907,Low,243.0,181.59670781893004,46.89748259143848,87.80174263605308,275.391673001807
1195,1000,907,Medium,468.0,263.55555555555554,87.30060248308207,88.9543505893914,438.15676052171966
1196,1000,908,High,196.0,339.93367346938777,113.84555750158498,112.24255846621782,567.6247884725577
1196,1000,908,Low,243.0,181.59670781893004,46.89748259143848,87.80174263605308,275.391673001807
1196,1000,908,Medium,469.0,263.49040511727077,87.2186956407855,89.05301383569977,437.9277963988418
1197,1000,908,High,196.0,339.93367346938777,113.84555750158498,112.24255846621782,567.6247884725577
1197,1000,908,Low,243.0,181.59670781893004,46.89748259143848,87.80174263605308,275.391673001807
1197,1000,908,Medium,469.0,263.49040511727077,87.2186956407855,89.05301383569977,437.9277963988418
1198,1000,909,High,196.0,339.93367346938777,113.84555750158498,112.24255846621782,567.6247884725577
1198,1000,909,Low,243.0,181.59670781893004,46.89748259143848,87.80174263605308,275.391673001807
1198,1000,909,Medium,470.0,263.5787234042553,87.14669870004059,89.28532600417412,437.8721208043365
1199,1000,910,High,196.0,339.93367346938777,113.84555750158498,112.24255846621782,567.6247884725577
1199,1000,910,Low,243.0,181.59670781893004,46.89748259143848,87.80174263605308,275.391673001807
1199,1000,910,Medium,471.0,263.7388535031847,87.12327874890467,89.49229600537538,437.9854110009941
1200,1000,910,High,196.0,339.93367346938777,113.84555750158498,112.24255846621782,567.6247884725577
1200,1000,910,Low,243.0,181.59670781893004,46.89748259143848,87.80174263605308,275.391673001807
1200,1000,910,Medium,471.0,263.7388535031847,87.12327874890467,89.49229600537538,437.9854110009941
1201,1000,910,High,196.0,339.93367346938777,113.84555750158498,112.24255846621782,567.6247884725577
1201,1000,910,Low,243.0,181.59670781893004,46.89748259143848,87.80174263605308,275.391673001807
1201,1000,910,Medium,471.0,263.7388535031847,87.12327874890467,89.49229600537538,437.9854110009941
1202,1000,910,High,196.0,339.93367346938777,113.84555750158498,112.24255846621782,567.6247884725577
1202,1000,910,Low,243.0,181.59670781893004,46.89748259143848,87.80174263605308,275.391673001807
1202,1000,910,Medium,471.0,263.7388535031847,87.12327874890467,89.49229600537538,437.9854110009941
1203,1000,910,High,196.0,339.93367346938777,113.84555750158498,112.24255846621782,567.6247884725577
1203,1000,910,Low,243.0,181.59670781893004,46.89748259143848,87.80174263605308,275.391673001807
1203,1000,910,Medium,471.0,263.7388535031847,87.12327874890467,89.49229600537538,437.9854110009941
1204,1000,910,High,196.0,339.93367346938777,113.84555750158498,112.24255846621782,567.6247884725577
1204,1000,910,Low,243.0,181.59670781893004,46.89748259143848,87.80174263605308,275.391673001807
1204,1000,910,Medium,471.0,263.7388535031847,87.12327874890467,89.49229600537538,437.9854110009941
1205,1000,910,High,196.0,339.93367346938777,113.84555750158498,112.24255846621782,567.6247884725577
1205,1000,910,Low,243.0,181.59670781893004,46.89748259143848,87.80174263605308,275.391673001807
1205,1000,910,Medium,471.0,263.7388535031847,87.12327874890467,89.49229600537538,437.9854110009941
1206,1000,911,High,197.0,340.47715736040607,113.81069018348603,112.855776993434,568.0985377273781
1206,1000,911,Low,243.0,181.59670781893004,46.89748259143848,87.80174263605308,275.391673001807
1206,1000,911,Medium,471.0,263.7388535031847,87.12327874890467,89.49229600537538,437.9854110009941
1207,1000,911,High,197.0,340.47715736040607,113.81069018348603,112.855776993434,568.0985377273781
1207,1000,911,Low,243.0,181.59670781893004,46.89748259143848,87.80174263605308,275.391673001807
1207,1000,911,Medium,471.0,263.7388535031847,87.12327874890467,89.49229600537538,437.9854110009941
1208,1000,911,High,197.0,340.47715736040607,113.81069018348603,112.855776993434,568.0985377273781
1208,1000,911,Low,243.0,181.59670781893004,46.89748259143848,87.80174263605308,275.391673001807
1208,1000,911,Medium,471.0,263.7388535031847,87.12327874890467,89.49229600537538,437.9854110009941
1209,1000,912,High,198.0,340.55555555555554,113.5268229869358,113.50190958168395,567.6092015294271
1209,1000,912,Low,243.0,181.59670781893004,46.89748259143848,87.80174263605308,275.391673001807
1209,1000,912,Medium,471.0,263.7388535031847,87.12327874890467,89.49229600537538,437.9854110009941
1210,1000,912,High,198.0,340.55555555555554,113.5268229869358,113.50190958168395,567.6092015294271
1210,1000,912,Low,243.0,181.59670781893004,46.89748259143848,87.80174263605308,275.391673001807
1210,1000,912,Medium,471.0,263.7388535031847,87.12327874890467,89.49229600537538,437.9854110009941
1211,1000,912,High,198.0,340.55555555555554,113.5268229869358,113.50190958168395,567.6092015294271
1211,1000,912,Low,243.0,181.59670781893004,46.89748259143848,87.80174263605308,275.391673001807
1211,1000,912,Medium,471.0,263.7388535031847,87.12327874890467,89.49229600537538,437.9854110009941
1212,1000,912,High,198.0,340.55555555555554,113.5268229869358,113.50190958168395,567.6092015294271
1212,1000,912,Low,243.0,181.59670781893004,46.89748259143848,87.80174263605308,275.391673001807
1212,1000,912,Medium,471.0,263.7388535031847,87.12327874890467,89.49229600537538,437.9854110009941
1213,1000,913,High,198.0,340.55555555555554,113.5268229869358,113.50190958168395,567.6092015294271
1213,1000,913,Low,243.0,181.59670781893004,46.89748259143848,87.80174263605308,275.391673001807
1213,1000,913,Medium,472.0,263.64406779661016,87.05510131733342,89.53386516194331,437.754270431277
1214,1000,914,High,199.0,341.0251256281407,113.43335324383524,114.15841914047022,567.8918321158112
1214,1000,914,Low,243.0,181.59670781893004,46.89748259143848,87.80174263605308,275.391673001807
1214,1000,914,Medium,472.0,263.64406779661016,87.05510131733342,89.53386516194331,437.754270431277
1215,1000,914,High,199.0,341.0251256281407,113.43335324383524,114.15841914047022,567.8918321158112
1215,1000,914,Low,243.0,181.59670781893004,46.89748259143848,87.80174263605308,275.391673001807
1215,1000,914,Medium,472.0,263.64406779661016,87.05510131733342,89.53386516194331,437.754270431277
1216,1000,915,High,200.0,341.185,113.17057333221261,114.84385333557478,567.5261466644253
1216,1000,915,Low,243.0,181.59670781893004,46.89748259143848,87.80174263605308,275.391673001807
1216,1000,915,Medium,472.0,263.64406779661016,87.05510131733342,89.53386516194331,437.754270431277
1217,1000,915,High,200.0,341.185,113.17057333221261,114.84385333557478,567.5261466644253
1217,1000,915,Low,243.0,181.59670781893004,46.89748259143848,87.80174263605308,275.391673001807
1217,1000,915,Medium,472.0,263.64406779661016,87.05510131733342,89.53386516194331,437.754270431277
1218,1000,916,High,200.0,341.185,113.17057333221261,114.84385333557478,567.5261466644253
1218,1000,916,Low,243.0,181.59670781893004,46.89748259143848,87.80174263605308,275.391673001807
1218,1000,916,Medium,473.0,263.90909090909093,87.15363760931729,89.60181569045636,438.2163661277255
1219,1000,917,High,201.0,341.771144278607,113.19274430450075,115.38565566960548,568.1566328876085
1219,1000,917,Low,243.0,181.59670781893004,46.89748259143848,87.80174263605308,275.391673001807
1219,1000,917,Medium,473.0,263.90909090909093,87.15363760931729,89.60181569045636,438.2163661277255
1220,1000,918,High,201.0,341.771144278607,113.19274430450075,115.38565566960548,568.1566328876085
1220,1000,918,Low,243.0,181.59670781893004,46.89748259143848,87.80174263605308,275.391673001807
1220,1000,918,Medium,474.0,264.0210970464135,87.09560479306421,89.82988746028508,438.2123066325419
1221,1000,918,High,201.0,341.771144278607,113.19274430450075,115.38565566960548,568.1566328876085
1221,1000,918,Low,243.0,181.59670781893004,46.89748259143848,87.80174263605308,275.391673001807
1221,1000,918,Medium,474.0,264.0210970464135,87.09560479306421,89.82988746028508,438.2123066325419
1222,1000,918,High,201.0,341.771144278607,113.19274430450075,115.38565566960548,568.1566328876085
1222,1000,918,Low,243.0,181.59670781893004,46.89748259143848,87.80174263605308,275.391673001807
1222,1000,918,Medium,474.0,264.0210970464135,87.09560479306421,89.82988746028508,438.2123066325419
1223,1000,918,High,201.0,341.771144278607,113.19274430450075,115.38565566960548,568.1566328876085
1223,1000,918,Low,243.0,181.59670781893004,46.89748259143848,87.80174263605308,275.391673001807
1223,1000,918,Medium,474.0,264.0210970464135,87.09560479306421,89.82988746028508,438.2123066325419
1224,1000,918,High,201.0,341.771144278607,113.19274430450075,115.38565566960548,568.1566328876085
1224,1000,918,Low,243.0,181.59670781893004,46.89748259143848,87.80174263605308,275.391673001807
1224,1000,918,Medium,474.0,264.0210970464135,87.09560479306421,89.82988746028508,438.2123066325419
1225,1000,918,High,201.0,341.771144278607,113.19274430450075,115.38565566960548,568.1566328876085
1225,1000,918,Low,243.0,181.59670781893004,46.89748259143848,87.80174263605308,275.391673001807
1225,1000,918,Medium,474.0,264.0210970464135,87.09560479306421,89.82988746028508,438.2123066325419
1226,1000,918,High,201.0,341.771144278607,113.19274430450075,115.38565566960548,568.1566328876085
1226,1000,918,Low,243.0,181.59670781893004,46.89748259143848,87.80174263605308,275.391673001807
1226,1000,918,Medium,474.0,264.0210970464135,87.09560479306421,89.82988746028508,438.2123066325419
1227,1000,918,High,201.0,341.771144278607,113.19274430450075,115.38565566960548,568.1566328876085
1227,1000,918,Low,243.0,181.59670781893004,46.89748259143848,87.80174263605308,275.391673001807
1227,1000,918,Medium,474.0,264.0210970464135,87.09560479306421,89.82988746028508,438.2123066325419
1228,1000,918,High,201.0,341.771144278607,113.19274430450075,115.38565566960548,568.1566328876085
1228,1000,918,Low,243.0,181.59670781893004,46.89748259143848,87.80174263605308,275.391673001807
1228,1000,918,Medium,474.0,264.0210970464135,87.09560479306421,89.82988746028508,438.2123066325419
1229,1000,921,High,202.0,341.9504950495049,112.93958903280104,116.07131698390285,567.829673115107
1229,1000,921,Low,243.0,181.59670781893004,46.89748259143848,87.80174263605308,275.391673001807
1229,1000,921,Medium,476.0,264.3004201680672,87.02236905309209,90.25568206188302,438.3451582742514
1230,1000,922,High,202.0,341.9504950495049,112.93958903280104,116.07131698390285,567.829673115107
1230,1000,922,Low,244.0,181.99180327868854,47.20605316239662,87.5796969538953,276.4039096034818
1230,1000,922,Medium,476.0,264.3004201680672,87.02236905309209,90.25568206188302,438.3451582742514
1231,1000,922,High,202.0,341.9504950495049,112.93958903280104,116.07131698390285,567.829673115107
1231,1000,922,Low,244.0,181.99180327868854,47.20605316239662,87.5796969538953,276.4039096034818
1231,1000,922,Medium,476.0,264.3004201680672,87.02236905309209,90.25568206188302,438.3451582742514
1232,1000,923,High,202.0,341.9504950495049,112.93958903280104,116.07131698390285,567.829673115107
1232,1000,923,Low,244.0,181.99180327868854,47.20605316239662,87.5796969538953,276.4039096034818
1232,1000,923,Medium,477.0,264.3857442348008,86.95088228879561,90.4839796572096,438.28750881239205
1233,1000,924,High,203.0,342.0197044334975,112.66400413457258,116.69169616435235,567.3477127026426
1233,1000,924,Low,244.0,181.99180327868854,47.20605316239662,87.5796969538953,276.4039096034818
1233,1000,924,Medium,477.0,264.3857442348008,86.95088228879561,90.4839796572096,438.28750881239205
1234,1000,924,High,203.0,342.0197044334975,112.66400413457258,116.69169616435235,567.3477127026426
1234,1000,924,Low,244.0,181.99180327868854,47.20605316239662,87.5796969538953,276.4039096034818
1234,1000,924,Medium,477.0,264.3857442348008,86.95088228879561,90.4839796572096,438.28750881239205
1235,1000,925,High,203.0,342.0197044334975,112.66400413457258,116.69169616435235,567.3477127026426
1235,1000,925,Low,244.0,181.99180327868854,47.20605316239662,87.5796969538953,276.4039096034818
1235,1000,925,Medium,478.0,264.4163179916318,86.86226298611197,90.69179201940784,438.14084396385573
1236,1000,926,High,204.0,341.80882352941177,112.42651774472588,116.95578803996,566.6618590188635
1236,1000,926,Low,244.0,181.99180327868854,47.20605316239662,87.5796969538953,276.4039096034818
1236,1000,926,Medium,478.0,264.4163179916318,86.86226298611197,90.69179201940784,438.14084396385573
1237,1000,926,High,204.0,341.80882352941177,112.42651774472588,116.95578803996,566.6618590188635
1237,1000,926,Low,244.0,181.99180327868854,47.20605316239662,87.5796969538953,276.4039096034818
1237,1000,926,Medium,478.0,264.4163179916318,86.86226298611197,90.69179201940784,438.14084396385573
1238,1000,927,High,205.0,341.8487804878049,112.15208319805018,117.54461409170455,566.1529468839053
1238,1000,927,Low,244.0,181.99180327868854,47.20605316239662,87.5796969538953,276.4039096034818
1238,1000,927,Medium,478.0,264.4163179916318,86.86226298611197,90.69179201940784,438.14084396385573
1239,1000,927,High,205.0,341.8487804878049,112.15208319805018,117.54461409170455,566.1529468839053
1239,1000,927,Low,244.0,181.99180327868854,47.20605316239662,87.5796969538953,276.4039096034818
1239,1000,927,Medium,478.0,264.4163179916318,86.86226298611197,90.69179201940784,438.14084396385573
1240,1000,928,High,205.0,341.8487804878049,112.15208319805018,117.54461409170455,566.1529468839053
1240,1000,928,Low,244.0,181.99180327868854,47.20605316239662,87.5796969538953,276.4039096034818
1240,1000,928,Medium,479.0,264.39248434237993,86.77292316409965,90.84663801418063,437.93833067057926
1241,1000,928,High,205.0,341.8487804878049,112.15208319805018,117.54461409170455,566.1529468839053
1241,1000,928,Low,244.0,181.99180327868854,47.20605316239662,87.5796969538953,276.4039096034818
1241,1000,928,Medium,479.0,264.39248434237993,86.77292316409965,90.84663801418063,437.93833067057926
1242,1000,931,High,207.0,342.3188405797101,111.83723776142511,118.6443650568599,565.9933161025604
1242,1000,931,Low,244.0,181.99180327868854,47.20605316239662,87.5796969538953,276.4039096034818
1242,1000,931,Medium,480.0,264.48125,86.7041117133197,91.07302657336058,437.88947342663937
1243,1000,934,High,208.0,341.91346153846155,111.71985413636077,118.47375326574002,565.3531698111831
1243,1000,934,Low,244.0,181.99180327868854,47.20605316239662,87.5796969538953,276.4039096034818
1243,1000,934,Medium,482.0,264.6099585062241,86.57695400665837,91.45605049290734,437.7638665195408
1244,1000,935,High,209.0,341.91866028708137,111.45099857252033,119.0166631420407,564.8206574321221
1244,1000,935,Low,244.0,181.99180327868854,47.20605316239662,87.5796969538953,276.4039096034818
1244,1000,935,Medium,482.0,264.6099585062241,86.57695400665837,91.45605049290734,437.7638665195408
1245,1000,935,High,209.0,341.91866028708137,111.45099857252033,119.0166631420407,564.8206574321221
1245,1000,935,Low,244.0,181.99180327868854,47.20605316239662,87.5796969538953,276.4039096034818
1245,1000,935,Medium,482.0,264.6099585062241,86.57695400665837,91.45605049290734,437.7638665195408
1246,1000,935,High,209.0,341.91866028708137,111.45099857252033,119.0166631420407,564.8206574321221
1246,1000,935,Low,244.0,181.99180327868854,47.20605316239662,87.5796969538953,276.4039096034818
1246,1000,935,Medium,482.0,264.6099585062241,86.57695400665837,91.45605049290734,437.7638665195408
1247,1000,935,High,209.0,341.91866028708137,111.45099857252033,119.0166631420407,564.8206574321221
1247,1000,935,Low,244.0,181.99180327868854,47.20605316239662,87.5796969538953,276.4039096034818
1247,1000,935,Medium,482.0,264.6099585062241,86.57695400665837,91.45605049290734,437.7638665195408
1248,1000,937,High,210.0,341.83809523809526,111.19017923394591,119.45773677020344,564.218453705987
1248,1000,937,Low,244.0,181.99180327868854,47.20605316239662,87.5796969538953,276.4039096034818
1248,1000,937,Medium,483.0,264.72463768115944,86.52381219278656,91.6770132955863,437.77226206673254
1249,1000,937,High,210.0,341.83809523809526,111.19017923394591,119.45773677020344,564.218453705987
1249,1000,937,Low,244.0,181.99180327868854,47.20605316239662,87.5796969538953,276.4039096034818
1249,1000,937,Medium,483.0,264.72463768115944,86.52381219278656,91.6770132955863,437.77226206673254
1250,1000,938,High,210.0,341.83809523809526,111.19017923394591,119.45773677020344,564.218453705987
1250,1000,938,Low,244.0,181.99180327868854,47.20605316239662,87.5796969538953,276.4039096034818
1250,1000,938,Medium,484.0,265.21280991735534,87.09887150443922,91.01506690847691,439.4105529262338
1251,1000,938,High,210.0,341.83809523809526,111.19017923394591,119.45773677020344,564.218453705987
1251,1000,938,Low,244.0,181.99180327868854,47.20605316239662,87.5796969538953,276.4039096034818
1251,1000,938,Medium,484.0,265.21280991735534,87.09887150443922,91.01506690847691,439.4105529262338
1252,1000,938,High,210.0,341.83809523809526,111.19017923394591,119.45773677020344,564.218453705987
1252,1000,938,Low,244.0,181.99180327868854,47.20605316239662,87.5796969538953,276.4039096034818
1252,1000,938,Medium,484.0,265.21280991735534,87.09887150443922,91.01506690847691,439.4105529262338
1253,1000,939,High,211.0,341.60663507109007,110.97606671862916,119.65450163383176,563.5587685083484
1253,1000,939,Low,244.0,181.99180327868854,47.20605316239662,87.5796969538953,276.4039096034818
1253,1000,939,Medium,484.0,265.21280991735534,87.09887150443922,91.01506690847691,439.4105529262338
1254,1000,940,High,212.0,342.0188679245283,110.8753607158877,120.26814649275292,563.7695893563036
1254,1000,940,Low,244.0,181.99180327868854,47.20605316239662,87.5796969538953,276.4039096034818
1254,1000,940,Medium,484.0,265.21280991735534,87.09887150443922,91.01506690847691,439.4105529262338
1255,1000,940,High,212.0,342.0188679245283,110.8753607158877,120.26814649275292,563.7695893563036
1255,1000,940,Low,244.0,181.99180327868854,47.20605316239662,87.5796969538953,276.4039096034818
1255,1000,940,Medium,484.0,265.21280991735534,87.09887150443922,91.01506690847691,439.4105529262338
1256,1000,941,High,212.0,342.0188679245283,110.8753607158877,120.26814649275292,563.7695893563036
1256,1000,941,Low,244.0,181.99180327868854,47.20605316239662,87.5796969538953,276.4039096034818
1256,1000,941,Medium,485.0,265.23298969072164,87.00998176048904,91.21302616974356,439.2529532116997
1257,1000,941,High,212.0,342.0188679245283,110.8753607158877,120.26814649275292,563.7695893563036
1257,1000,941,Low,244.0,181.99180327868854,47.20605316239662,87.5796969538953,276.4039096034818
1257,1000,941,Medium,485.0,265.23298969072164,87.00998176048904,91.21302616974356,439.2529532116997
1258,1000,942,High,212.0,342.0188679245283,110.8753607158877,120.26814649275292,563.7695893563036
1258,1000,942,Low,244.0,181.99180327868854,47.20605316239662,87.5796969538953,276.4039096034818
1258,1000,942,Medium,486.0,265.4156378600823,87.01344890897953,91.38874004212326,439.4425356780414
1259,1000,942,High,212.0,342.0188679245283,110.8753607158877,120.26814649275292,563.7695893563036
1259,1000,942,Low,244.0,181.99180327868854,47.20605316239662,87.5796969538953,276.4039096034818
1259,1000,942,Medium,486.0,265.4156378600823,87.01344890897953,91.38874004212326,439.4425356780414
1260,1000,943,High,212.0,342.0188679245283,110.8753607158877,120.26814649275292,563.7695893563036
1260,1000,943,Low,244.0,181.99180327868854,47.20605316239662,87.5796969538953,276.4039096034818
1260,1000,943,Medium,487.0,265.8439425051335,87.43625708330288,90.97142833852774,440.71645667173925
1261,1000,944,High,212.0,342.0188679245283,110.8753607158877,120.26814649275292,563.7695893563036
1261,1000,944,Low,244.0,181.99180327868854,47.20605316239662,87.5796969538953,276.4039096034818
1261,1000,944,Medium,488.0,266.0204918032787,87.43346892852118,91.15355394623631,440.887429660321
1262,1000,944,High,212.0,342.0188679245283,110.8753607158877,120.26814649275292,563.7695893563036
1262,1000,944,Low,244.0,181.99180327868854,47.20605316239662,87.5796969538953,276.4039096034818
1262,1000,944,Medium,488.0,266.0204918032787,87.43346892852118,91.15355394623631,440.887429660321
1263,1000,944,High,212.0,342.0188679245283,110.8753607158877,120.26814649275292,563.7695893563036
1263,1000,944,Low,244.0,181.99180327868854,47.20605316239662,87.5796969538953,276.4039096034818
1263,1000,944,Medium,488.0,266.0204918032787,87.43346892852118,91.15355394623631,440.887429660321
1264,1000,945,High,212.0,342.0188679245283,110.8753607158877,120.26814649275292,563.7695893563036
1264,1000,945,Low,244.0,181.99180327868854,47.20605316239662,87.5796969538953,276.4039096034818
1264,1000,945,Medium,489.0,266.34355828220856,87.63551896835936,91.07252034548983,441.6145962189273
1265,1000,945,High,212.0,342.0188679245283,110.8753607158877,120.26814649275292,563.7695893563036
1265,1000,945,Low,244.0,181.99180327868854,47.20605316239662,87.5796969538953,276.4039096034818
1265,1000,945,Medium,489.0,266.34355828220856,87.63551896835936,91.07252034548983,441.6145962189273
1266,1000,945,High,212.0,342.0188679245283,110.8753607158877,120.26814649275292,563.7695893563036
1266,1000,945,Low,244.0,181.99180327868854,47.20605316239662,87.5796969538953,276.4039096034818
1266,1000,945,Medium,489.0,266.34355828220856,87.63551896835936,91.07252034548983,441.6145962189273
1267,1000,945,High,212.0,342.0188679245283,110.8753607158877,120.26814649275292,563.7695893563036
1267,1000,945,Low,244.0,181.99180327868854,47.20605316239662,87.5796969538953,276.4039096034818
1267,1000,945,Medium,489.0,266.34355828220856,87.63551896835936,91.07252034548983,441.6145962189273
1268,1000,945,High,212.0,342.0188679245283,110.8753607158877,120.26814649275292,563.7695893563036
1268,1000,945,Low,244.0,181.99180327868854,47.20605316239662,87.5796969538953,276.4039096034818
1268,1000,945,Medium,489.0,266.34355828220856,87.63551896835936,91.07252034548983,441.6145962189273
1269,1000,946,High,213.0,342.2910798122066,110.68487379935641,120.92133221349377,563.6608274109194
1269,1000,946,Low,244.0,181.99180327868854,47.20605316239662,87.5796969538953,276.4039096034818
1269,1000,946,Medium,489.0,266.34355828220856,87.63551896835936,91.07252034548983,441.6145962189273
1270,1000,946,High,213.0,342.2910798122066,110.68487379935641,120.92133221349377,563.6608274109194
1270,1000,946,Low,244.0,181.99180327868854,47.20605316239662,87.5796969538953,276.4039096034818
1270,1000,946,Medium,489.0,266.34355828220856,87.63551896835936,91.07252034548983,441.6145962189273
1271,1000,947,High,214.0,342.0841121495327,110.46624377608192,121.15162459736885,563.0165997016966
1271,1000,947,Low,244.0,181.99180327868854,47.20605316239662,87.5796969538953,276.4039096034818
1271,1000,947,Medium,489.0,266.34355828220856,87.63551896835936,91.07252034548983,441.6145962189273
1272,1000,947,High,214.0,342.0841121495327,110.46624377608192,121.15162459736885,563.0165997016966
1272,1000,947,Low,244.0,181.99180327868854,47.20605316239662,87.5796969538953,276.4039096034818
1272,1000,947,Medium,489.0,266.34355828220856,87.63551896835936,91.07252034548983,441.6145962189273
1273,1000,948,High,214.0,342.0841121495327,110.46624377608192,121.15162459736885,563.0165997016966
1273,1000,948,Low,244.0,181.99180327868854,47.20605316239662,87.5796969538953,276.4039096034818
1273,1000,948,Medium,490.0,266.46122448979594,87.58460430100148,91.29201588779299,441.63043309179886
1274,1000,948,High,214.0,342.0841121495327,110.46624377608192,121.15162459736885,563.0165997016966
1274,1000,948,Low,244.0,181.99180327868854,47.20605316239662,87.5796969538953,276.4039096034818
1274,1000,948,Medium,490.0,266.46122448979594,87.58460430100148,91.29201588779299,441.63043309179886
1275,1000,948,High,214.0,342.0841121495327,110.46624377608192,121.15162459736885,563.0165997016966
1275,1000,948,Low,244.0,181.99180327868854,47.20605316239662,87.5796969538953,276.4039096034818
1275,1000,948,Medium,490.0,266.46122448979594,87.58460430100148,91.29201588779299,441.63043309179886
1276,1000,948,High,214.0,342.0841121495327,110.46624377608192,121.15162459736885,563.0165997016966
1276,1000,948,Low,244.0,181.99180327868854,47.20605316239662,87.5796969538953,276.4039096034818
1276,1000,948,Medium,490.0,266.46122448979594,87.58460430100148,91.29201588779299,441.63043309179886
1277,1000,948,High,214.0,342.0841121495327,110.46624377608192,121.15162459736885,563.0165997016966
1277,1000,948,Low,244.0,181.99180327868854,47.20605316239662,87.5796969538953,276.4039096034818
1277,1000,948,Medium,490.0,266.46122448979594,87.58460430100148,91.29201588779299,441.63043309179886
1278,1000,948,High,214.0,342.0841121495327,110.46624377608192,121.15162459736885,563.0165997016966
1278,1000,948,Low,244.0,181.99180327868854,47.20605316239662,87.5796969538953,276.4039096034818
1278,1000,948,Medium,490.0,266.46122448979594,87.58460430100148,91.29201588779299,441.63043309179886
1279,1000,948,High,214.0,342.0841121495327,110.46624377608192,121.15162459736885,563.0165997016966
1279,1000,948,Low,244.0,181.99180327868854,47.20605316239662,87.5796969538953,276.4039096034818
1279,1000,948,Medium,490.0,266.46122448979594,87.58460430100148,91.29201588779299,441.63043309179886
1280,1000,949,High,214.0,342.0841121495327,110.46624377608192,121.15162459736885,563.0165997016966
1280,1000,949,Low,244.0,181.99180327868854,47.20605316239662,87.5796969538953,276.4039096034818
1280,1000,949,Medium,491.0,266.69450101832996,87.64774320007815,91.39901461817365,441.9899874184863
1281,1000,950,High,215.0,342.93488372093026,110.91162366236013,121.11163639621,564.7581310456505
1281,1000,950,Low,244.0,181.99180327868854,47.20605316239662,87.5796969538953,276.4039096034818
1281,1000,950,Medium,491.0,266.69450101832996,87.64774320007815,91.39901461817365,441.9899874184863
1282,1000,951,High,215.0,342.93488372093026,110.91162366236013,121.11163639621,564.7581310456505
1282,1000,951,Low,244.0,181.99180327868854,47.20605316239662,87.5796969538953,276.4039096034818
1282,1000,951,Medium,492.0,266.7845528455285,87.5812240128898,91.62210481974887,441.9470008713081
1283,1000,951,High,215.0,342.93488372093026,110.91162366236013,121.11163639621,564.7581310456505
1283,1000,951,Low,244.0,181.99180327868854,47.20605316239662,87.5796969538953,276.4039096034818
1283,1000,951,Medium,492.0,266.7845528455285,87.5812240128898,91.62210481974887,441.9470008713081
1284,1000,951,High,215.0,342.93488372093026,110.91162366236013,121.11163639621,564.7581310456505
1284,1000,951,Low,244.0,181.99180327868854,47.20605316239662,87.5796969538953,276.4039096034818
1284,1000,951,Medium,492.0,266.7845528455285,87.5812240128898,91.62210481974887,441.9470008713081
1285,1000,953,High,216.0,342.9490740740741,110.65358556837948,121.64190293731511,564.2562452108331
1285,1000,953,Low,244.0,181.99180327868854,47.20605316239662,87.5796969538953,276.4039096034818
1285,1000,953,Medium,493.0,267.0344827586207,87.66798524998092,91.69851225865887,442.37045325858253
1286,1000,953,High,216.0,342.9490740740741,110.65358556837948,121.64190293731511,564.2562452108331
1286,1000,953,Low,244.0,181.99180327868854,47.20605316239662,87.5796969538953,276.4039096034818
1286,1000,953,Medium,493.0,267.0344827586207,87.66798524998092,91.69851225865887,442.37045325858253
1287,1000,955,High,216.0,342.9490740740741,110.65358556837948,121.64190293731511,564.2562452108331
1287,1000,955,Low,244.0,181.99180327868854,47.20605316239662,87.5796969538953,276.4039096034818
1287,1000,955,Medium,495.0,267.65050505050505,88.08300898820656,91.48448707409193,443.81652302691816
1288,1000,956,High,216.0,342.9490740740741,110.65358556837948,121.64190293731511,564.2562452108331
1288,1000,956,Low,244.0,181.99180327868854,47.20605316239662,87.5796969538953,276.4039096034818
1288,1000,956,Medium,496.0,267.9758064516129,88.29173073691578,91.39234497778136,444.5592679254445
1289,1000,956,High,216.0,342.9490740740741,110.65358556837948,121.64190293731511,564.2562452108331
1289,1000,956,Low,244.0,181.99180327868854,47.20605316239662,87.5796969538953,276.4039096034818
1289,1000,956,Medium,496.0,267.9758064516129,88.29173073691578,91.39234497778136,444.5592679254445
1290,1000,956,High,216.0,342.9490740740741,110.65358556837948,121.64190293731511,564.2562452108331
1290,1000,956,Low,244.0,181.99180327868854,47.20605316239662,87.5796969538953,276.4039096034818
1290,1000,956,Medium,496.0,267.9758064516129,88.29173073691578,91.39234497778136,444.5592679254445
1291,1000,956,High,216.0,342.9490740740741,110.65358556837948,121.64190293731511,564.2562452108331
1291,1000,956,Low,244.0,181.99180327868854,47.20605316239662,87.5796969538953,276.4039096034818
1291,1000,956,Medium,496.0,267.9758064516129,88.29173073691578,91.39234497778136,444.5592679254445
1292,1000,956,High,216.0,342.9490740740741,110.65358556837948,121.64190293731511,564.2562452108331
1292,1000,956,Low,244.0,181.99180327868854,47.20605316239662,87.5796969538953,276.4039096034818
1292,1000,956,Medium,496.0,267.9758064516129,88.29173073691578,91.39234497778136,444.5592679254445
1293,1000,956,High,216.0,342.9490740740741,110.65358556837948,121.64190293731511,564.2562452108331
1293,1000,956,Low,244.0,181.99180327868854,47.20605316239662,87.5796969538953,276.4039096034818
1293,1000,956,Medium,496.0,267.9758064516129,88.29173073691578,91.39234497778136,444.5592679254445
1294,1000,957,High,216.0,342.9490740740741,110.65358556837948,121.64190293731511,564.2562452108331
1294,1000,957,Low,244.0,181.99180327868854,47.20605316239662,87.5796969538953,276.4039096034818
1294,1000,957,Medium,497.0,268.2676056338028,88.44224706227682,91.38311150924918,445.1520997583565
1295,1000,959,High,216.0,342.9490740740741,110.65358556837948,121.64190293731511,564.2562452108331
1295,1000,959,Low,244.0,181.99180327868854,47.20605316239662,87.5796969538953,276.4039096034818
1295,1000,959,Medium,499.0,268.5991983967936,88.42388144953334,91.75143549772693,445.4469612958603
1296,1000,959,High,216.0,342.9490740740741,110.65358556837948,121.64190293731511,564.2562452108331
1296,1000,959,Low,244.0,181.99180327868854,47.20605316239662,87.5796969538953,276.4039096034818
1296,1000,959,Medium,499.0,268.5991983967936,88.42388144953334,91.75143549772693,445.4469612958603
1297,1000,960,High,217.0,343.3225806451613,110.53417058712444,122.25423947091241,564.3909218194101
1297,1000,960,Low,244.0,181.99180327868854,47.20605316239662,87.5796969538953,276.4039096034818
1297,1000,960,Medium,499.0,268.5991983967936,88.42388144953334,91.75143549772693,445.4469612958603
1298,1000,960,High,217.0,343.3225806451613,110.53417058712444,122.25423947091241,564.3909218194101
1298,1000,960,Low,244.0,181.99180327868854,47.20605316239662,87.5796969538953,276.4039096034818
1298,1000,960,Medium,499.0,268.5991983967936,88.42388144953334,91.75143549772693,445.4469612958603
1299,1000,960,High,217.0,343.3225806451613,110.53417058712444,122.25423947091241,564.3909218194101
1299,1000,960,Low,244.0,181.99180327868854,47.20605316239662,87.5796969538953,276.4039096034818
1299,1000,960,Medium,499.0,268.5991983967936,88.42388144953334,91.75143549772693,445.4469612958603
1300,1000,960,High,217.0,343.3225806451613,110.53417058712444,122.25423947091241,564.3909218194101
1300,1000,960,Low,244.0,181.99180327868854,47.20605316239662,87.5796969538953,276.4039096034818
1300,1000,960,Medium,499.0,268.5991983967936,88.42388144953334,91.75143549772693,445.4469612958603
1301,1000,962,High,218.0,344.08256880733944,110.84860173143014,122.38536534447917,565.7797722701997
1301,1000,962,Low,244.0,181.99180327868854,47.20605316239662,87.5796969538953,276.4039096034818
1301,1000,962,Medium,500.0,268.68,88.35371161820783,91.97257676358436,445.38742323641566
1302,1000,963,High,219.0,344.94520547945206,111.32841206274217,122.28838135396771,567.6020296049364
1302,1000,963,Low,244.0,181.99180327868854,47.20605316239662,87.5796969538953,276.4039096034818
1302,1000,963,Medium,500.0,268.68,88.35371161820783,91.97257676358436,445.38742323641566
1303,1000,963,High,219.0,344.94520547945206,111.32841206274217,122.28838135396771,567.6020296049364
1303,1000,963,Low,244.0,181.99180327868854,47.20605316239662,87.5796969538953,276.4039096034818
1303,1000,963,Medium,500.0,268.68,88.35371161820783,91.97257676358436,445.38742323641566
1304,1000,963,High,219.0,344.94520547945206,111.32841206274217,122.28838135396771,567.6020296049364
1304,1000,963,Low,244.0,181.99180327868854,47.20605316239662,87.5796969538953,276.4039096034818
1304,1000,963,Medium,500.0,268.68,88.35371161820783,91.97257676358436,445.38742323641566
1305,1000,963,High,219.0,344.94520547945206,111.32841206274217,122.28838135396771,567.6020296049364
1305,1000,963,Low,244.0,181.99180327868854,47.20605316239662,87.5796969538953,276.4039096034818
1305,1000,963,Medium,500.0,268.68,88.35371161820783,91.97257676358436,445.38742323641566
1306,1000,964,High,220.0,345.1272727272727,111.10676991657687,122.913732894119,567.3408125604265
1306,1000,964,Low,244.0,181.99180327868854,47.20605316239662,87.5796969538953,276.4039096034818
1306,1000,964,Medium,500.0,268.68,88.35371161820783,91.97257676358436,445.38742323641566
1307,1000,964,High,220.0,345.1272727272727,111.10676991657687,122.913732894119,567.3408125604265
1307,1000,964,Low,244.0,181.99180327868854,47.20605316239662,87.5796969538953,276.4039096034818
1307,1000,964,Medium,500.0,268.68,88.35371161820783,91.97257676358436,445.38742323641566
1308,1000,966,High,222.0,345.036036036036,110.62029368186084,123.79544867231434,566.2766233997577
1308,1000,966,Low,244.0,181.99180327868854,47.20605316239662,87.5796969538953,276.4039096034818
1308,1000,966,Medium,500.0,268.68,88.35371161820783,91.97257676358436,445.38742323641566
1309,1000,966,High,222.0,345.036036036036,110.62029368186084,123.79544867231434,566.2766233997577
1309,1000,966,Low,244.0,181.99180327868854,47.20605316239662,87.5796969538953,276.4039096034818
1309,1000,966,Medium,500.0,268.68,88.35371161820783,91.97257676358436,445.38742323641566
1310,1000,966,High,222.0,345.036036036036,110.62029368186084,123.79544867231434,566.2766233997577
1310,1000,966,Low,244.0,181.99180327868854,47.20605316239662,87.5796969538953,276.4039096034818
1310,1000,966,Medium,500.0,268.68,88.35371161820783,91.97257676358436,445.38742323641566
1311,1000,966,High,222.0,345.036036036036,110.62029368186084,123.79544867231434,566.2766233997577
1311,1000,966,Low,244.0,181.99180327868854,47.20605316239662,87.5796969538953,276.4039096034818
1311,1000,966,Medium,500.0,268.68,88.35371161820783,91.97257676358436,445.38742323641566
1312,1000,966,High,222.0,345.036036036036,110.62029368186084,123.79544867231434,566.2766233997577
1312,1000,966,Low,244.0,181.99180327868854,47.20605316239662,87.5796969538953,276.4039096034818
1312,1000,966,Medium,500.0,268.68,88.35371161820783,91.97257676358436,445.38742323641566
1313,1000,966,High,222.0,345.036036036036,110.62029368186084,123.79544867231434,566.2766233997577
1313,1000,966,Low,244.0,181.99180327868854,47.20605316239662,87.5796969538953,276.4039096034818
1313,1000,966,Medium,500.0,268.68,88.35371161820783,91.97257676358436,445.38742323641566
1314,1000,966,High,222.0,345.036036036036,110.62029368186084,123.79544867231434,566.2766233997577
1314,1000,966,Low,244.0,181.99180327868854,47.20605316239662,87.5796969538953,276.4039096034818
1314,1000,966,Medium,500.0,268.68,88.35371161820783,91.97257676358436,445.38742323641566
1315,1000,967,High,222.0,345.036036036036,110.62029368186084,123.79544867231434,566.2766233997577
1315,1000,967,Low,244.0,181.99180327868854,47.20605316239662,87.5796969538953,276.4039096034818
1315,1000,967,Medium,501.0,268.9081836327345,88.41296032196985,92.08226298879481,445.7341042766742
1316,1000,968,High,223.0,346.47533632286996,112.44417262148589,121.58699107989818,571.3636815658417
1316,1000,968,Low,244.0,181.99180327868854,47.20605316239662,87.5796969538953,276.4039096034818
1316,1000,968,Medium,501.0,268.9081836327345,88.41296032196985,92.08226298879481,445.7341042766742
1317,1000,968,High,223.0,346.47533632286996,112.44417262148589,121.58699107989818,571.3636815658417
1317,1000,968,Low,244.0,181.99180327868854,47.20605316239662,87.5796969538953,276.4039096034818
1317,1000,968,Medium,501.0,268.9081836327345,88.41296032196985,92.08226298879481,445.7341042766742
1318,1000,968,High,223.0,346.47533632286996,112.44417262148589,121.58699107989818,571.3636815658417
1318,1000,968,Low,244.0,181.99180327868854,47.20605316239662,87.5796969538953,276.4039096034818
1318,1000,968,Medium,501.0,268.9081836327345,88.41296032196985,92.08226298879481,445.7341042766742
1319,1000,968,High,223.0,346.47533632286996,112.44417262148589,121.58699107989818,571.3636815658417
1319,1000,968,Low,244.0,181.99180327868854,47.20605316239662,87.5796969538953,276.4039096034818
1319,1000,968,Medium,501.0,268.9081836327345,88.41296032196985,92.08226298879481,445.7341042766742
1320,1000,969,High,223.0,346.47533632286996,112.44417262148589,121.58699107989818,571.3636815658417
1320,1000,969,Low,244.0,181.99180327868854,47.20605316239662,87.5796969538953,276.4039096034818
1320,1000,969,Medium,502.0,269.2390438247012,88.6352200032922,91.96860381811678,446.5094838312856
1321,1000,969,High,223.0,346.47533632286996,112.44417262148589,121.58699107989818,571.3636815658417
1321,1000,969,Low,244.0,181.99180327868854,47.20605316239662,87.5796969538953,276.4039096034818
1321,1000,969,Medium,502.0,269.2390438247012,88.6352200032922,91.96860381811678,446.5094838312856
1322,1000,969,High,223.0,346.47533632286996,112.44417262148589,121.58699107989818,571.3636815658417
1322,1000,969,Low,244.0,181.99180327868854,47.20605316239662,87.5796969538953,276.4039096034818
1322,1000,969,Medium,502.0,269.2390438247012,88.6352200032922,91.96860381811678,446.5094838312856
1323,1000,969,High,223.0,346.47533632286996,112.44417262148589,121.58699107989818,571.3636815658417
1323,1000,969,Low,244.0,181.99180327868854,47.20605316239662,87.5796969538953,276.4039096034818
1323,1000,969,Medium,502.0,269.2390438247012,88.6352200032922,91.96860381811678,446.5094838312856
1324,1000,969,High,223.0,346.47533632286996,112.44417262148589,121.58699107989818,571.3636815658417
1324,1000,969,Low,244.0,181.99180327868854,47.20605316239662,87.5796969538953,276.4039096034818
1324,1000,969,Medium,502.0,269.2390438247012,88.6352200032922,91.96860381811678,446.5094838312856
1325,1000,970,High,224.0,346.67857142857144,112.23299869537617,122.21257403781911,571.1445688193238
1325,1000,970,Low,244.0,181.99180327868854,47.20605316239662,87.5796969538953,276.4039096034818
1325,1000,970,Medium,502.0,269.2390438247012,88.6352200032922,91.96860381811678,446.5094838312856
1326,1000,970,High,224.0,346.67857142857144,112.23299869537617,122.21257403781911,571.1445688193238
1326,1000,970,Low,244.0,181.99180327868854,47.20605316239662,87.5796969538953,276.4039096034818
1326,1000,970,Medium,502.0,269.2390438247012,88.6352200032922,91.96860381811678,446.5094838312856
1327,1000,971,High,224.0,346.67857142857144,112.23299869537617,122.21257403781911,571.1445688193238
1327,1000,971,Low,244.0,181.99180327868854,47.20605316239662,87.5796969538953,276.4039096034818
1327,1000,971,Medium,503.0,269.7296222664016,89.22784332906315,91.27393560827528,448.1853089245279
1328,1000,971,High,224.0,346.67857142857144,112.23299869537617,122.21257403781911,571.1445688193238
1328,1000,971,Low,244.0,181.99180327868854,47.20605316239662,87.5796969538953,276.4039096034818
1328,1000,971,Medium,503.0,269.7296222664016,89.22784332906315,91.27393560827528,448.1853089245279
1329,1000,971,High,224.0,346.67857142857144,112.23299869537617,122.21257403781911,571.1445688193238
1329,1000,971,Low,244.0,181.99180327868854,47.20605316239662,87.5796969538953,276.4039096034818
1329,1000,971,Medium,503.0,269.7296222664016,89.22784332906315,91.27393560827528,448.1853089245279
1330,1000,971,High,224.0,346.67857142857144,112.23299869537617,122.21257403781911,571.1445688193238
1330,1000,971,Low,244.0,181.99180327868854,47.20605316239662,87.5796969538953,276.4039096034818
1330,1000,971,Medium,503.0,269.7296222664016,89.22784332906315,91.27393560827528,448.1853089245279
1331,1000,972,High,225.0,348.0622222222222,113.88930106390765,120.2836200944069,575.8408243500376
1331,1000,972,Low,244.0,181.99180327868854,47.20605316239662,87.5796969538953,276.4039096034818
1331,1000,972,Medium,503.0,269.7296222664016,89.22784332906315,91.27393560827528,448.1853089245279
1332,1000,972,High,225.0,348.0622222222222,113.88930106390765,120.2836200944069,575.8408243500376
1332,1000,972,Low,244.0,181.99180327868854,47.20605316239662,87.5796969538953,276.4039096034818
1332,1000,972,Medium,503.0,269.7296222664016,89.22784332906315,91.27393560827528,448.1853089245279
1333,1000,972,High,225.0,348.0622222222222,113.88930106390765,120.2836200944069,575.8408243500376
1333,1000,972,Low,244.0,181.99180327868854,47.20605316239662,87.5796969538953,276.4039096034818
1333,1000,972,Medium,503.0,269.7296222664016,89.22784332906315,91.27393560827528,448.1853089245279
1334,1000,972,High,225.0,348.0622222222222,113.88930106390765,120.2836200944069,575.8408243500376
1334,1000,972,Low,244.0,181.99180327868854,47.20605316239662,87.5796969538953,276.4039096034818
1334,1000,972,Medium,503.0,269.7296222664016,89.22784332906315,91.27393560827528,448.1853089245279
1335,1000,972,High,225.0,348.0622222222222,113.88930106390765,120.2836200944069,575.8408243500376
1335,1000,972,Low,244.0,181.99180327868854,47.20605316239662,87.5796969538953,276.4039096034818
1335,1000,972,Medium,503.0,269.7296222664016,89.22784332906315,91.27393560827528,448.1853089245279
1336,1000,972,High,225.0,348.0622222222222,113.88930106390765,120.2836200944069,575.8408243500376
1336,1000,972,Low,244.0,181.99180327868854,47.20605316239662,87.5796969538953,276.4039096034818
1336,1000,972,Medium,503.0,269.7296222664016,89.22784332906315,91.27393560827528,448.1853089245279
1337,1000,972,High,225.0,348.0622222222222,113.88930106390765,120.2836200944069,575.8408243500376
1337,1000,972,Low,244.0,181.99180327868854,47.20605316239662,87.5796969538953,276.4039096034818
1337,1000,972,Medium,503.0,269.7296222664016,89.22784332906315,91.27393560827528,448.1853089245279
1338,1000,972,High,225.0,348.0622222222222,113.88930106390765,120.2836200944069,575.8408243500376
1338,1000,972,Low,244.0,181.99180327868854,47.20605316239662,87.5796969538953,276.4039096034818
1338,1000,972,Medium,503.0,269.7296222664016,89.22784332906315,91.27393560827528,448.1853089245279
1339,1000,972,High,225.0,348.0622222222222,113.88930106390765,120.2836200944069,575.8408243500376
1339,1000,972,Low,244.0,181.99180327868854,47.20605316239662,87.5796969538953,276.4039096034818
1339,1000,972,Medium,503.0,269.7296222664016,89.22784332906315,91.27393560827528,448.1853089245279
1340,1000,972,High,225.0,348.0622222222222,113.88930106390765,120.2836200944069,575.8408243500376
1340,1000,972,Low,244.0,181.99180327868854,47.20605316239662,87.5796969538953,276.4039096034818
1340,1000,972,Medium,503.0,269.7296222664016,89.22784332906315,91.27393560827528,448.1853089245279
1341,1000,972,High,225.0,348.0622222222222,113.88930106390765,120.2836200944069,575.8408243500376
1341,1000,972,Low,244.0,181.99180327868854,47.20605316239662,87.5796969538953,276.4039096034818
1341,1000,972,Medium,503.0,269.7296222664016,89.22784332906315,91.27393560827528,448.1853089245279
1342,1000,972,High,225.0,348.0622222222222,113.88930106390765,120.2836200944069,575.8408243500376
1342,1000,972,Low,244.0,181.99180327868854,47.20605316239662,87.5796969538953,276.4039096034818
1342,1000,972,Medium,503.0,269.7296222664016,89.22784332906315,91.27393560827528,448.1853089245279
1343,1000,972,High,225.0,348.0622222222222,113.88930106390765,120.2836200944069,575.8408243500376
1343,1000,972,Low,244.0,181.99180327868854,47.20605316239662,87.5796969538953,276.4039096034818
1343,1000,972,Medium,503.0,269.7296222664016,89.22784332906315,91.27393560827528,448.1853089245279
1344,1000,972,High,225.0,348.0622222222222,113.88930106390765,120.2836200944069,575.8408243500376
1344,1000,972,Low,244.0,181.99180327868854,47.20605316239662,87.5796969538953,276.4039096034818
1344,1000,972,Medium,503.0,269.7296222664016,89.22784332906315,91.27393560827528,448.1853089245279
1345,1000,972,High,225.0,348.0622222222222,113.88930106390765,120.2836200944069,575.8408243500376
1345,1000,972,Low,244.0,181.99180327868854,47.20605316239662,87.5796969538953,276.4039096034818
1345,1000,972,Medium,503.0,269.7296222664016,89.22784332906315,91.27393560827528,448.1853089245279
1346,1000,972,High,225.0,348.0622222222222,113.88930106390765,120.2836200944069,575.8408243500376
1346,1000,972,Low,244.0,181.99180327868854,47.20605316239662,87.5796969538953,276.4039096034818
1346,1000,972,Medium,503.0,269.7296222664016,89.22784332906315,91.27393560827528,448.1853089245279
1347,1000,972,High,225.0,348.0622222222222,113.88930106390765,120.2836200944069,575.8408243500376
1347,1000,972,Low,244.0,181.99180327868854,47.20605316239662,87.5796969538953,276.4039096034818
1347,1000,972,Medium,503.0,269.7296222664016,89.22784332906315,91.27393560827528,448.1853089245279
1348,1000,972,High,225.0,348.0622222222222,113.88930106390765,120.2836200944069,575.8408243500376
1348,1000,972,Low,244.0,181.99180327868854,47.20605316239662,87.5796969538953,276.4039096034818
1348,1000,972,Medium,503.0,269.7296222664016,89.22784332906315,91.27393560827528,448.1853089245279
1349,1000,972,High,225.0,348.0622222222222,113.88930106390765,120.2836200944069,575.8408243500376
1349,1000,972,Low,244.0,181.99180327868854,47.20605316239662,87.5796969538953,276.4039096034818
1349,1000,972,Medium,503.0,269.7296222664016,89.22784332906315,91.27393560827528,448.1853089245279
1350,1000,972,High,225.0,348.0622222222222,113.88930106390765,120.2836200944069,575.8408243500376
1350,1000,972,Low,244.0,181.99180327868854,47.20605316239662,87.5796969538953,276.4039096034818
1350,1000,972,Medium,503.0,269.7296222664016,89.22784332906315,91.27393560827528,448.1853089245279
1351,1000,972,High,225.0,348.0622222222222,113.88930106390765,120.2836200944069,575.8408243500376
1351,1000,972,Low,244.0,181.99180327868854,47.20605316239662,87.5796969538953,276.4039096034818
1351,1000,972,Medium,503.0,269.7296222664016,89.22784332906315,91.27393560827528,448.1853089245279
1352,1000,972,High,225.0,348.0622222222222,113.88930106390765,120.2836200944069,575.8408243500376
1352,1000,972,Low,244.0,181.99180327868854,47.20605316239662,87.5796969538953,276.4039096034818
1352,1000,972,Medium,503.0,269.7296222664016,89.22784332906315,91.27393560827528,448.1853089245279
1353,1000,972,High,225.0,348.0622222222222,113.88930106390765,120.2836200944069,575.8408243500376
1353,1000,972,Low,244.0,181.99180327868854,47.20605316239662,87.5796969538953,276.4039096034818
1353,1000,972,Medium,503.0,269.7296222664016,89.22784332906315,91.27393560827528,448.1853089245279
1354,1000,973,High,226.0,348.0929203539823,113.63686899109943,120.81918237178346,575.3666583361812
1354,1000,973,Low,244.0,181.99180327868854,47.20605316239662,87.5796969538953,276.4039096034818
1354,1000,973,Medium,503.0,269.7296222664016,89.22784332906315,91.27393560827528,448.1853089245279
1355,1000,974,High,227.0,348.68722466960355,113.73818703518651,121.21085059923053,576.1635987399766
1355,1000,974,Low,244.0,181.99180327868854,47.20605316239662,87.5796969538953,276.4039096034818
1355,1000,974,Medium,503.0,269.7296222664016,89.22784332906315,91.27393560827528,448.1853089245279
1356,1000,974,High,227.0,348.68722466960355,113.73818703518651,121.21085059923053,576.1635987399766
1356,1000,974,Low,244.0,181.99180327868854,47.20605316239662,87.5796969538953,276.4039096034818
1356,1000,974,Medium,503.0,269.7296222664016,89.22784332906315,91.27393560827528,448.1853089245279
1357,1000,976,High,228.0,348.8333333333333,113.50882801870148,121.81567729593036,575.8509893707362
1357,1000,976,Low,244.0,181.99180327868854,47.20605316239662,87.5796969538953,276.4039096034818
1357,1000,976,Medium,504.0,269.9087301587302,89.22974793016353,91.44923429840313,448.36822601905726
1358,1000,976,High,228.0,348.8333333333333,113.50882801870148,121.81567729593036,575.8509893707362
1358,1000,976,Low,244.0,181.99180327868854,47.20605316239662,87.5796969538953,276.4039096034818
1358,1000,976,Medium,504.0,269.9087301587302,89.22974793016353,91.44923429840313,448.36822601905726
1359,1000,976,High,228.0,348.8333333333333,113.50882801870148,121.81567729593036,575.8509893707362
1359,1000,976,Low,244.0,181.99180327868854,47.20605316239662,87.5796969538953,276.4039096034818
1359,1000,976,Medium,504.0,269.9087301587302,89.22974793016353,91.44923429840313,448.36822601905726
1360,1000,976,High,228.0,348.8333333333333,113.50882801870148,121.81567729593036,575.8509893707362
1360,1000,976,Low,244.0,181.99180327868854,47.20605316239662,87.5796969538953,276.4039096034818
1360,1000,976,Medium,504.0,269.9087301587302,89.22974793016353,91.44923429840313,448.36822601905726
1361,1000,976,High,228.0,348.8333333333333,113.50882801870148,121.81567729593036,575.8509893707362
1361,1000,976,Low,244.0,181.99180327868854,47.20605316239662,87.5796969538953,276.4039096034818
1361,1000,976,Medium,504.0,269.9087301587302,89.22974793016353,91.44923429840313,448.36822601905726
1362,1000,976,High,228.0,348.8333333333333,113.50882801870148,121.81567729593036,575.8509893707362
1362,1000,976,Low,244.0,181.99180327868854,47.20605316239662,87.5796969538953,276.4039096034818
1362,1000,976,Medium,504.0,269.9087301587302,89.22974793016353,91.44923429840313,448.36822601905726
1363,1000,976,High,228.0,348.8333333333333,113.50882801870148,121.81567729593036,575.8509893707362
1363,1000,976,Low,244.0,181.99180327868854,47.20605316239662,87.5796969538953,276.4039096034818
1363,1000,976,Medium,504.0,269.9087301587302,89.22974793016353,91.44923429840313,448.36822601905726
1364,1000,976,High,228.0,348.8333333333333,113.50882801870148,121.81567729593036,575.8509893707362
1364,1000,976,Low,244.0,181.99180327868854,47.20605316239662,87.5796969538953,276.4039096034818
1364,1000,976,Medium,504.0,269.9087301587302,89.22974793016353,91.44923429840313,448.36822601905726
1365,1000,976,High,228.0,348.8333333333333,113.50882801870148,121.81567729593036,575.8509893707362
1365,1000,976,Low,244.0,181.99180327868854,47.20605316239662,87.5796969538953,276.4039096034818
1365,1000,976,Medium,504.0,269.9087301587302,89.22974793016353,91.44923429840313,448.36822601905726
1366,1000,976,High,228.0,348.8333333333333,113.50882801870148,121.81567729593036,575.8509893707362
1366,1000,976,Low,244.0,181.99180327868854,47.20605316239662,87.5796969538953,276.4039096034818
1366,1000,976,Medium,504.0,269.9087301587302,89.22974793016353,91.44923429840313,448.36822601905726
1367,1000,976,High,228.0,348.8333333333333,113.50882801870148,121.81567729593036,575.8509893707362
1367,1000,976,Low,244.0,181.99180327868854,47.20605316239662,87.5796969538953,276.4039096034818
1367,1000,976,Medium,504.0,269.9087301587302,89.22974793016353,91.44923429840313,448.36822601905726
1368,1000,977,High,229.0,349.7772925764192,114.15689499585146,121.46350258471628,578.0910825681221
1368,1000,977,Low,244.0,181.99180327868854,47.20605316239662,87.5796969538953,276.4039096034818
1368,1000,977,Medium,504.0,269.9087301587302,89.22974793016353,91.44923429840313,448.36822601905726
1369,1000,979,High,230.0,350.75652173913045,114.87137985262582,121.0137620338788,580.4992814443821
1369,1000,979,Low,244.0,181.99180327868854,47.20605316239662,87.5796969538953,276.4039096034818
1369,1000,979,Medium,505.0,270.2930693069307,89.55862478454414,91.17581973784243,449.410318876019
1370,1000,979,High,230.0,350.75652173913045,114.87137985262582,121.0137620338788,580.4992814443821
1370,1000,979,Low,244.0,181.99180327868854,47.20605316239662,87.5796969538953,276.4039096034818
1370,1000,979,Medium,505.0,270.2930693069307,89.55862478454414,91.17581973784243,449.410318876019
1371,1000,979,High,230.0,350.75652173913045,114.87137985262582,121.0137620338788,580.4992814443821
1371,1000,979,Low,244.0,181.99180327868854,47.20605316239662,87.5796969538953,276.4039096034818
1371,1000,979,Medium,505.0,270.2930693069307,89.55862478454414,91.17581973784243,449.410318876019
1372,1000,981,High,230.0,350.75652173913045,114.87137985262582,121.0137620338788,580.4992814443821
1372,1000,981,Low,244.0,181.99180327868854,47.20605316239662,87.5796969538953,276.4039096034818
1372,1000,981,Medium,507.0,270.93096646942803,89.97152144758773,90.98792357425256,450.87400936460347
1373,1000,981,High,230.0,350.75652173913045,114.87137985262582,121.0137620338788,580.4992814443821
1373,1000,981,Low,244.0,181.99180327868854,47.20605316239662,87.5796969538953,276.4039096034818
1373,1000,981,Medium,507.0,270.93096646942803,89.97152144758773,90.98792357425256,450.87400936460347
1374,1000,981,High,230.0,350.75652173913045,114.87137985262582,121.0137620338788,580.4992814443821
1374,1000,981,Low,244.0,181.99180327868854,47.20605316239662,87.5796969538953,276.4039096034818
1374,1000,981,Medium,507.0,270.93096646942803,89.97152144758773,90.98792357425256,450.87400936460347
1375,1000,981,High,230.0,350.75652173913045,114.87137985262582,121.0137620338788,580.4992814443821
1375,1000,981,Low,244.0,181.99180327868854,47.20605316239662,87.5796969538953,276.4039096034818
1375,1000,981,Medium,507.0,270.93096646942803,89.97152144758773,90.98792357425256,450.87400936460347
1376,1000,981,High,230.0,350.75652173913045,114.87137985262582,121.0137620338788,580.4992814443821
1376,1000,981,Low,244.0,181.99180327868854,47.20605316239662,87.5796969538953,276.4039096034818
1376,1000,981,Medium,507.0,270.93096646942803,89.97152144758773,90.98792357425256,450.87400936460347
1377,1000,982,High,230.0,350.75652173913045,114.87137985262582,121.0137620338788,580.4992814443821
1377,1000,982,Low,244.0,181.99180327868854,47.20605316239662,87.5796969538953,276.4039096034818
1377,1000,982,Medium,508.0,271.23622047244095,90.1456814971763,90.94485747808835,451.52758346679354
1378,1000,982,High,230.0,350.75652173913045,114.87137985262582,121.0137620338788,580.4992814443821
1378,1000,982,Low,244.0,181.99180327868854,47.20605316239662,87.5796969538953,276.4039096034818
1378,1000,982,Medium,508.0,271.23622047244095,90.1456814971763,90.94485747808835,451.52758346679354
1379,1000,983,High,231.0,351.27705627705626,114.89409619672386,121.48886388360853,581.0652486705039
1379,1000,983,Low,244.0,181.99180327868854,47.20605316239662,87.5796969538953,276.4039096034818
1379,1000,983,Medium,508.0,271.23622047244095,90.1456814971763,90.94485747808835,451.52758346679354
1380,1000,984,High,232.0,351.73706896551727,114.85905085654424,122.01896725242878,581.4551706786058
1380,1000,984,Low,244.0,181.99180327868854,47.20605316239662,87.5796969538953,276.4039096034818
1380,1000,984,Medium,508.0,271.23622047244095,90.1456814971763,90.94485747808835,451.52758346679354
1381,1000,985,High,232.0,351.73706896551727,114.85905085654424,122.01896725242878,581.4551706786058
1381,1000,985,Low,244.0,181.99180327868854,47.20605316239662,87.5796969538953,276.4039096034818
1381,1000,985,Medium,509.0,271.4990176817289,90.25187032664947,90.99527702842997,452.0027583350278
1382,1000,985,High,232.0,351.73706896551727,114.85905085654424,122.01896725242878,581.4551706786058
1382,1000,985,Low,244.0,181.99180327868854,47.20605316239662,87.5796969538953,276.4039096034818
1382,1000,985,Medium,509.0,271.4990176817289,90.25187032664947,90.99527702842997,452.0027583350278
1383,1000,985,High,232.0,351.73706896551727,114.85905085654424,122.01896725242878,581.4551706786058
1383,1000,985,Low,244.0,181.99180327868854,47.20605316239662,87.5796969538953,276.4039096034818
1383,1000,985,Medium,509.0,271.4990176817289,90.25187032664947,90.99527702842997,452.0027583350278
1384,1000,985,High,232.0,351.73706896551727,114.85905085654424,122.01896725242878,581.4551706786058
1384,1000,985,Low,244.0,181.99180327868854,47.20605316239662,87.5796969538953,276.4039096034818
1384,1000,985,Medium,509.0,271.4990176817289,90.25187032664947,90.99527702842997,452.0027583350278
1385,1000,985,High,232.0,351.73706896551727,114.85905085654424,122.01896725242878,581.4551706786058
1385,1000,985,Low,244.0,181.99180327868854,47.20605316239662,87.5796969538953,276.4039096034818
1385,1000,985,Medium,509.0,271.4990176817289,90.25187032664947,90.99527702842997,452.0027583350278
1386,1000,985,High,232.0,351.73706896551727,114.85905085654424,122.01896725242878,581.4551706786058
1386,1000,985,Low,244.0,181.99180327868854,47.20605316239662,87.5796969538953,276.4039096034818
1386,1000,985,Medium,509.0,271.4990176817289,90.25187032664947,90.99527702842997,452.0027583350278
1387,1000,985,High,232.0,351.73706896551727,114.85905085654424,122.01896725242878,581.4551706786058
1387,1000,985,Low,244.0,181.99180327868854,47.20605316239662,87.5796969538953,276.4039096034818
1387,1000,985,Medium,509.0,271.4990176817289,90.25187032664947,90.99527702842997,452.0027583350278
1388,1000,985,High,232.0,351.73706896551727,114.85905085654424,122.01896725242878,581.4551706786058
1388,1000,985,Low,244.0,181.99180327868854,47.20605316239662,87.5796969538953,276.4039096034818
1388,1000,985,Medium,509.0,271.4990176817289,90.25187032664947,90.99527702842997,452.0027583350278
1389,1000,985,High,232.0,351.73706896551727,114.85905085654424,122.01896725242878,581.4551706786058
1389,1000,985,Low,244.0,181.99180327868854,47.20605316239662,87.5796969538953,276.4039096034818
1389,1000,985,Medium,509.0,271.4990176817289,90.25187032664947,90.99527702842997,452.0027583350278
1390,1000,985,High,232.0,351.73706896551727,114.85905085654424,122.01896725242878,581.4551706786058
1390,1000,985,Low,244.0,181.99180327868854,47.20605316239662,87.5796969538953,276.4039096034818
1390,1000,985,Medium,509.0,271.4990176817289,90.25187032664947,90.99527702842997,452.0027583350278
1391,1000,985,High,232.0,351.73706896551727,114.85905085654424,122.01896725242878,581.4551706786058
1391,1000,985,Low,244.0,181.99180327868854,47.20605316239662,87.5796969538953,276.4039096034818
1391,1000,985,Medium,509.0,271.4990176817289,90.25187032664947,90.99527702842997,452.0027583350278
1392,1000,985,High,232.0,351.73706896551727,114.85905085654424,122.01896725242878,581.4551706786058
1392,1000,985,Low,244.0,181.99180327868854,47.20605316239662,87.5796969538953,276.4039096034818
1392,1000,985,Medium,509.0,271.4990176817289,90.25187032664947,90.99527702842997,452.0027583350278
1393,1000,986,High,233.0,351.9570815450644,114.66043516159316,122.63621122187809,581.2779518682507
1393,1000,986,Low,244.0,181.99180327868854,47.20605316239662,87.5796969538953,276.4039096034818
1393,1000,986,Medium,509.0,271.4990176817289,90.25187032664947,90.99527702842997,452.0027583350278
1394,1000,986,High,233.0,351.9570815450644,114.66043516159316,122.63621122187809,581.2779518682507
1394,1000,986,Low,244.0,181.99180327868854,47.20605316239662,87.5796969538953,276.4039096034818
1394,1000,986,Medium,509.0,271.4990176817289,90.25187032664947,90.99527702842997,452.0027583350278
1395,1000,986,High,233.0,351.9570815450644,114.66043516159316,122.63621122187809,581.2779518682507
1395,1000,986,Low,244.0,181.99180327868854,47.20605316239662,87.5796969538953,276.4039096034818
1395,1000,986,Medium,509.0,271.4990176817289,90.25187032664947,90.99527702842997,452.0027583350278
1396,1000,986,High,233.0,351.9570815450644,114.66043516159316,122.63621122187809,581.2779518682507
1396,1000,986,Low,244.0,181.99180327868854,47.20605316239662,87.5796969538953,276.4039096034818
1396,1000,986,Medium,509.0,271.4990176817289,90.25187032664947,90.99527702842997,452.0027583350278
1397,1000,986,High,233.0,351.9570815450644,114.66043516159316,122.63621122187809,581.2779518682507
1397,1000,986,Low,244.0,181.99180327868854,47.20605316239662,87.5796969538953,276.4039096034818
1397,1000,986,Medium,509.0,271.4990176817289,90.25187032664947,90.99527702842997,452.0027583350278
1398,1000,986,High,233.0,351.9570815450644,114.66043516159316,122.63621122187809,581.2779518682507
1398,1000,986,Low,244.0,181.99180327868854,47.20605316239662,87.5796969538953,276.4039096034818
1398,1000,986,Medium,509.0,271.4990176817289,90.25187032664947,90.99527702842997,452.0027583350278
1399,1000,986,High,233.0,351.9570815450644,114.66043516159316,122.63621122187809,581.2779518682507
1399,1000,986,Low,244.0,181.99180327868854,47.20605316239662,87.5796969538953,276.4039096034818
1399,1000,986,Medium,509.0,271.4990176817289,90.25187032664947,90.99527702842997,452.0027583350278
1400,1000,986,High,233.0,351.9570815450644,114.66043516159316,122.63621122187809,581.2779518682507
1400,1000,986,Low,244.0,181.99180327868854,47.20605316239662,87.5796969538953,276.4039096034818
1400,1000,986,Medium,509.0,271.4990176817289,90.25187032664947,90.99527702842997,452.0027583350278
1401,1000,986,High,233.0,351.9570815450644,114.66043516159316,122.63621122187809,581.2779518682507
1401,1000,986,Low,244.0,181.99180327868854,47.20605316239662,87.5796969538953,276.4039096034818
1401,1000,986,Medium,509.0,271.4990176817289,90.25187032664947,90.99527702842997,452.0027583350278
1402,1000,986,High,233.0,351.9570815450644,114.66043516159316,122.63621122187809,581.2779518682507
1402,1000,986,Low,244.0,181.99180327868854,47.20605316239662,87.5796969538953,276.4039096034818
1402,1000,986,Medium,509.0,271.4990176817289,90.25187032664947,90.99527702842997,452.0027583350278
1403,1000,986,High,233.0,351.9570815450644,114.66043516159316,122.63621122187809,581.2779518682507
1403,1000,986,Low,244.0,181.99180327868854,47.20605316239662,87.5796969538953,276.4039096034818
1403,1000,986,Medium,509.0,271.4990176817289,90.25187032664947,90.99527702842997,452.0027583350278
1404,1000,986,High,233.0,351.9570815450644,114.66043516159316,122.63621122187809,581.2779518682507
1404,1000,986,Low,244.0,181.99180327868854,47.20605316239662,87.5796969538953,276.4039096034818
1404,1000,986,Medium,509.0,271.4990176817289,90.25187032664947,90.99527702842997,452.0027583350278
1405,1000,986,High,233.0,351.9570815450644,114.66043516159316,122.63621122187809,581.2779518682507
1405,1000,986,Low,244.0,181.99180327868854,47.20605316239662,87.5796969538953,276.4039096034818
1405,1000,986,Medium,509.0,271.4990176817289,90.25187032664947,90.99527702842997,452.0027583350278
1406,1000,986,High,233.0,351.9570815450644,114.66043516159316,122.63621122187809,581.2779518682507
1406,1000,986,Low,244.0,181.99180327868854,47.20605316239662,87.5796969538953,276.4039096034818
1406,1000,986,Medium,509.0,271.4990176817289,90.25187032664947,90.99527702842997,452.0027583350278
1407,1000,986,High,233.0,351.9570815450644,114.66043516159316,122.63621122187809,581.2779518682507
1407,1000,986,Low,244.0,181.99180327868854,47.20605316239662,87.5796969538953,276.4039096034818
1407,1000,986,Medium,509.0,271.4990176817289,90.25187032664947,90.99527702842997,452.0027583350278
1408,1000,986,High,233.0,351.9570815450644,114.66043516159316,122.63621122187809,581.2779518682507
1408,1000,986,Low,244.0,181.99180327868854,47.20605316239662,87.5796969538953,276.4039096034818
1408,1000,986,Medium,509.0,271.4990176817289,90.25187032664947,90.99527702842997,452.0027583350278
1409,1000,987,High,234.0,352.6837606837607,114.95284717747788,122.77806632880493,582.5894550387164
1409,1000,987,Low,244.0,181.99180327868854,47.20605316239662,87.5796969538953,276.4039096034818
1409,1000,987,Medium,509.0,271.4990176817289,90.25187032664947,90.99527702842997,452.0027583350278
1410,1000,987,High,234.0,352.6837606837607,114.95284717747788,122.77806632880493,582.5894550387164
1410,1000,987,Low,244.0,181.99180327868854,47.20605316239662,87.5796969538953,276.4039096034818
1410,1000,987,Medium,509.0,271.4990176817289,90.25187032664947,90.99527702842997,452.0027583350278
1411,1000,987,High,234.0,352.6837606837607,114.95284717747788,122.77806632880493,582.5894550387164
1411,1000,987,Low,244.0,181.99180327868854,47.20605316239662,87.5796969538953,276.4039096034818
1411,1000,987,Medium,509.0,271.4990176817289,90.25187032664947,90.99527702842997,452.0027583350278
1412,1000,987,High,234.0,352.6837606837607,114.95284717747788,122.77806632880493,582.5894550387164
1412,1000,987,Low,244.0,181.99180327868854,47.20605316239662,87.5796969538953,276.4039096034818
1412,1000,987,Medium,509.0,271.4990176817289,90.25187032664947,90.99527702842997,452.0027583350278
1413,1000,987,High,234.0,352.6837606837607,114.95284717747788,122.77806632880493,582.5894550387164
1413,1000,987,Low,244.0,181.99180327868854,47.20605316239662,87.5796969538953,276.4039096034818
1413,1000,987,Medium,509.0,271.4990176817289,90.25187032664947,90.99527702842997,452.0027583350278
1414,1000,988,High,234.0,352.6837606837607,114.95284717747788,122.77806632880493,582.5894550387164
1414,1000,988,Low,244.0,181.99180327868854,47.20605316239662,87.5796969538953,276.4039096034818
1414,1000,988,Medium,510.0,271.80980392156863,90.43592909392441,90.9379457337198,452.68166210941746
1415,1000,989,High,235.0,353.0936170212766,114.87890206025932,123.33581290075796,582.8514211417953
1415,1000,989,Low,244.0,181.99180327868854,47.20605316239662,87.5796969538953,276.4039096034818
1415,1000,989,Medium,510.0,271.80980392156863,90.43592909392441,90.9379457337198,452.68166210941746
1416,1000,989,High,235.0,353.0936170212766,114.87890206025932,123.33581290075796,582.8514211417953
1416,1000,989,Low,244.0,181.99180327868854,47.20605316239662,87.5796969538953,276.4039096034818
1416,1000,989,Medium,510.0,271.80980392156863,90.43592909392441,90.9379457337198,452.68166210941746
1417,1000,989,High,235.0,353.0936170212766,114.87890206025932,123.33581290075796,582.8514211417953
1417,1000,989,Low,244.0,181.99180327868854,47.20605316239662,87.5796969538953,276.4039096034818
1417,1000,989,Medium,510.0,271.80980392156863,90.43592909392441,90.9379457337198,452.68166210941746
1418,1000,990,High,236.0,354.1779661016949,115.83823139562746,122.50150331043997,585.8544288929498
1418,1000,990,Low,244.0,181.99180327868854,47.20605316239662,87.5796969538953,276.4039096034818
1418,1000,990,Medium,510.0,271.80980392156863,90.43592909392441,90.9379457337198,452.68166210941746
1419,1000,991,High,237.0,354.61603375527426,115.78911388542421,123.03780598442583,586.1942615261227
1419,1000,991,Low,244.0,181.99180327868854,47.20605316239662,87.5796969538953,276.4039096034818
1419,1000,991,Medium,510.0,271.80980392156863,90.43592909392441,90.9379457337198,452.68166210941746
1420,1000,991,High,237.0,354.61603375527426,115.78911388542421,123.03780598442583,586.1942615261227
1420,1000,991,Low,244.0,181.99180327868854,47.20605316239662,87.5796969538953,276.4039096034818
1420,1000,991,Medium,510.0,271.80980392156863,90.43592909392441,90.9379457337198,452.68166210941746
1421,1000,991,High,237.0,354.61603375527426,115.78911388542421,123.03780598442583,586.1942615261227
1421,1000,991,Low,244.0,181.99180327868854,47.20605316239662,87.5796969538953,276.4039096034818
1421,1000,991,Medium,510.0,271.80980392156863,90.43592909392441,90.9379457337198,452.68166210941746
1422,1000,991,High,237.0,354.61603375527426,115.78911388542421,123.03780598442583,586.1942615261227
1422,1000,991,Low,244.0,181.99180327868854,47.20605316239662,87.5796969538953,276.4039096034818
1422,1000,991,Medium,510.0,271.80980392156863,90.43592909392441,90.9379457337198,452.68166210941746
1423,1000,991,High,237.0,354.61603375527426,115.78911388542421,123.03780598442583,586.1942615261227
1423,1000,991,Low,244.0,181.99180327868854,47.20605316239662,87.5796969538953,276.4039096034818
1423,1000,991,Medium,510.0,271.80980392156863,90.43592909392441,90.9379457337198,452.68166210941746
1424,1000,991,High,237.0,354.61603375527426,115.78911388542421,123.03780598442583,586.1942615261227
1424,1000,991,Low,244.0,181.99180327868854,47.20605316239662,87.5796969538953,276.4039096034818
1424,1000,991,Medium,510.0,271.80980392156863,90.43592909392441,90.9379457337198,452.68166210941746
1425,1000,991,High,237.0,354.61603375527426,115.78911388542421,123.03780598442583,586.1942615261227
1425,1000,991,Low,244.0,181.99180327868854,47.20605316239662,87.5796969538953,276.4039096034818
1425,1000,991,Medium,510.0,271.80980392156863,90.43592909392441,90.9379457337198,452.68166210941746
1426,1000,991,High,237.0,354.61603375527426,115.78911388542421,123.03780598442583,586.1942615261227
1426,1000,991,Low,244.0,181.99180327868854,47.20605316239662,87.5796969538953,276.4039096034818
1426,1000,991,Medium,510.0,271.80980392156863,90.43592909392441,90.9379457337198,452.68166210941746
1427,1000,991,High,237.0,354.61603375527426,115.78911388542421,123.03780598442583,586.1942615261227
1427,1000,991,Low,244.0,181.99180327868854,47.20605316239662,87.5796969538953,276.4039096034818
1427,1000,991,Medium,510.0,271.80980392156863,90.43592909392441,90.9379457337198,452.68166210941746
1428,1000,991,High,237.0,354.61603375527426,115.78911388542421,123.03780598442583,586.1942615261227
1428,1000,991,Low,244.0,181.99180327868854,47.20605316239662,87.5796969538953,276.4039096034818
1428,1000,991,Medium,510.0,271.80980392156863,90.43592909392441,90.9379457337198,452.68166210941746
1429,1000,991,High,237.0,354.61603375527426,115.78911388542421,123.03780598442583,586.1942615261227
1429,1000,991,Low,244.0,181.99180327868854,47.20605316239662,87.5796969538953,276.4039096034818
1429,1000,991,Medium,510.0,271.80980392156863,90.43592909392441,90.9379457337198,452.68166210941746
1430,1000,992,High,238.0,355.21008403361344,115.90745427691411,123.39517547978522,587.0249925874416
1430,1000,992,Low,244.0,181.99180327868854,47.20605316239662,87.5796969538953,276.4039096034818
1430,1000,992,Medium,510.0,271.80980392156863,90.43592909392441,90.9379457337198,452.68166210941746
1431,1000,992,High,238.0,355.21008403361344,115.90745427691411,123.39517547978522,587.0249925874416
1431,1000,992,Low,244.0,181.99180327868854,47.20605316239662,87.5796969538953,276.4039096034818
1431,1000,992,Medium,510.0,271.80980392156863,90.43592909392441,90.9379457337198,452.68166210941746
1432,1000,992,High,238.0,355.21008403361344,115.90745427691411,123.39517547978522,587.0249925874416
1432,1000,992,Low,244.0,181.99180327868854,47.20605316239662,87.5796969538953,276.4039096034818
1432,1000,992,Medium,510.0,271.80980392156863,90.43592909392441,90.9379457337198,452.68166210941746
1433,1000,992,High,238.0,355.21008403361344,115.90745427691411,123.39517547978522,587.0249925874416
1433,1000,992,Low,244.0,181.99180327868854,47.20605316239662,87.5796969538953,276.4039096034818
1433,1000,992,Medium,510.0,271.80980392156863,90.43592909392441,90.9379457337198,452.68166210941746
1434,1000,992,High,238.0,355.21008403361344,115.90745427691411,123.39517547978522,587.0249925874416
1434,1000,992,Low,244.0,181.99180327868854,47.20605316239662,87.5796969538953,276.4039096034818
1434,1000,992,Medium,510.0,271.80980392156863,90.43592909392441,90.9379457337198,452.68166210941746
1435,1000,992,High,238.0,355.21008403361344,115.90745427691411,123.39517547978522,587.0249925874416
1435,1000,992,Low,244.0,181.99180327868854,47.20605316239662,87.5796969538953,276.4039096034818
1435,1000,992,Medium,510.0,271.80980392156863,90.43592909392441,90.9379457337198,452.68166210941746
1436,1000,992,High,238.0,355.21008403361344,115.90745427691411,123.39517547978522,587.0249925874416
1436,1000,992,Low,244.0,181.99180327868854,47.20605316239662,87.5796969538953,276.4039096034818
1436,1000,992,Medium,510.0,271.80980392156863,90.43592909392441,90.9379457337198,452.68166210941746
1437,1000,992,High,238.0,355.21008403361344,115.90745427691411,123.39517547978522,587.0249925874416
1437,1000,992,Low,244.0,181.99180327868854,47.20605316239662,87.5796969538953,276.4039096034818
1437,1000,992,Medium,510.0,271.80980392156863,90.43592909392441,90.9379457337198,452.68166210941746
1438,1000,992,High,238.0,355.21008403361344,115.90745427691411,123.39517547978522,587.0249925874416
1438,1000,992,Low,244.0,181.99180327868854,47.20605316239662,87.5796969538953,276.4039096034818
1438,1000,992,Medium,510.0,271.80980392156863,90.43592909392441,90.9379457337198,452.68166210941746
1439,1000,992,High,238.0,355.21008403361344,115.90745427691411,123.39517547978522,587.0249925874416
1439,1000,992,Low,244.0,181.99180327868854,47.20605316239662,87.5796969538953,276.4039096034818
1439,1000,992,Medium,510.0,271.80980392156863,90.43592909392441,90.9379457337198,452.68166210941746
1440,1000,992,High,238.0,355.21008403361344,115.90745427691411,123.39517547978522,587.0249925874416
1440,1000,992,Low,244.0,181.99180327868854,47.20605316239662,87.5796969538953,276.4039096034818
1440,1000,992,Medium,510.0,271.80980392156863,90.43592909392441,90.9379457337198,452.68166210941746
1441,1000,993,High,239.0,356.234309623431,116.7424961808783,122.74931726167438,589.7193019851876
1441,1000,993,Low,244.0,181.99180327868854,47.20605316239662,87.5796969538953,276.4039096034818
1441,1000,993,Medium,510.0,271.80980392156863,90.43592909392441,90.9379457337198,452.68166210941746
1442,1000,993,High,239.0,356.234309623431,116.7424961808783,122.74931726167438,589.7193019851876
1442,1000,993,Low,244.0,181.99180327868854,47.20605316239662,87.5796969538953,276.4039096034818
1442,1000,993,Medium,510.0,271.80980392156863,90.43592909392441,90.9379457337198,452.68166210941746
1443,1000,994,High,240.0,356.82916666666665,116.86193255135473,123.1053015639572,590.553031769376
1443,1000,994,Low,244.0,181.99180327868854,47.20605316239662,87.5796969538953,276.4039096034818
1443,1000,994,Medium,510.0,271.80980392156863,90.43592909392441,90.9379457337198,452.68166210941746
1444,1000,994,High,240.0,356.82916666666665,116.86193255135473,123.1053015639572,590.553031769376
1444,1000,994,Low,244.0,181.99180327868854,47.20605316239662,87.5796969538953,276.4039096034818
1444,1000,994,Medium,510.0,271.80980392156863,90.43592909392441,90.9379457337198,452.68166210941746
1445,1000,994,High,240.0,356.82916666666665,116.86193255135473,123.1053015639572,590.553031769376
1445,1000,994,Low,244.0,181.99180327868854,47.20605316239662,87.5796969538953,276.4039096034818
1445,1000,994,Medium,510.0,271.80980392156863,90.43592909392441,90.9379457337198,452.68166210941746
1446,1000,994,High,240.0,356.82916666666665,116.86193255135473,123.1053015639572,590.553031769376
1446,1000,994,Low,244.0,181.99180327868854,47.20605316239662,87.5796969538953,276.4039096034818
1446,1000,994,Medium,510.0,271.80980392156863,90.43592909392441,90.9379457337198,452.68166210941746
1447,1000,994,High,240.0,356.82916666666665,116.86193255135473,123.1053015639572,590.553031769376
1447,1000,994,Low,244.0,181.99180327868854,47.20605316239662,87.5796969538953,276.4039096034818
1447,1000,994,Medium,510.0,271.80980392156863,90.43592909392441,90.9379457337198,452.68166210941746
1448,1000,994,High,240.0,356.82916666666665,116.86193255135473,123.1053015639572,590.553031769376
1448,1000,994,Low,244.0,181.99180327868854,47.20605316239662,87.5796969538953,276.4039096034818
1448,1000,994,Medium,510.0,271.80980392156863,90.43592909392441,90.9379457337198,452.68166210941746
1449,1000,994,High,240.0,356.82916666666665,116.86193255135473,123.1053015639572,590.553031769376
1449,1000,994,Low,244.0,181.99180327868854,47.20605316239662,87.5796969538953,276.4039096034818
1449,1000,994,Medium,510.0,271.80980392156863,90.43592909392441,90.9379457337198,452.68166210941746
1450,1000,994,High,240.0,356.82916666666665,116.86193255135473,123.1053015639572,590.553031769376
1450,1000,994,Low,244.0,181.99180327868854,47.20605316239662,87.5796969538953,276.4039096034818
1450,1000,994,Medium,510.0,271.80980392156863,90.43592909392441,90.9379457337198,452.68166210941746
1451,1000,995,High,241.0,357.24896265560164,116.80016877557485,123.64862510445195,590.8493002067513
1451,1000,995,Low,244.0,181.99180327868854,47.20605316239662,87.5796969538953,276.4039096034818
1451,1000,995,Medium,510.0,271.80980392156863,90.43592909392441,90.9379457337198,452.68166210941746
1452,1000,995,High,241.0,357.24896265560164,116.80016877557485,123.64862510445195,590.8493002067513
1452,1000,995,Low,244.0,181.99180327868854,47.20605316239662,87.5796969538953,276.4039096034818
1452,1000,995,Medium,510.0,271.80980392156863,90.43592909392441,90.9379457337198,452.68166210941746
1453,1000,995,High,241.0,357.24896265560164,116.80016877557485,123.64862510445195,590.8493002067513
1453,1000,995,Low,244.0,181.99180327868854,47.20605316239662,87.5796969538953,276.4039096034818
1453,1000,995,Medium,510.0,271.80980392156863,90.43592909392441,90.9379457337198,452.68166210941746
1454,1000,995,High,241.0,357.24896265560164,116.80016877557485,123.64862510445195,590.8493002067513
1454,1000,995,Low,244.0,181.99180327868854,47.20605316239662,87.5796969538953,276.4039096034818
1454,1000,995,Medium,510.0,271.80980392156863,90.43592909392441,90.9379457337198,452.68166210941746
1455,1000,995,High,241.0,357.24896265560164,116.80016877557485,123.64862510445195,590.8493002067513
1455,1000,995,Low,244.0,181.99180327868854,47.20605316239662,87.5796969538953,276.4039096034818
1455,1000,995,Medium,510.0,271.80980392156863,90.43592909392441,90.9379457337198,452.68166210941746
1456,1000,995,High,241.0,357.24896265560164,116.80016877557485,123.64862510445195,590.8493002067513
1456,1000,995,Low,244.0,181.99180327868854,47.20605316239662,87.5796969538953,276.4039096034818
1456,1000,995,Medium,510.0,271.80980392156863,90.43592909392441,90.9379457337198,452.68166210941746
1457,1000,996,High,241.0,357.24896265560164,116.80016877557485,123.64862510445195,590.8493002067513
1457,1000,996,Low,244.0,181.99180327868854,47.20605316239662,87.5796969538953,276.4039096034818
1457,1000,996,Medium,511.0,272.23091976516633,90.84734827804485,90.53622320907664,453.92561632125603
1458,1000,996,High,241.0,357.24896265560164,116.80016877557485,123.64862510445195,590.8493002067513
1458,1000,996,Low,244.0,181.99180327868854,47.20605316239662,87.5796969538953,276.4039096034818
1458,1000,996,Medium,511.0,272.23091976516633,90.84734827804485,90.53622320907664,453.92561632125603
1459,1000,996,High,241.0,357.24896265560164,116.80016877557485,123.64862510445195,590.8493002067513
1459,1000,996,Low,244.0,181.99180327868854,47.20605316239662,87.5796969538953,276.4039096034818
1459,1000,996,Medium,511.0,272.23091976516633,90.84734827804485,90.53622320907664,453.92561632125603
1460,1000,996,High,241.0,357.24896265560164,116.80016877557485,123.64862510445195,590.8493002067513
1460,1000,996,Low,244.0,181.99180327868854,47.20605316239662,87.5796969538953,276.4039096034818
1460,1000,996,Medium,511.0,272.23091976516633,90.84734827804485,90.53622320907664,453.92561632125603
1461,1000,996,High,241.0,357.24896265560164,116.80016877557485,123.64862510445195,590.8493002067513
1461,1000,996,Low,244.0,181.99180327868854,47.20605316239662,87.5796969538953,276.4039096034818
1461,1000,996,Medium,511.0,272.23091976516633,90.84734827804485,90.53622320907664,453.92561632125603
1462,1000,996,High,241.0,357.24896265560164,116.80016877557485,123.64862510445195,590.8493002067513
1462,1000,996,Low,244.0,181.99180327868854,47.20605316239662,87.5796969538953,276.4039096034818
1462,1000,996,Medium,511.0,272.23091976516633,90.84734827804485,90.53622320907664,453.92561632125603
1463,1000,996,High,241.0,357.24896265560164,116.80016877557485,123.64862510445195,590.8493002067513
1463,1000,996,Low,244.0,181.99180327868854,47.20605316239662,87.5796969538953,276.4039096034818
1463,1000,996,Medium,511.0,272.23091976516633,90.84734827804485,90.53622320907664,453.92561632125603
1464,1000,996,High,241.0,357.24896265560164,116.80016877557485,123.64862510445195,590.8493002067513
1464,1000,996,Low,244.0,181.99180327868854,47.20605316239662,87.5796969538953,276.4039096034818
1464,1000,996,Medium,511.0,272.23091976516633,90.84734827804485,90.53622320907664,453.92561632125603
1465,1000,996,High,241.0,357.24896265560164,116.80016877557485,123.64862510445195,590.8493002067513
1465,1000,996,Low,244.0,181.99180327868854,47.20605316239662,87.5796969538953,276.4039096034818
1465,1000,996,Medium,511.0,272.23091976516633,90.84734827804485,90.53622320907664,453.92561632125603
1466,1000,996,High,241.0,357.24896265560164,116.80016877557485,123.64862510445195,590.8493002067513
1466,1000,996,Low,244.0,181.99180327868854,47.20605316239662,87.5796969538953,276.4039096034818
1466,1000,996,Medium,511.0,272.23091976516633,90.84734827804485,90.53622320907664,453.92561632125603
1467,1000,996,High,241.0,357.24896265560164,116.80016877557485,123.64862510445195,590.8493002067513
1467,1000,996,Low,244.0,181.99180327868854,47.20605316239662,87.5796969538953,276.4039096034818
1467,1000,996,Medium,511.0,272.23091976516633,90.84734827804485,90.53622320907664,453.92561632125603
1468,1000,997,High,241.0,357.24896265560164,116.80016877557485,123.64862510445195,590.8493002067513
1468,1000,997,Low,244.0,181.99180327868854,47.20605316239662,87.5796969538953,276.4039096034818
1468,1000,997,Medium,512.0,272.76953125,91.57304148591665,89.6234482781667,455.91561422183327
1469,1000,997,High,241.0,357.24896265560164,116.80016877557485,123.64862510445195,590.8493002067513
1469,1000,997,Low,244.0,181.99180327868854,47.20605316239662,87.5796969538953,276.4039096034818
1469,1000,997,Medium,512.0,272.76953125,91.57304148591665,89.6234482781667,455.91561422183327
1470,1000,997,High,241.0,357.24896265560164,116.80016877557485,123.64862510445195,590.8493002067513
1470,1000,997,Low,244.0,181.99180327868854,47.20605316239662,87.5796969538953,276.4039096034818
1470,1000,997,Medium,512.0,272.76953125,91.57304148591665,89.6234482781667,455.91561422183327
1471,1000,997,High,241.0,357.24896265560164,116.80016877557485,123.64862510445195,590.8493002067513
1471,1000,997,Low,244.0,181.99180327868854,47.20605316239662,87.5796969538953,276.4039096034818
1471,1000,997,Medium,512.0,272.76953125,91.57304148591665,89.6234482781667,455.91561422183327
1472,1000,997,High,241.0,357.24896265560164,116.80016877557485,123.64862510445195,590.8493002067513
1472,1000,997,Low,244.0,181.99180327868854,47.20605316239662,87.5796969538953,276.4039096034818
1472,1000,997,Medium,512.0,272.76953125,91.57304148591665,89.6234482781667,455.91561422183327
1473,1000,997,High,241.0,357.24896265560164,116.80016877557485,123.64862510445195,590.8493002067513
1473,1000,997,Low,244.0,181.99180327868854,47.20605316239662,87.5796969538953,276.4039096034818
1473,1000,997,Medium,512.0,272.76953125,91.57304148591665,89.6234482781667,455.91561422183327
1474,1000,997,High,241.0,357.24896265560164,116.80016877557485,123.64862510445195,590.8493002067513
1474,1000,997,Low,244.0,181.99180327868854,47.20605316239662,87.5796969538953,276.4039096034818
1474,1000,997,Medium,512.0,272.76953125,91.57304148591665,89.6234482781667,455.91561422183327
1475,1000,997,High,241.0,357.24896265560164,116.80016877557485,123.64862510445195,590.8493002067513
1475,1000,997,Low,244.0,181.99180327868854,47.20605316239662,87.5796969538953,276.4039096034818
1475,1000,997,Medium,512.0,272.76953125,91.57304148591665,89.6234482781667,455.91561422183327
1476,1000,997,High,241.0,357.24896265560164,116.80016877557485,123.64862510445195,590.8493002067513
1476,1000,997,Low,244.0,181.99180327868854,47.20605316239662,87.5796969538953,276.4039096034818
1476,1000,997,Medium,512.0,272.76953125,91.57304148591665,89.6234482781667,455.91561422183327
1477,1000,997,High,241.0,357.24896265560164,116.80016877557485,123.64862510445195,590.8493002067513
1477,1000,997,Low,244.0,181.99180327868854,47.20605316239662,87.5796969538953,276.4039096034818
1477,1000,997,Medium,512.0,272.76953125,91.57304148591665,89.6234482781667,455.91561422183327
1478,1000,997,High,241.0,357.24896265560164,116.80016877557485,123.64862510445195,590.8493002067513
1478,1000,997,Low,244.0,181.99180327868854,47.20605316239662,87.5796969538953,276.4039096034818
1478,1000,997,Medium,512.0,272.76953125,91.57304148591665,89.6234482781667,455.91561422183327
1479,1000,997,High,241.0,357.24896265560164,116.80016877557485,123.64862510445195,590.8493002067513
1479,1000,997,Low,244.0,181.99180327868854,47.20605316239662,87.5796969538953,276.4039096034818
1479,1000,997,Medium,512.0,272.76953125,91.57304148591665,89.6234482781667,455.91561422183327
1480,1000,997,High,241.0,357.24896265560164,116.80016877557485,123.64862510445195,590.8493002067513
1480,1000,997,Low,244.0,181.99180327868854,47.20605316239662,87.5796969538953,276.4039096034818
1480,1000,997,Medium,512.0,272.76953125,91.57304148591665,89.6234482781667,455.91561422183327
1481,1000,997,High,241.0,357.24896265560164,116.80016877557485,123.64862510445195,590.8493002067513
1481,1000,997,Low,244.0,181.99180327868854,47.20605316239662,87.5796969538953,276.4039096034818
1481,1000,997,Medium,512.0,272.76953125,91.57304148591665,89.6234482781667,455.91561422183327
1482,1000,998,High,242.0,357.8223140495868,116.89835566896755,124.02560271165169,591.6190253875219
1482,1000,998,Low,244.0,181.99180327868854,47.20605316239662,87.5796969538953,276.4039096034818
1482,1000,998,Medium,512.0,272.76953125,91.57304148591665,89.6234482781667,455.91561422183327
1483,1000,998,High,242.0,357.8223140495868,116.89835566896755,124.02560271165169,591.6190253875219
1483,1000,998,Low,244.0,181.99180327868854,47.20605316239662,87.5796969538953,276.4039096034818
1483,1000,998,Medium,512.0,272.76953125,91.57304148591665,89.6234482781667,455.91561422183327
1484,1000,998,High,242.0,357.8223140495868,116.89835566896755,124.02560271165169,591.6190253875219
1484,1000,998,Low,244.0,181.99180327868854,47.20605316239662,87.5796969538953,276.4039096034818
1484,1000,998,Medium,512.0,272.76953125,91.57304148591665,89.6234482781667,455.91561422183327
1485,1000,998,High,242.0,357.8223140495868,116.89835566896755,124.02560271165169,591.6190253875219
1485,1000,998,Low,244.0,181.99180327868854,47.20605316239662,87.5796969538953,276.4039096034818
1485,1000,998,Medium,512.0,272.76953125,91.57304148591665,89.6234482781667,455.91561422183327
1486,1000,998,High,242.0,357.8223140495868,116.89835566896755,124.02560271165169,591.6190253875219
1486,1000,998,Low,244.0,181.99180327868854,47.20605316239662,87.5796969538953,276.4039096034818
1486,1000,998,Medium,512.0,272.76953125,91.57304148591665,89.6234482781667,455.91561422183327
1487,1000,998,High,242.0,357.8223140495868,116.89835566896755,124.02560271165169,591.6190253875219
1487,1000,998,Low,244.0,181.99180327868854,47.20605316239662,87.5796969538953,276.4039096034818
1487,1000,998,Medium,512.0,272.76953125,91.57304148591665,89.6234482781667,455.91561422183327
1488,1000,998,High,242.0,357.8223140495868,116.89835566896755,124.02560271165169,591.6190253875219
1488,1000,998,Low,244.0,181.99180327868854,47.20605316239662,87.5796969538953,276.4039096034818
1488,1000,998,Medium,512.0,272.76953125,91.57304148591665,89.6234482781667,455.91561422183327
1489,1000,998,High,242.0,357.8223140495868,116.89835566896755,124.02560271165169,591.6190253875219
1489,1000,998,Low,244.0,181.99180327868854,47.20605316239662,87.5796969538953,276.4039096034818
1489,1000,998,Medium,512.0,272.76953125,91.57304148591665,89.6234482781667,455.91561422183327
1490,1000,998,High,242.0,357.8223140495868,116.89835566896755,124.02560271165169,591.6190253875219
1490,1000,998,Low,244.0,181.99180327868854,47.20605316239662,87.5796969538953,276.4039096034818
1490,1000,998,Medium,512.0,272.76953125,91.57304148591665,89.6234482781667,455.91561422183327
1491,1000,998,High,242.0,357.8223140495868,116.89835566896755,124.02560271165169,591.6190253875219
1491,1000,998,Low,244.0,181.99180327868854,47.20605316239662,87.5796969538953,276.4039096034818
1491,1000,998,Medium,512.0,272.76953125,91.57304148591665,89.6234482781667,455.91561422183327
1492,1000,998,High,242.0,357.8223140495868,116.89835566896755,124.02560271165169,591.6190253875219
1492,1000,998,Low,244.0,181.99180327868854,47.20605316239662,87.5796969538953,276.4039096034818
1492,1000,998,Medium,512.0,272.76953125,91.57304148591665,89.6234482781667,455.91561422183327
1493,1000,998,High,242.0,357.8223140495868,116.89835566896755,124.02560271165169,591.6190253875219
1493,1000,998,Low,244.0,181.99180327868854,47.20605316239662,87.5796969538953,276.4039096034818
1493,1000,998,Medium,512.0,272.76953125,91.57304148591665,89.6234482781667,455.91561422183327
1494,1000,998,High,242.0,357.8223140495868,116.89835566896755,124.02560271165169,591.6190253875219
1494,1000,998,Low,244.0,181.99180327868854,47.20605316239662,87.5796969538953,276.4039096034818
1494,1000,998,Medium,512.0,272.76953125,91.57304148591665,89.6234482781667,455.91561422183327
1495,1000,998,High,242.0,357.8223140495868,116.89835566896755,124.02560271165169,591.6190253875219
1495,1000,998,Low,244.0,181.99180327868854,47.20605316239662,87.5796969538953,276.4039096034818
1495,1000,998,Medium,512.0,272.76953125,91.57304148591665,89.6234482781667,455.91561422183327
1496,1000,998,High,242.0,357.8223140495868,116.89835566896755,124.02560271165169,591.6190253875219
1496,1000,998,Low,244.0,181.99180327868854,47.20605316239662,87.5796969538953,276.4039096034818
1496,1000,998,Medium,512.0,272.76953125,91.57304148591665,89.6234482781667,455.91561422183327
1497,1000,998,High,242.0,357.8223140495868,116.89835566896755,124.02560271165169,591.6190253875219
1497,1000,998,Low,244.0,181.99180327868854,47.20605316239662,87.5796969538953,276.4039096034818
1497,1000,998,Medium,512.0,272.76953125,91.57304148591665,89.6234482781667,455.91561422183327
1498,1000,998,High,242.0,357.8223140495868,116.89835566896755,124.02560271165169,591.6190253875219
1498,1000,998,Low,244.0,181.99180327868854,47.20605316239662,87.5796969538953,276.4039096034818
1498,1000,998,Medium,512.0,272.76953125,91.57304148591665,89.6234482781667,455.91561422183327
1499,1000,998,High,242.0,357.8223140495868,116.89835566896755,124.02560271165169,591.6190253875219
1499,1000,998,Low,244.0,181.99180327868854,47.20605316239662,87.5796969538953,276.4039096034818
1499,1000,998,Medium,512.0,272.76953125,91.57304148591665,89.6234482781667,455.91561422183327
1500,1000,998,High,242.0,357.8223140495868,116.89835566896755,124.02560271165169,591.6190253875219
1500,1000,998,Low,244.0,181.99180327868854,47.20605316239662,87.5796969538953,276.4039096034818
1500,1000,998,Medium,512.0,272.76953125,91.57304148591665,89.6234482781667,455.91561422183327
1501,1000,998,High,242.0,357.8223140495868,116.89835566896755,124.02560271165169,591.6190253875219
1501,1000,998,Low,244.0,181.99180327868854,47.20605316239662,87.5796969538953,276.4039096034818
1501,1000,998,Medium,512.0,272.76953125,91.57304148591665,89.6234482781667,455.91561422183327
1502,1000,998,High,242.0,357.8223140495868,116.89835566896755,124.02560271165169,591.6190253875219
1502,1000,998,Low,244.0,181.99180327868854,47.20605316239662,87.5796969538953,276.4039096034818
1502,1000,998,Medium,512.0,272.76953125,91.57304148591665,89.6234482781667,455.91561422183327
1503,1000,998,High,242.0,357.8223140495868,116.89835566896755,124.02560271165169,591.6190253875219
1503,1000,998,Low,244.0,181.99180327868854,47.20605316239662,87.5796969538953,276.4039096034818
1503,1000,998,Medium,512.0,272.76953125,91.57304148591665,89.6234482781667,455.91561422183327
1504,1000,998,High,242.0,357.8223140495868,116.89835566896755,124.02560271165169,591.6190253875219
1504,1000,998,Low,244.0,181.99180327868854,47.20605316239662,87.5796969538953,276.4039096034818
1504,1000,998,Medium,512.0,272.76953125,91.57304148591665,89.6234482781667,455.91561422183327
1505,1000,998,High,242.0,357.8223140495868,116.89835566896755,124.02560271165169,591.6190253875219
1505,1000,998,Low,244.0,181.99180327868854,47.20605316239662,87.5796969538953,276.4039096034818
1505,1000,998,Medium,512.0,272.76953125,91.57304148591665,89.6234482781667,455.91561422183327
1506,1000,999,High,243.0,358.7654320987654,117.5793319252589,123.60676824824762,593.9240959492832
1506,1000,999,Low,244.0,181.99180327868854,47.20605316239662,87.5796969538953,276.4039096034818
1506,1000,999,Medium,512.0,272.76953125,91.57304148591665,89.6234482781667,455.91561422183327
1507,1000,999,High,243.0,358.7654320987654,117.5793319252589,123.60676824824762,593.9240959492832
1507,1000,999,Low,244.0,181.99180327868854,47.20605316239662,87.5796969538953,276.4039096034818
1507,1000,999,Medium,512.0,272.76953125,91.57304148591665,89.6234482781667,455.91561422183327
1508,1000,999,High,243.0,358.7654320987654,117.5793319252589,123.60676824824762,593.9240959492832
1508,1000,999,Low,244.0,181.99180327868854,47.20605316239662,87.5796969538953,276.4039096034818
1508,1000,999,Medium,512.0,272.76953125,91.57304148591665,89.6234482781667,455.91561422183327
1509,1000,999,High,243.0,358.7654320987654,117.5793319252589,123.60676824824762,593.9240959492832
1509,1000,999,Low,244.0,181.99180327868854,47.20605316239662,87.5796969538953,276.4039096034818
1509,1000,999,Medium,512.0,272.76953125,91.57304148591665,89.6234482781667,455.91561422183327
1510,1000,999,High,243.0,358.7654320987654,117.5793319252589,123.60676824824762,593.9240959492832
1510,1000,999,Low,244.0,181.99180327868854,47.20605316239662,87.5796969538953,276.4039096034818
1510,1000,999,Medium,512.0,272.76953125,91.57304148591665,89.6234482781667,455.91561422183327
1511,1000,999,High,243.0,358.7654320987654,117.5793319252589,123.60676824824762,593.9240959492832
1511,1000,999,Low,244.0,181.99180327868854,47.20605316239662,87.5796969538953,276.4039096034818
1511,1000,999,Medium,512.0,272.76953125,91.57304148591665,89.6234482781667,455.91561422183327
1512,1000,999,High,243.0,358.7654320987654,117.5793319252589,123.60676824824762,593.9240959492832
1512,1000,999,Low,244.0,181.99180327868854,47.20605316239662,87.5796969538953,276.4039096034818
1512,1000,999,Medium,512.0,272.76953125,91.57304148591665,89.6234482781667,455.91561422183327
1513,1000,999,High,243.0,358.7654320987654,117.5793319252589,123.60676824824762,593.9240959492832
1513,1000,999,Low,244.0,181.99180327868854,47.20605316239662,87.5796969538953,276.4039096034818
1513,1000,999,Medium,512.0,272.76953125,91.57304148591665,89.6234482781667,455.91561422183327
1514,1000,999,High,243.0,358.7654320987654,117.5793319252589,123.60676824824762,593.9240959492832
1514,1000,999,Low,244.0,181.99180327868854,47.20605316239662,87.5796969538953,276.4039096034818
1514,1000,999,Medium,512.0,272.76953125,91.57304148591665,89.6234482781667,455.91561422183327
1515,1000,999,High,243.0,358.7654320987654,117.5793319252589,123.60676824824762,593.9240959492832
1515,1000,999,Low,244.0,181.99180327868854,47.20605316239662,87.5796969538953,276.4039096034818
1515,1000,999,Medium,512.0,272.76953125,91.57304148591665,89.6234482781667,455.91561422183327
1516,1000,999,High,243.0,358.7654320987654,117.5793319252589,123.60676824824762,593.9240959492832
1516,1000,999,Low,244.0,181.99180327868854,47.20605316239662,87.5796969538953,276.4039096034818
1516,1000,999,Medium,512.0,272.76953125,91.57304148591665,89.6234482781667,455.91561422183327
1517,1000,999,High,243.0,358.7654320987654,117.5793319252589,123.60676824824762,593.9240959492832
1517,1000,999,Low,244.0,181.99180327868854,47.20605316239662,87.5796969538953,276.4039096034818
1517,1000,999,Medium,512.0,272.76953125,91.57304148591665,89.6234482781667,455.91561422183327
1518,1000,999,High,243.0,358.7654320987654,117.5793319252589,123.60676824824762,593.9240959492832
1518,1000,999,Low,244.0,181.99180327868854,47.20605316239662,87.5796969538953,276.4039096034818
1518,1000,999,Medium,512.0,272.76953125,91.57304148591665,89.6234482781667,455.91561422183327
1519,1000,999,High,243.0,358.7654320987654,117.5793319252589,123.60676824824762,593.9240959492832
1519,1000,999,Low,244.0,181.99180327868854,47.20605316239662,87.5796969538953,276.4039096034818
1519,1000,999,Medium,512.0,272.76953125,91.57304148591665,89.6234482781667,455.91561422183327
1520,1000,999,High,243.0,358.7654320987654,117.5793319252589,123.60676824824762,593.9240959492832
1520,1000,999,Low,244.0,181.99180327868854,47.20605316239662,87.5796969538953,276.4039096034818
1520,1000,999,Medium,512.0,272.76953125,91.57304148591665,89.6234482781667,455.91561422183327
1521,1000,999,High,243.0,358.7654320987654,117.5793319252589,123.60676824824762,593.9240959492832
1521,1000,999,Low,244.0,181.99180327868854,47.20605316239662,87.5796969538953,276.4039096034818
1521,1000,999,Medium,512.0,272.76953125,91.57304148591665,89.6234482781667,455.91561422183327
1522,1000,999,High,243.0,358.7654320987654,117.5793319252589,123.60676824824762,593.9240959492832
1522,1000,999,Low,244.0,181.99180327868854,47.20605316239662,87.5796969538953,276.4039096034818
1522,1000,999,Medium,512.0,272.76953125,91.57304148591665,89.6234482781667,455.91561422183327
1523,1000,999,High,243.0,358.7654320987654,117.5793319252589,123.60676824824762,593.9240959492832
1523,1000,999,Low,244.0,181.99180327868854,47.20605316239662,87.5796969538953,276.4039096034818
1523,1000,999,Medium,512.0,272.76953125,91.57304148591665,89.6234482781667,455.91561422183327
1524,1000,999,High,243.0,358.7654320987654,117.5793319252589,123.60676824824762,593.9240959492832
1524,1000,999,Low,244.0,181.99180327868854,47.20605316239662,87.5796969538953,276.4039096034818
1524,1000,999,Medium,512.0,272.76953125,91.57304148591665,89.6234482781667,455.91561422183327
1525,1000,999,High,243.0,358.7654320987654,117.5793319252589,123.60676824824762,593.9240959492832
1525,1000,999,Low,244.0,181.99180327868854,47.20605316239662,87.5796969538953,276.4039096034818
1525,1000,999,Medium,512.0,272.76953125,91.57304148591665,89.6234482781667,455.91561422183327
1526,1000,999,High,243.0,358.7654320987654,117.5793319252589,123.60676824824762,593.9240959492832
1526,1000,999,Low,244.0,181.99180327868854,47.20605316239662,87.5796969538953,276.4039096034818
1526,1000,999,Medium,512.0,272.76953125,91.57304148591665,89.6234482781667,455.91561422183327
1527,1000,999,High,243.0,358.7654320987654,117.5793319252589,123.60676824824762,593.9240959492832
1527,1000,999,Low,244.0,181.99180327868854,47.20605316239662,87.5796969538953,276.4039096034818
1527,1000,999,Medium,512.0,272.76953125,91.57304148591665,89.6234482781667,455.91561422183327
1528,1000,999,High,243.0,358.7654320987654,117.5793319252589,123.60676824824762,593.9240959492832
1528,1000,999,Low,244.0,181.99180327868854,47.20605316239662,87.5796969538953,276.4039096034818
1528,1000,999,Medium,512.0,272.76953125,91.57304148591665,89.6234482781667,455.91561422183327
1529,1000,999,High,243.0,358.7654320987654,117.5793319252589,123.60676824824762,593.9240959492832
1529,1000,999,Low,244.0,181.99180327868854,47.20605316239662,87.5796969538953,276.4039096034818
1529,1000,999,Medium,512.0,272.76953125,91.57304148591665,89.6234482781667,455.91561422183327
1530,1000,999,High,243.0,358.7654320987654,117.5793319252589,123.60676824824762,593.9240959492832
1530,1000,999,Low,244.0,181.99180327868854,47.20605316239662,87.5796969538953,276.4039096034818
1530,1000,999,Medium,512.0,272.76953125,91.57304148591665,89.6234482781667,455.91561422183327
1531,1000,999,High,243.0,358.7654320987654,117.5793319252589,123.60676824824762,593.9240959492832
1531,1000,999,Low,244.0,181.99180327868854,47.20605316239662,87.5796969538953,276.4039096034818
1531,1000,999,Medium,512.0,272.76953125,91.57304148591665,89.6234482781667,455.91561422183327
1532,1000,999,High,243.0,358.7654320987654,117.5793319252589,123.60676824824762,593.9240959492832
1532,1000,999,Low,244.0,181.99180327868854,47.20605316239662,87.5796969538953,276.4039096034818
1532,1000,999,Medium,512.0,272.76953125,91.57304148591665,89.6234482781667,455.91561422183327
1533,1000,999,High,243.0,358.7654320987654,117.5793319252589,123.60676824824762,593.9240959492832
1533,1000,999,Low,244.0,181.99180327868854,47.20605316239662,87.5796969538953,276.4039096034818
1533,1000,999,Medium,512.0,272.76953125,91.57304148591665,89.6234482781667,455.91561422183327
1534,1000,999,High,243.0,358.7654320987654,117.5793319252589,123.60676824824762,593.9240959492832
1534,1000,999,Low,244.0,181.99180327868854,47.20605316239662,87.5796969538953,276.4039096034818
1534,1000,999,Medium,512.0,272.76953125,91.57304148591665,89.6234482781667,455.91561422183327
1535,1000,999,High,243.0,358.7654320987654,117.5793319252589,123.60676824824762,593.9240959492832
1535,1000,999,Low,244.0,181.99180327868854,47.20605316239662,87.5796969538953,276.4039096034818
1535,1000,999,Medium,512.0,272.76953125,91.57304148591665,89.6234482781667,455.91561422183327
1536,1000,999,High,243.0,358.7654320987654,117.5793319252589,123.60676824824762,593.9240959492832
1536,1000,999,Low,244.0,181.99180327868854,47.20605316239662,87.5796969538953,276.4039096034818
1536,1000,999,Medium,512.0,272.76953125,91.57304148591665,89.6234482781667,455.91561422183327
1537,1000,999,High,243.0,358.7654320987654,117.5793319252589,123.60676824824762,593.9240959492832
1537,1000,999,Low,244.0,181.99180327868854,47.20605316239662,87.5796969538953,276.4039096034818
1537,1000,999,Medium,512.0,272.76953125,91.57304148591665,89.6234482781667,455.91561422183327
1538,1000,999,High,243.0,358.7654320987654,117.5793319252589,123.60676824824762,593.9240959492832
1538,1000,999,Low,244.0,181.99180327868854,47.20605316239662,87.5796969538953,276.4039096034818
1538,1000,999,Medium,512.0,272.76953125,91.57304148591665,89.6234482781667,455.91561422183327
1539,1000,999,High,243.0,358.7654320987654,117.5793319252589,123.60676824824762,593.9240959492832
1539,1000,999,Low,244.0,181.99180327868854,47.20605316239662,87.5796969538953,276.4039096034818
1539,1000,999,Medium,512.0,272.76953125,91.57304148591665,89.6234482781667,455.91561422183327
1540,1000,999,High,243.0,358.7654320987654,117.5793319252589,123.60676824824762,593.9240959492832
1540,1000,999,Low,244.0,181.99180327868854,47.20605316239662,87.5796969538953,276.4039096034818
1540,1000,999,Medium,512.0,272.76953125,91.57304148591665,89.6234482781667,455.91561422183327
1541,1000,999,High,243.0,358.7654320987654,117.5793319252589,123.60676824824762,593.9240959492832
1541,1000,999,Low,244.0,181.99180327868854,47.20605316239662,87.5796969538953,276.4039096034818
1541,1000,999,Medium,512.0,272.76953125,91.57304148591665,89.6234482781667,455.91561422183327
1542,1000,999,High,243.0,358.7654320987654,117.5793319252589,123.60676824824762,593.9240959492832
1542,1000,999,Low,244.0,181.99180327868854,47.20605316239662,87.5796969538953,276.4039096034818
1542,1000,999,Medium,512.0,272.76953125,91.57304148591665,89.6234482781667,455.91561422183327
1543,1000,999,High,243.0,358.7654320987654,117.5793319252589,123.60676824824762,593.9240959492832
1543,1000,999,Low,244.0,181.99180327868854,47.20605316239662,87.5796969538953,276.4039096034818
1543,1000,999,Medium,512.0,272.76953125,91.57304148591665,89.6234482781667,455.91561422183327
1544,1000,999,High,243.0,358.7654320987654,117.5793319252589,123.60676824824762,593.9240959492832
1544,1000,999,Low,244.0,181.99180327868854,47.20605316239662,87.5796969538953,276.4039096034818
1544,1000,999,Medium,512.0,272.76953125,91.57304148591665,89.6234482781667,455.91561422183327
1545,1000,999,High,243.0,358.7654320987654,117.5793319252589,123.60676824824762,593.9240959492832
1545,1000,999,Low,244.0,181.99180327868854,47.20605316239662,87.5796969538953,276.4039096034818
1545,1000,999,Medium,512.0,272.76953125,91.57304148591665,89.6234482781667,455.91561422183327
1546,1000,999,High,243.0,358.7654320987654,117.5793319252589,123.60676824824762,593.9240959492832
1546,1000,999,Low,244.0,181.99180327868854,47.20605316239662,87.5796969538953,276.4039096034818
1546,1000,999,Medium,512.0,272.76953125,91.57304148591665,89.6234482781667,455.91561422183327
1547,1000,999,High,243.0,358.7654320987654,117.5793319252589,123.60676824824762,593.9240959492832
1547,1000,999,Low,244.0,181.99180327868854,47.20605316239662,87.5796969538953,276.4039096034818
1547,1000,999,Medium,512.0,272.76953125,91.57304148591665,89.6234482781667,455.91561422183327
1548,1000,999,High,243.0,358.7654320987654,117.5793319252589,123.60676824824762,593.9240959492832
1548,1000,999,Low,244.0,181.99180327868854,47.20605316239662,87.5796969538953,276.4039096034818
1548,1000,999,Medium,512.0,272.76953125,91.57304148591665,89.6234482781667,455.91561422183327
1549,1000,999,High,243.0,358.7654320987654,117.5793319252589,123.60676824824762,593.9240959492832
1549,1000,999,Low,244.0,181.99180327868854,47.20605316239662,87.5796969538953,276.4039096034818
1549,1000,999,Medium,512.0,272.76953125,91.57304148591665,89.6234482781667,455.91561422183327
1550,1000,999,High,243.0,358.7654320987654,117.5793319252589,123.60676824824762,593.9240959492832
1550,1000,999,Low,244.0,181.99180327868854,47.20605316239662,87.5796969538953,276.4039096034818
1550,1000,999,Medium,512.0,272.76953125,91.57304148591665,89.6234482781667,455.91561422183327
1551,1000,999,High,243.0,358.7654320987654,117.5793319252589,123.60676824824762,593.9240959492832
1551,1000,999,Low,244.0,181.99180327868854,47.20605316239662,87.5796969538953,276.4039096034818
1551,1000,999,Medium,512.0,272.76953125,91.57304148591665,89.6234482781667,455.91561422183327
1552,1000,999,High,243.0,358.7654320987654,117.5793319252589,123.60676824824762,593.9240959492832
1552,1000,999,Low,244.0,181.99180327868854,47.20605316239662,87.5796969538953,276.4039096034818
1552,1000,999,Medium,512.0,272.76953125,91.57304148591665,89.6234482781667,455.91561422183327
1553,1000,999,High,243.0,358.7654320987654,117.5793319252589,123.60676824824762,593.9240959492832
1553,1000,999,Low,244.0,181.99180327868854,47.20605316239662,87.5796969538953,276.4039096034818
1553,1000,999,Medium,512.0,272.76953125,91.57304148591665,89.6234482781667,455.91561422183327
1554,1000,999,High,243.0,358.7654320987654,117.5793319252589,123.60676824824762,593.9240959492832
1554,1000,999,Low,244.0,181.99180327868854,47.20605316239662,87.5796969538953,276.4039096034818
1554,1000,999,Medium,512.0,272.76953125,91.57304148591665,89.6234482781667,455.91561422183327
1555,1000,999,High,243.0,358.7654320987654,117.5793319252589,123.60676824824762,593.9240959492832
1555,1000,999,Low,244.0,181.99180327868854,47.20605316239662,87.5796969538953,276.4039096034818
1555,1000,999,Medium,512.0,272.76953125,91.57304148591665,89.6234482781667,455.91561422183327
1556,1000,999,High,243.0,358.7654320987654,117.5793319252589,123.60676824824762,593.9240959492832
1556,1000,999,Low,244.0,181.99180327868854,47.20605316239662,87.5796969538953,276.4039096034818
1556,1000,999,Medium,512.0,272.76953125,91.57304148591665,89.6234482781667,455.91561422183327
1557,1000,999,High,243.0,358.7654320987654,117.5793319252589,123.60676824824762,593.9240959492832
1557,1000,999,Low,244.0,181.99180327868854,47.20605316239662,87.5796969538953,276.4039096034818
1557,1000,999,Medium,512.0,272.76953125,91.57304148591665,89.6234482781667,455.91561422183327
1558,1000,999,High,243.0,358.7654320987654,117.5793319252589,123.60676824824762,593.9240959492832
1558,1000,999,Low,244.0,181.99180327868854,47.20605316239662,87.5796969538953,276.4039096034818
1558,1000,999,Medium,512.0,272.76953125,91.57304148591665,89.6234482781667,455.91561422183327
1559,1000,999,High,243.0,358.7654320987654,117.5793319252589,123.60676824824762,593.9240959492832
1559,1000,999,Low,244.0,181.99180327868854,47.20605316239662,87.5796969538953,276.4039096034818
1559,1000,999,Medium,512.0,272.76953125,91.57304148591665,89.6234482781667,455.91561422183327
1560,1000,999,High,243.0,358.7654320987654,117.5793319252589,123.60676824824762,593.9240959492832
1560,1000,999,Low,244.0,181.99180327868854,47.20605316239662,87.5796969538953,276.4039096034818
1560,1000,999,Medium,512.0,272.76953125,91.57304148591665,89.6234482781667,455.91561422183327
1561,1000,999,High,243.0,358.7654320987654,117.5793319252589,123.60676824824762,593.9240959492832
1561,1000,999,Low,244.0,181.99180327868854,47.20605316239662,87.5796969538953,276.4039096034818
1561,1000,999,Medium,512.0,272.76953125,91.57304148591665,89.6234482781667,455.91561422183327
1562,1000,999,High,243.0,358.7654320987654,117.5793319252589,123.60676824824762,593.9240959492832
1562,1000,999,Low,244.0,181.99180327868854,47.20605316239662,87.5796969538953,276.4039096034818
1562,1000,999,Medium,512.0,272.76953125,91.57304148591665,89.6234482781667,455.91561422183327
1563,1000,999,High,243.0,358.7654320987654,117.5793319252589,123.60676824824762,593.9240959492832
1563,1000,999,Low,244.0,181.99180327868854,47.20605316239662,87.5796969538953,276.4039096034818
1563,1000,999,Medium,512.0,272.76953125,91.57304148591665,89.6234482781667,455.91561422183327
1564,1000,999,High,243.0,358.7654320987654,117.5793319252589,123.60676824824762,593.9240959492832
1564,1000,999,Low,244.0,181.99180327868854,47.20605316239662,87.5796969538953,276.4039096034818
1564,1000,999,Medium,512.0,272.76953125,91.57304148591665,89.6234482781667,455.91561422183327
1565,1000,999,High,243.0,358.7654320987654,117.5793319252589,123.60676824824762,593.9240959492832
1565,1000,999,Low,244.0,181.99180327868854,47.20605316239662,87.5796969538953,276.4039096034818
1565,1000,999,Medium,512.0,272.76953125,91.57304148591665,89.6234482781667,455.91561422183327
1566,1000,999,High,243.0,358.7654320987654,117.5793319252589,123.60676824824762,593.9240959492832
1566,1000,999,Low,244.0,181.99180327868854,47.20605316239662,87.5796969538953,276.4039096034818
1566,1000,999,Medium,512.0,272.76953125,91.57304148591665,89.6234482781667,455.91561422183327
1567,1000,999,High,243.0,358.7654320987654,117.5793319252589,123.60676824824762,593.9240959492832
1567,1000,999,Low,244.0,181.99180327868854,47.20605316239662,87.5796969538953,276.4039096034818
1567,1000,999,Medium,512.0,272.76953125,91.57304148591665,89.6234482781667,455.91561422183327
1568,1000,999,High,243.0,358.7654320987654,117.5793319252589,123.60676824824762,593.9240959492832
1568,1000,999,Low,244.0,181.99180327868854,47.20605316239662,87.5796969538953,276.4039096034818
1568,1000,999,Medium,512.0,272.76953125,91.57304148591665,89.6234482781667,455.91561422183327
1569,1000,999,High,243.0,358.7654320987654,117.5793319252589,123.60676824824762,593.9240959492832
1569,1000,999,Low,244.0,181.99180327868854,47.20605316239662,87.5796969538953,276.4039096034818
1569,1000,999,Medium,512.0,272.76953125,91.57304148591665,89.6234482781667,455.91561422183327
1570,1000,999,High,243.0,358.7654320987654,117.5793319252589,123.60676824824762,593.9240959492832
1570,1000,999,Low,244.0,181.99180327868854,47.20605316239662,87.5796969538953,276.4039096034818
1570,1000,999,Medium,512.0,272.76953125,91.57304148591665,89.6234482781667,455.91561422183327
1571,1000,999,High,243.0,358.7654320987654,117.5793319252589,123.60676824824762,593.9240959492832
1571,1000,999,Low,244.0,181.99180327868854,47.20605316239662,87.5796969538953,276.4039096034818
1571,1000,999,Medium,512.0,272.76953125,91.57304148591665,89.6234482781667,455.91561422183327
1572,1000,999,High,243.0,358.7654320987654,117.5793319252589,123.60676824824762,593.9240959492832
1572,1000,999,Low,244.0,181.99180327868854,47.20605316239662,87.5796969538953,276.4039096034818
1572,1000,999,Medium,512.0,272.76953125,91.57304148591665,89.6234482781667,455.91561422183327
1573,1000,999,High,243.0,358.7654320987654,117.5793319252589,123.60676824824762,593.9240959492832
1573,1000,999,Low,244.0,181.99180327868854,47.20605316239662,87.5796969538953,276.4039096034818
1573,1000,999,Medium,512.0,272.76953125,91.57304148591665,89.6234482781667,455.91561422183327
1574,1000,999,High,243.0,358.7654320987654,117.5793319252589,123.60676824824762,593.9240959492832
1574,1000,999,Low,244.0,181.99180327868854,47.20605316239662,87.5796969538953,276.4039096034818
1574,1000,999,Medium,512.0,272.76953125,91.57304148591665,89.6234482781667,455.91561422183327
1575,1000,999,High,243.0,358.7654320987654,117.5793319252589,123.60676824824762,593.9240959492832
1575,1000,999,Low,244.0,181.99180327868854,47.20605316239662,87.5796969538953,276.4039096034818
1575,1000,999,Medium,512.0,272.76953125,91.57304148591665,89.6234482781667,455.91561422183327
1576,1000,999,High,243.0,358.7654320987654,117.5793319252589,123.60676824824762,593.9240959492832
1576,1000,999,Low,244.0,181.99180327868854,47.20605316239662,87.5796969538953,276.4039096034818
1576,1000,999,Medium,512.0,272.76953125,91.57304148591665,89.6234482781667,455.91561422183327
1577,1000,999,High,243.0,358.7654320987654,117.5793319252589,123.60676824824762,593.9240959492832
1577,1000,999,Low,244.0,181.99180327868854,47.20605316239662,87.5796969538953,276.4039096034818
1577,1000,999,Medium,512.0,272.76953125,91.57304148591665,89.6234482781667,455.91561422183327
1578,1000,999,High,243.0,358.7654320987654,117.5793319252589,123.60676824824762,593.9240959492832
1578,1000,999,Low,244.0,181.99180327868854,47.20605316239662,87.5796969538953,276.4039096034818
1578,1000,999,Medium,512.0,272.76953125,91.57304148591665,89.6234482781667,455.91561422183327
1579,1000,999,High,243.0,358.7654320987654,117.5793319252589,123.60676824824762,593.9240959492832
1579,1000,999,Low,244.0,181.99180327868854,47.20605316239662,87.5796969538953,276.4039096034818
1579,1000,999,Medium,512.0,272.76953125,91.57304148591665,89.6234482781667,455.91561422183327
1580,1000,999,High,243.0,358.7654320987654,117.5793319252589,123.60676824824762,593.9240959492832
1580,1000,999,Low,244.0,181.99180327868854,47.20605316239662,87.5796969538953,276.4039096034818
1580,1000,999,Medium,512.0,272.76953125,91.57304148591665,89.6234482781667,455.91561422183327
1581,1000,999,High,243.0,358.7654320987654,117.5793319252589,123.60676824824762,593.9240959492832
1581,1000,999,Low,244.0,181.99180327868854,47.20605316239662,87.5796969538953,276.4039096034818
1581,1000,999,Medium,512.0,272.76953125,91.57304148591665,89.6234482781667,455.91561422183327
1582,1000,999,High,243.0,358.7654320987654,117.5793319252589,123.60676824824762,593.9240959492832
1582,1000,999,Low,244.0,181.99180327868854,47.20605316239662,87.5796969538953,276.4039096034818
1582,1000,999,Medium,512.0,272.76953125,91.57304148591665,89.6234482781667,455.91561422183327
1583,1000,999,High,243.0,358.7654320987654,117.5793319252589,123.60676824824762,593.9240959492832
1583,1000,999,Low,244.0,181.99180327868854,47.20605316239662,87.5796969538953,276.4039096034818
1583,1000,999,Medium,512.0,272.76953125,91.57304148591665,89.6234482781667,455.91561422183327
1584,1000,999,High,243.0,358.7654320987654,117.5793319252589,123.60676824824762,593.9240959492832
1584,1000,999,Low,244.0,181.99180327868854,47.20605316239662,87.5796969538953,276.4039096034818
1584,1000,999,Medium,512.0,272.76953125,91.57304148591665,89.6234482781667,455.91561422183327
1585,1000,999,High,243.0,358.7654320987654,117.5793319252589,123.60676824824762,593.9240959492832
1585,1000,999,Low,244.0,181.99180327868854,47.20605316239662,87.5796969538953,276.4039096034818
1585,1000,999,Medium,512.0,272.76953125,91.57304148591665,89.6234482781667,455.91561422183327
1586,1000,999,High,243.0,358.7654320987654,117.5793319252589,123.60676824824762,593.9240959492832
1586,1000,999,Low,244.0,181.99180327868854,47.20605316239662,87.5796969538953,276.4039096034818
1586,1000,999,Medium,512.0,272.76953125,91.57304148591665,89.6234482781667,455.91561422183327
1587,1000,999,High,243.0,358.7654320987654,117.5793319252589,123.60676824824762,593.9240959492832
1587,1000,999,Low,244.0,181.99180327868854,47.20605316239662,87.5796969538953,276.4039096034818
1587,1000,999,Medium,512.0,272.76953125,91.57304148591665,89.6234482781667,455.91561422183327
1588,1000,999,High,243.0,358.7654320987654,117.5793319252589,123.60676824824762,593.9240959492832
1588,1000,999,Low,244.0,181.99180327868854,47.20605316239662,87.5796969538953,276.4039096034818
1588,1000,999,Medium,512.0,272.76953125,91.57304148591665,89.6234482781667,455.91561422183327
1589,1000,999,High,243.0,358.7654320987654,117.5793319252589,123.60676824824762,593.9240959492832
1589,1000,999,Low,244.0,181.99180327868854,47.20605316239662,87.5796969538953,276.4039096034818
1589,1000,999,Medium,512.0,272.76953125,91.57304148591665,89.6234482781667,455.91561422183327
1590,1000,999,High,243.0,358.7654320987654,117.5793319252589,123.60676824824762,593.9240959492832
1590,1000,999,Low,244.0,181.99180327868854,47.20605316239662,87.5796969538953,276.4039096034818
1590,1000,999,Medium,512.0,272.76953125,91.57304148591665,89.6234482781667,455.91561422183327
1591,1000,999,High,243.0,358.7654320987654,117.5793319252589,123.60676824824762,593.9240959492832
1591,1000,999,Low,244.0,181.99180327868854,47.20605316239662,87.5796969538953,276.4039096034818
1591,1000,999,Medium,512.0,272.76953125,91.57304148591665,89.6234482781667,455.91561422183327
1592,1000,999,High,243.0,358.7654320987654,117.5793319252589,123.60676824824762,593.9240959492832
1592,1000,999,Low,244.0,181.99180327868854,47.20605316239662,87.5796969538953,276.4039096034818
1592,1000,999,Medium,512.0,272.76953125,91.57304148591665,89.6234482781667,455.91561422183327
1593,1000,999,High,243.0,358.7654320987654,117.5793319252589,123.60676824824762,593.9240959492832
1593,1000,999,Low,244.0,181.99180327868854,47.20605316239662,87.5796969538953,276.4039096034818
1593,1000,999,Medium,512.0,272.76953125,91.57304148591665,89.6234482781667,455.91561422183327
1594,1000,999,High,243.0,358.7654320987654,117.5793319252589,123.60676824824762,593.9240959492832
1594,1000,999,Low,244.0,181.99180327868854,47.20605316239662,87.5796969538953,276.4039096034818
1594,1000,999,Medium,512.0,272.76953125,91.57304148591665,89.6234482781667,455.91561422183327
1595,1000,999,High,243.0,358.7654320987654,117.5793319252589,123.60676824824762,593.9240959492832
1595,1000,999,Low,244.0,181.99180327868854,47.20605316239662,87.5796969538953,276.4039096034818
1595,1000,999,Medium,512.0,272.76953125,91.57304148591665,89.6234482781667,455.91561422183327
1596,1000,999,High,243.0,358.7654320987654,117.5793319252589,123.60676824824762,593.9240959492832
1596,1000,999,Low,244.0,181.99180327868854,47.20605316239662,87.5796969538953,276.4039096034818
1596,1000,999,Medium,512.0,272.76953125,91.57304148591665,89.6234482781667,455.91561422183327
1597,1000,999,High,243.0,358.7654320987654,117.5793319252589,123.60676824824762,593.9240959492832
1597,1000,999,Low,244.0,181.99180327868854,47.20605316239662,87.5796969538953,276.4039096034818
1597,1000,999,Medium,512.0,272.76953125,91.57304148591665,89.6234482781667,455.91561422183327
1598,1000,999,High,243.0,358.7654320987654,117.5793319252589,123.60676824824762,593.9240959492832
1598,1000,999,Low,244.0,181.99180327868854,47.20605316239662,87.5796969538953,276.4039096034818
1598,1000,999,Medium,512.0,272.76953125,91.57304148591665,89.6234482781667,455.91561422183327
1599,1000,999,High,243.0,358.7654320987654,117.5793319252589,123.60676824824762,593.9240959492832
1599,1000,999,Low,244.0,181.99180327868854,47.20605316239662,87.5796969538953,276.4039096034818
1599,1000,999,Medium,512.0,272.76953125,91.57304148591665,89.6234482781667,455.91561422183327
1600,1000,999,High,243.0,358.7654320987654,117.5793319252589,123.60676824824762,593.9240959492832
1600,1000,999,Low,244.0,181.99180327868854,47.20605316239662,87.5796969538953,276.4039096034818
1600,1000,999,Medium,512.0,272.76953125,91.57304148591665,89.6234482781667,455.91561422183327
1601,1000,999,High,243.0,358.7654320987654,117.5793319252589,123.60676824824762,593.9240959492832
1601,1000,999,Low,244.0,181.99180327868854,47.20605316239662,87.5796969538953,276.4039096034818
1601,1000,999,Medium,512.0,272.76953125,91.57304148591665,89.6234482781667,455.91561422183327
1602,1000,999,High,243.0,358.7654320987654,117.5793319252589,123.60676824824762,593.9240959492832
1602,1000,999,Low,244.0,181.99180327868854,47.20605316239662,87.5796969538953,276.4039096034818
1602,1000,999,Medium,512.0,272.76953125,91.57304148591665,89.6234482781667,455.91561422183327
1603,1000,999,High,243.0,358.7654320987654,117.5793319252589,123.60676824824762,593.9240959492832
1603,1000,999,Low,244.0,181.99180327868854,47.20605316239662,87.5796969538953,276.4039096034818
1603,1000,999,Medium,512.0,272.76953125,91.57304148591665,89.6234482781667,455.91561422183327
1604,1000,999,High,243.0,358.7654320987654,117.5793319252589,123.60676824824762,593.9240959492832
1604,1000,999,Low,244.0,181.99180327868854,47.20605316239662,87.5796969538953,276.4039096034818
1604,1000,999,Medium,512.0,272.76953125,91.57304148591665,89.6234482781667,455.91561422183327
1605,1000,999,High,243.0,358.7654320987654,117.5793319252589,123.60676824824762,593.9240959492832
1605,1000,999,Low,244.0,181.99180327868854,47.20605316239662,87.5796969538953,276.4039096034818
1605,1000,999,Medium,512.0,272.76953125,91.57304148591665,89.6234482781667,455.91561422183327
1606,1000,999,High,243.0,358.7654320987654,117.5793319252589,123.60676824824762,593.9240959492832
1606,1000,999,Low,244.0,181.99180327868854,47.20605316239662,87.5796969538953,276.4039096034818
1606,1000,999,Medium,512.0,272.76953125,91.57304148591665,89.6234482781667,455.91561422183327
1607,1000,999,High,243.0,358.7654320987654,117.5793319252589,123.60676824824762,593.9240959492832
1607,1000,999,Low,244.0,181.99180327868854,47.20605316239662,87.5796969538953,276.4039096034818
1607,1000,999,Medium,512.0,272.76953125,91.57304148591665,89.6234482781667,455.91561422183327
1608,1000,999,High,243.0,358.7654320987654,117.5793319252589,123.60676824824762,593.9240959492832
1608,1000,999,Low,244.0,181.99180327868854,47.20605316239662,87.5796969538953,276.4039096034818
1608,1000,999,Medium,512.0,272.76953125,91.57304148591665,89.6234482781667,455.91561422183327
1609,1000,999,High,243.0,358.7654320987654,117.5793319252589,123.60676824824762,593.9240959492832
1609,1000,999,Low,244.0,181.99180327868854,47.20605316239662,87.5796969538953,276.4039096034818
1609,1000,999,Medium,512.0,272.76953125,91.57304148591665,89.6234482781667,455.91561422183327
1610,1000,999,High,243.0,358.7654320987654,117.5793319252589,123.60676824824762,593.9240959492832
1610,1000,999,Low,244.0,181.99180327868854,47.20605316239662,87.5796969538953,276.4039096034818
1610,1000,999,Medium,512.0,272.76953125,91.57304148591665,89.6234482781667,455.91561422183327
1611,1000,999,High,243.0,358.7654320987654,117.5793319252589,123.60676824824762,593.9240959492832
1611,1000,999,Low,244.0,181.99180327868854,47.20605316239662,87.5796969538953,276.4039096034818
1611,1000,999,Medium,512.0,272.76953125,91.57304148591665,89.6234482781667,455.91561422183327
1612,1000,999,High,243.0,358.7654320987654,117.5793319252589,123.60676824824762,593.9240959492832
1612,1000,999,Low,244.0,181.99180327868854,47.20605316239662,87.5796969538953,276.4039096034818
1612,1000,999,Medium,512.0,272.76953125,91.57304148591665,89.6234482781667,455.91561422183327
1613,1000,999,High,243.0,358.7654320987654,117.5793319252589,123.60676824824762,593.9240959492832
1613,1000,999,Low,244.0,181.99180327868854,47.20605316239662,87.5796969538953,276.4039096034818
1613,1000,999,Medium,512.0,272.76953125,91.57304148591665,89.6234482781667,455.91561422183327
1614,1000,999,High,243.0,358.7654320987654,117.5793319252589,123.60676824824762,593.9240959492832
1614,1000,999,Low,244.0,181.99180327868854,47.20605316239662,87.5796969538953,276.4039096034818
1614,1000,999,Medium,512.0,272.76953125,91.57304148591665,89.6234482781667,455.91561422183327
1615,1000,1000,High,244.0,359.9016393442623,118.67182745304949,122.55798443816334,597.2452942503613
1615,1000,1000,Low,244.0,181.99180327868854,47.20605316239662,87.5796969538953,276.4039096034818
1615,1000,1000,Medium,512.0,272.76953125,91.57304148591665,89.6234482781667,455.91561422183327
