simulation_day,patients_treated,total_pfs_available,biomarker_group,group_patients_treated,group_pfs_count,mean_pfs,pfs_sd,lower_boundary,upper_boundary,best_elapsed_pfs,best_ongoing_pfs
1,1,0,Low,0,0,,,,,,
1,1,0,Medium,1,0,,,,,,0.0
1,1,0,High,0,0,,,,,,
2,2,0,Low,0,0,,,,,,
2,2,0,Medium,2,0,,,,,,1.0
2,2,0,High,0,0,,,,,,
3,3,0,Low,1,0,,,,,,0.0
3,3,0,Medium,2,0,,,,,,2.0
3,3,0,High,0,0,,,,,,
4,4,0,Low,1,0,,,,,,1.0
4,4,0,Medium,3,0,,,,,,3.0
4,4,0,High,0,0,,,,,,
5,5,0,Low,2,0,,,,,,2.0
5,5,0,Medium,3,0,,,,,,4.0
5,5,0,High,0,0,,,,,,
6,6,0,Low,2,0,,,,,,3.0
6,6,0,Medium,3,0,,,,,,5.0
6,6,0,High,1,0,,,,,,0.0
7,7,0,Low,2,0,,,,,,4.0
7,7,0,Medium,3,0,,,,,,6.0
7,7,0,High,2,0,,,,,,1.0
8,8,0,Low,2,0,,,,,,5.0
8,8,0,Medium,4,0,,,,,,7.0
8,8,0,High,2,0,,,,,,2.0
9,9,0,Low,2,0,,,,,,6.0
9,9,0,Medium,4,0,,,,,,8.0
9,9,0,High,3,0,,,,,,3.0
10,10,0,Low,3,0,,,,,,7.0
10,10,0,Medium,4,0,,,,,,9.0
10,10,0,High,3,0,,,,,,4.0
11,11,0,Low,3,0,,,,,,8.0
11,11,0,Medium,4,0,,,,,,10.0
11,11,0,High,4,0,,,,,,5.0
12,12,0,Low,3,0,,,,,,9.0
12,12,0,Medium,5,0,,,,,,11.0
12,12,0,High,4,0,,,,,,6.0
13,13,0,Low,3,0,,,,,,10.0
13,13,0,Medium,5,0,,,,,,12.0
13,13,0,High,5,0,,,,,,7.0
14,14,0,Low,3,0,,,,,,11.0
14,14,0,Medium,6,0,,,,,,13.0
14,14,0,High,5,0,,,,,,8.0
15,15,0,Low,4,0,,,,,,12.0
15,15,0,Medium,6,0,,,,,,14.0
15,15,0,High,5,0,,,,,,9.0
16,16,0,Low,5,0,,,,,,13.0
16,16,0,Medium,6,0,,,,,,15.0
16,16,0,High,5,0,,,,,,10.0
17,17,0,Low,5,0,,,,,,14.0
17,17,0,Medium,6,0,,,,,,16.0
17,17,0,High,6,0,,,,,,11.0
18,18,0,Low,5,0,,,,,,15.0
18,18,0,Medium,7,0,,,,,,17.0
18,18,0,High,6,0,,,,,,12.0
19,19,0,Low,5,0,,,,,,16.0
19,19,0,Medium,8,0,,,,,,18.0
19,19,0,High,6,0,,,,,,13.0
20,20,0,Low,5,0,,,,,,17.0
20,20,0,Medium,9,0,,,,,,19.0
20,20,0,High,6,0,,,,,,14.0
21,21,0,Low,6,0,,,,,,18.0
21,21,0,Medium,9,0,,,,,,20.0
21,21,0,High,6,0,,,,,,15.0
22,22,0,Low,6,0,,,,,,19.0
22,22,0,Medium,10,0,,,,,,21.0
22,22,0,High,6,0,,,,,,16.0
23,23,0,Low,6,0,,,,,,20.0
23,23,0,Medium,11,0,,,,,,22.0
23,23,0,High,6,0,,,,,,17.0
24,24,0,Low,6,0,,,,,,21.0
24,24,0,Medium,11,0,,,,,,23.0
24,24,0,High,7,0,,,,,,18.0
25,25,0,Low,7,0,,,,,,22.0
25,25,0,Medium,11,0,,,,,,24.0
25,25,0,High,7,0,,,,,,19.0
26,26,0,Low,7,0,,,,,,23.0
26,26,0,Medium,11,0,,,,,,25.0
26,26,0,High,8,0,,,,,,20.0
27,27,0,Low,8,0,,,,,,24.0
27,27,0,Medium,11,0,,,,,,26.0
27,27,0,High,8,0,,,,,,21.0
28,28,0,Low,9,0,,,,,,25.0
28,28,0,Medium,11,0,,,,,,27.0
28,28,0,High,8,0,,,,,,22.0
29,29,0,Low,9,0,,,,,,26.0
29,29,0,Medium,11,0,,,,,,28.0
29,29,0,High,9,0,,,,,,23.0
30,30,0,Low,9,0,,,,,,27.0
30,30,0,Medium,11,0,,,,,,29.0
30,30,0,High,10,0,,,,,,24.0
31,31,0,Low,10,0,,,,,,28.0
31,31,0,Medium,11,0,,,,,,30.0
31,31,0,High,10,0,,,,,,25.0
32,32,0,Low,11,0,,,,,,29.0
32,32,0,Medium,11,0,,,,,,31.0
32,32,0,High,10,0,,,,,,26.0
33,33,0,Low,12,0,,,,,,30.0
33,33,0,Medium,11,0,,,,,,32.0
33,33,0,High,10,0,,,,,,27.0
34,34,0,Low,12,0,,,,,,31.0
34,34,0,Medium,12,0,,,,,,33.0
34,34,0,High,10,0,,,,,,28.0
35,35,0,Low,13,0,,,,,,32.0
35,35,0,Medium,12,0,,,,,,34.0
35,35,0,High,10,0,,,,,,29.0
36,36,0,Low,14,0,,,,,,33.0
36,36,0,Medium,12,0,,,,,,35.0
36,36,0,High,10,0,,,,,,30.0
37,37,0,Low,14,0,,,,,,34.0
37,37,0,Medium,13,0,,,,,,36.0
37,37,0,High,10,0,,,,,,31.0
38,38,0,Low,15,0,,,,,,35.0
38,38,0,Medium,13,0,,,,,,37.0
38,38,0,High,10,0,,,,,,32.0
39,39,0,Low,15,0,,,,,,36.0
39,39,0,Medium,14,0,,,,,,38.0
39,39,0,High,10,0,,,,,,33.0
40,40,0,Low,16,0,,,,,,37.0
40,40,0,Medium,14,0,,,,,,39.0
40,40,0,High,10,0,,,,,,34.0
41,41,0,Low,16,0,,,,,,38.0
41,41,0,Medium,14,0,,,,,,40.0
41,41,0,High,11,0,,,,,,35.0
42,42,0,Low,16,0,,,,,,39.0
42,42,0,Medium,15,0,,,,,,41.0
42,42,0,High,11,0,,,,,,36.0
43,43,0,Low,17,0,,,,,,40.0
43,43,0,Medium,15,0,,,,,,42.0
43,43,0,High,11,0,,,,,,37.0
44,44,0,Low,18,0,,,,,,41.0
44,44,0,Medium,15,0,,,,,,43.0
44,44,0,High,11,0,,,,,,38.0
45,45,0,Low,19,0,,,,,,42.0
45,45,0,Medium,15,0,,,,,,44.0
45,45,0,High,11,0,,,,,,39.0
46,46,0,Low,19,0,,,,,,43.0
46,46,0,Medium,16,0,,,,,,45.0
46,46,0,High,11,0,,,,,,40.0
47,47,0,Low,19,0,,,,,,44.0
47,47,0,Medium,17,0,,,,,,46.0
47,47,0,High,11,0,,,,,,41.0
48,48,0,Low,19,0,,,,,,45.0
48,48,0,Medium,18,0,,,,,,47.0
48,48,0,High,11,0,,,,,,42.0
49,49,0,Low,20,0,,,,,,46.0
49,49,0,Medium,18,0,,,,,,48.0
49,49,0,High,11,0,,,,,,43.0
50,50,0,Low,20,0,,,,,,47.0
50,50,0,Medium,19,0,,,,,,49.0
50,50,0,High,11,0,,,,,,44.0
51,51,0,Low,21,0,,,,,,48.0
51,51,0,Medium,19,0,,,,,,50.0
51,51,0,High,11,0,,,,,,45.0
52,52,0,Low,21,0,,,,,,49.0
52,52,0,Medium,19,0,,,,,,51.0
52,52,0,High,12,0,,,,,,46.0
53,53,0,Low,21,0,,,,,,50.0
53,53,0,Medium,19,0,,,,,,52.0
53,53,0,High,13,0,,,,,,47.0
54,54,0,Low,22,0,,,,,,51.0
54,54,0,Medium,19,0,,,,,,53.0
54,54,0,High,13,0,,,,,,48.0
55,55,0,Low,22,0,,,,,,52.0
55,55,0,Medium,19,0,,,,,,54.0
55,55,0,High,14,0,,,,,,49.0
56,56,0,Low,22,0,,,,,,53.0
56,56,0,Medium,20,0,,,,,,55.0
56,56,0,High,14,0,,,,,,50.0
57,57,0,Low,22,0,,,,,,54.0
57,57,0,Medium,21,0,,,,,,56.0
57,57,0,High,14,0,,,,,,51.0
58,58,0,Low,22,0,,,,,,55.0
58,58,0,Medium,22,0,,,,,,57.0
58,58,0,High,14,0,,,,,,52.0
59,59,0,Low,22,0,,,,,,56.0
59,59,0,Medium,23,0,,,,,,58.0
59,59,0,High,14,0,,,,,,53.0
60,60,0,Low,22,0,,,,,,57.0
60,60,0,Medium,23,0,,,,,,59.0
60,60,0,High,15,0,,,,,,54.0
61,61,0,Low,22,0,,,,,,58.0
61,61,0,Medium,24,0,,,,,,60.0
61,61,0,High,15,0,,,,,,55.0
62,62,0,Low,22,0,,,,,,59.0
62,62,0,Medium,25,0,,,,,,61.0
62,62,0,High,15,0,,,,,,56.0
63,63,0,Low,22,0,,,,,,60.0
63,63,0,Medium,26,0,,,,,,62.0
63,63,0,High,15,0,,,,,,57.0
64,64,0,Low,23,0,,,,,,61.0
64,64,0,Medium,26,0,,,,,,63.0
64,64,0,High,15,0,,,,,,58.0
65,65,0,Low,24,0,,,,,,62.0
65,65,0,Medium,26,0,,,,,,64.0
65,65,0,High,15,0,,,,,,59.0
66,66,0,Low,24,0,,,,,,63.0
66,66,0,Medium,26,0,,,,,,65.0
66,66,0,High,16,0,,,,,,60.0
67,67,0,Low,24,0,,,,,,64.0
67,67,0,Medium,26,0,,,,,,66.0
67,67,0,High,17,0,,,,,,61.0
68,68,0,Low,24,0,,,,,,65.0
68,68,0,Medium,27,0,,,,,,67.0
68,68,0,High,17,0,,,,,,62.0
69,69,0,Low,25,0,,,,,,66.0
69,69,0,Medium,27,0,,,,,,68.0
69,69,0,High,17,0,,,,,,63.0
70,70,0,Low,25,0,,,,,,67.0
70,70,0,Medium,28,0,,,,,,69.0
70,70,0,High,17,0,,,,,,64.0
71,71,0,Low,25,0,,,,,,68.0
71,71,0,Medium,29,0,,,,,,70.0
71,71,0,High,17,0,,,,,,65.0
72,72,0,Low,25,0,,,,,,69.0
72,72,0,Medium,29,0,,,,,,71.0
72,72,0,High,18,0,,,,,,66.0
73,73,0,Low,26,0,,,,,,70.0
73,73,0,Medium,29,0,,,,,,72.0
73,73,0,High,18,0,,,,,,67.0
74,74,0,Low,26,0,,,,,,71.0
74,74,0,Medium,30,0,,,,,,73.0
74,74,0,High,18,0,,,,,,68.0
75,75,0,Low,26,0,,,,,,72.0
75,75,0,Medium,31,0,,,,,,74.0
75,75,0,High,18,0,,,,,,69.0
76,76,0,Low,27,0,,,,,,73.0
76,76,0,Medium,31,0,,,,,,75.0
76,76,0,High,18,0,,,,,,70.0
77,77,0,Low,28,0,,,,,,74.0
77,77,0,Medium,31,0,,,,,,76.0
77,77,0,High,18,0,,,,,,71.0
78,78,0,Low,28,0,,,,,,75.0
78,78,0,Medium,32,0,,,,,,77.0
78,78,0,High,18,0,,,,,,72.0
79,79,0,Low,28,0,,,,,,76.0
79,79,0,Medium,32,0,,,,,,78.0
79,79,0,High,19,0,,,,,,73.0
80,80,0,Low,28,0,,,,,,77.0
80,80,0,Medium,33,0,,,,,,79.0
80,80,0,High,19,0,,,,,,74.0
81,81,0,Low,29,0,,,,,,78.0
81,81,0,Medium,33,0,,,,,,80.0
81,81,0,High,19,0,,,,,,75.0
82,82,0,Low,29,0,,,,,,79.0
82,82,0,Medium,33,0,,,,,,81.0
82,82,0,High,20,0,,,,,,76.0
83,83,0,Low,30,0,,,,,,80.0
83,83,0,Medium,33,0,,,,,,82.0
83,83,0,High,20,0,,,,,,77.0
84,84,0,Low,30,0,,,,,,81.0
84,84,0,Medium,34,0,,,,,,83.0
84,84,0,High,20,0,,,,,,78.0
85,85,0,Low,30,0,,,,,,82.0
85,85,0,Medium,34,0,,,,,,84.0
85,85,0,High,21,0,,,,,,79.0
86,86,0,Low,31,0,,,,,,83.0
86,86,0,Medium,34,0,,,,,,85.0
86,86,0,High,21,0,,,,,,80.0
87,87,0,Low,31,0,,,,,,84.0
87,87,0,Medium,35,0,,,,,,86.0
87,87,0,High,21,0,,,,,,81.0
88,88,0,Low,32,0,,,,,,85.0
88,88,0,Medium,35,0,,,,,,87.0
88,88,0,High,21,0,,,,,,82.0
89,89,0,Low,33,0,,,,,,86.0
89,89,0,Medium,35,0,,,,,,88.0
89,89,0,High,21,0,,,,,,83.0
90,90,0,Low,33,0,,,,,,87.0
90,90,0,Medium,36,0,,,,,,89.0
90,90,0,High,21,0,,,,,,84.0
91,91,0,Low,33,0,,,,,,88.0
91,91,0,Medium,36,0,,,,,,90.0
91,91,0,High,22,0,,,,,,85.0
92,92,0,Low,33,0,,,,,,89.0
92,92,0,Medium,37,0,,,,,,91.0
92,92,0,High,22,0,,,,,,86.0
93,93,0,Low,33,0,,,,,,90.0
93,93,0,Medium,37,0,,,,,,92.0
93,93,0,High,23,0,,,,,,87.0
94,94,0,Low,33,0,,,,,,91.0
94,94,0,Medium,38,0,,,,,,93.0
94,94,0,High,23,0,,,,,,88.0
95,95,0,Low,34,0,,,,,,92.0
95,95,0,Medium,38,0,,,,,,94.0
95,95,0,High,23,0,,,,,,89.0
96,96,0,Low,34,0,,,,,,93.0
96,96,0,Medium,39,0,,,,,,95.0
96,96,0,High,23,0,,,,,,90.0
97,97,0,Low,34,0,,,,,,94.0
97,97,0,Medium,40,0,,,,,,96.0
97,97,0,High,23,0,,,,,,91.0
98,98,0,Low,35,0,,,,,,95.0
98,98,0,Medium,40,0,,,,,,97.0
98,98,0,High,23,0,,,,,,92.0
99,99,0,Low,36,0,,,,,,96.0
99,99,0,Medium,40,0,,,,,,98.0
99,99,0,High,23,0,,,,,,93.0
100,100,0,Low,36,0,,,,,,97.0
100,100,0,Medium,41,0,,,,,,99.0
100,100,0,High,23,0,,,,,,94.0
101,101,0,Low,36,0,,,,,,98.0
101,101,0,Medium,42,0,,,,,,100.0
101,101,0,High,23,0,,,,,,95.0
102,102,0,Low,36,0,,,,,,99.0
102,102,0,Medium,43,0,,,,,,101.0
102,102,0,High,23,0,,,,,,96.0
103,103,0,Low,36,0,,,,,,100.0
103,103,0,Medium,44,0,,,,,,102.0
103,103,0,High,23,0,,,,,,97.0
104,104,0,Low,36,0,,,,,,101.0
104,104,0,Medium,44,0,,,,,,103.0
104,104,0,High,24,0,,,,,,98.0
105,105,0,Low,36,0,,,,,,102.0
105,105,0,Medium,45,0,,,,,,104.0
105,105,0,High,24,0,,,,,,99.0
106,106,0,Low,37,0,,,,,,103.0
106,106,0,Medium,45,0,,,,,,105.0
106,106,0,High,24,0,,,,,,100.0
107,107,0,Low,38,0,,,,,,104.0
107,107,0,Medium,45,0,,,,,,106.0
107,107,0,High,24,0,,,,,,101.0
108,108,0,Low,38,0,,,,,,105.0
108,108,0,Medium,46,0,,,,,,107.0
108,108,0,High,24,0,,,,,,102.0
109,109,0,Low,38,0,,,,,,106.0
109,109,0,Medium,47,0,,,,,,108.0
109,109,0,High,24,0,,,,,,103.0
110,110,0,Low,38,0,,,,,,107.0
110,110,0,Medium,47,0,,,,,,109.0
110,110,0,High,25,0,,,,,,104.0
111,111,0,Low,39,0,,,,,,108.0
111,111,0,Medium,47,0,,,,,,110.0
111,111,0,High,25,0,,,,,,105.0
112,112,0,Low,39,0,,,,,,109.0
112,112,0,Medium,47,0,,,,,,111.0
112,112,0,High,26,0,,,,,,106.0
113,113,0,Low,39,0,,,,,,110.0
113,113,0,Medium,47,0,,,,,,112.0
113,113,0,High,27,0,,,,,,107.0
114,114,0,Low,39,0,,,,,,111.0
114,114,0,Medium,48,0,,,,,,113.0
114,114,0,High,27,0,,,,,,108.0
115,115,0,Low,39,0,,,,,,112.0
115,115,0,Medium,49,0,,,,,,114.0
115,115,0,High,27,0,,,,,,109.0
116,116,0,Low,40,0,,,,,,113.0
116,116,0,Medium,49,0,,,,,,115.0
116,116,0,High,27,0,,,,,,110.0
117,117,0,Low,40,0,,,,,,114.0
117,117,0,Medium,50,0,,,,,,116.0
117,117,0,High,27,0,,,,,,111.0
118,118,0,Low,41,0,,,,,,115.0
118,118,0,Medium,50,0,,,,,,117.0
118,118,0,High,27,0,,,,,,112.0
119,119,0,Low,42,0,,,,,,116.0
119,119,0,Medium,50,0,,,,,,118.0
119,119,0,High,27,0,,,,,,113.0
120,120,0,Low,42,0,,,,,,117.0
120,120,0,Medium,51,0,,,,,,119.0
120,120,0,High,27,0,,,,,,114.0
121,121,0,Low,43,0,,,,,,118.0
121,121,0,Medium,51,0,,,,,,120.0
121,121,0,High,27,0,,,,,,115.0
122,122,0,Low,44,0,,,,,,119.0
122,122,0,Medium,51,0,,,,,,121.0
122,122,0,High,27,0,,,,,,116.0
123,123,0,Low,45,0,,,,,,120.0
123,123,0,Medium,51,0,,,,,,122.0
123,123,0,High,27,0,,,,,,117.0
124,124,0,Low,45,0,,,,,,121.0
124,124,0,Medium,51,0,,,,,,123.0
124,124,0,High,28,0,,,,,,118.0
125,125,0,Low,45,0,,,,,,122.0
125,125,0,Medium,52,0,,,,,,124.0
125,125,0,High,28,0,,,,,,119.0
126,126,0,Low,46,0,,,,,,123.0
126,126,0,Medium,52,0,,,,,,125.0
126,126,0,High,28,0,,,,,,120.0
127,127,0,Low,46,0,,,,,,124.0
127,127,0,Medium,53,0,,,,,,126.0
127,127,0,High,28,0,,,,,,121.0
128,128,0,Low,47,0,,,,,,125.0
128,128,0,Medium,53,0,,,,,,127.0
128,128,0,High,28,0,,,,,,122.0
129,129,0,Low,47,0,,,,,,126.0
129,129,0,Medium,53,0,,,,,,128.0
129,129,0,High,29,0,,,,,,123.0
130,130,0,Low,47,0,,,,,,127.0
130,130,0,Medium,53,0,,,,,,129.0
130,130,0,High,30,0,,,,,,124.0
131,131,0,Low,47,0,,,,,,128.0
131,131,0,Medium,54,0,,,,,,130.0
131,131,0,High,30,0,,,,,,125.0
132,132,0,Low,47,0,,,,,,129.0
132,132,0,Medium,55,0,,,,,,131.0
132,132,0,High,30,0,,,,,,126.0
133,133,0,Low,48,0,,,,,,130.0
133,133,0,Medium,55,0,,,,,,132.0
133,133,0,High,30,0,,,,,,127.0
134,134,0,Low,48,0,,,,,,131.0
134,134,0,Medium,56,0,,,,,,133.0
134,134,0,High,30,0,,,,,,128.0
135,135,0,Low,49,0,,,,,,132.0
135,135,0,Medium,56,0,,,,,,134.0
135,135,0,High,30,0,,,,,,129.0
136,136,0,Low,50,0,,,,,,133.0
136,136,0,Medium,56,0,,,,,,135.0
136,136,0,High,30,0,,,,,,130.0
137,137,0,Low,50,0,,,,,,134.0
137,137,0,Medium,56,0,,,,,,136.0
137,137,0,High,31,0,,,,,,131.0
138,138,0,Low,50,0,,,,,,135.0
138,138,0,Medium,56,0,,,,,,137.0
138,138,0,High,32,0,,,,,,132.0
139,139,0,Low,50,0,,,,,,136.0
139,139,0,Medium,57,0,,,,,,138.0
139,139,0,High,32,0,,,,,,133.0
140,140,0,Low,50,0,,,,,,137.0
140,140,0,Medium,58,0,,,,,,139.0
140,140,0,High,32,0,,,,,,134.0
141,141,0,Low,50,0,,,,,,138.0
141,141,0,Medium,58,0,,,,,,140.0
141,141,0,High,33,0,,,,,,135.0
142,142,1,Low,51,0,,,,,,139.0
142,142,1,Medium,58,1,80.0,,,,80.0,141.0
142,142,1,High,33,0,,,,,,136.0
143,143,1,Low,52,0,,,,,,140.0
143,143,1,Medium,58,1,80.0,,,,80.0,142.0
143,143,1,High,33,0,,,,,,137.0
144,144,2,Low,53,0,,,,,,141.0
144,144,2,Medium,58,2,110.0,42.42640687119285,25.147186257614294,194.8528137423857,140.0,143.0
144,144,2,High,33,0,,,,,,138.0
145,145,2,Low,54,0,,,,,,142.0
145,145,2,Medium,58,2,110.0,42.42640687119285,25.147186257614294,194.8528137423857,140.0,144.0
145,145,2,High,33,0,,,,,,139.0
146,146,3,Low,54,0,,,,,,143.0
146,146,3,Medium,59,3,114.66666666666667,31.069813860616115,52.52703894543444,176.8062943878989,140.0,145.0
146,146,3,High,33,0,,,,,,140.0
147,147,3,Low,54,0,,,,,,144.0
147,147,3,Medium,59,3,114.66666666666667,31.069813860616115,52.52703894543444,176.8062943878989,140.0,146.0
147,147,3,High,34,0,,,,,,141.0
148,148,3,Low,54,0,,,,,,145.0
148,148,3,Medium,60,3,114.66666666666667,31.069813860616115,52.52703894543444,176.8062943878989,140.0,147.0
148,148,3,High,34,0,,,,,,142.0
149,149,3,Low,54,0,,,,,,146.0
149,149,3,Medium,61,3,114.66666666666667,31.069813860616115,52.52703894543444,176.8062943878989,140.0,148.0
149,149,3,High,34,0,,,,,,143.0
150,150,4,Low,54,1,135.0,,,,135.0,147.0
150,150,4,Medium,62,3,114.66666666666667,31.069813860616115,52.52703894543444,176.8062943878989,140.0,149.0
150,150,4,High,34,0,,,,,,144.0
151,151,4,Low,54,1,135.0,,,,135.0,148.0
151,151,4,Medium,63,3,114.66666666666667,31.069813860616115,52.52703894543444,176.8062943878989,140.0,150.0
151,151,4,High,34,0,,,,,,145.0
152,152,4,Low,54,1,135.0,,,,135.0,149.0
152,152,4,Medium,63,3,114.66666666666667,31.069813860616115,52.52703894543444,176.8062943878989,140.0,151.0
152,152,4,High,35,0,,,,,,146.0
153,153,4,Low,54,1,135.0,,,,135.0,150.0
153,153,4,Medium,64,3,114.66666666666667,31.069813860616115,52.52703894543444,176.8062943878989,140.0,152.0
153,153,4,High,35,0,,,,,,147.0
154,154,4,Low,54,1,135.0,,,,135.0,151.0
154,154,4,Medium,65,3,114.66666666666667,31.069813860616115,52.52703894543444,176.8062943878989,140.0,153.0
154,154,4,High,35,0,,,,,,148.0
155,155,4,Low,54,1,135.0,,,,135.0,152.0
155,155,4,Medium,65,3,114.66666666666667,31.069813860616115,52.52703894543444,176.8062943878989,140.0,154.0
155,155,4,High,36,0,,,,,,149.0
156,156,4,Low,54,1,135.0,,,,135.0,153.0
156,156,4,Medium,65,3,114.66666666666667,31.069813860616115,52.52703894543444,176.8062943878989,140.0,155.0
156,156,4,High,37,0,,,,,,150.0
157,157,4,Low,55,1,135.0,,,,135.0,154.0
157,157,4,Medium,65,3,114.66666666666667,31.069813860616115,52.52703894543444,176.8062943878989,140.0,156.0
157,157,4,High,37,0,,,,,,151.0
158,158,4,Low,55,1,135.0,,,,135.0,155.0
158,158,4,Medium,66,3,114.66666666666667,31.069813860616115,52.52703894543444,176.8062943878989,140.0,157.0
158,158,4,High,37,0,,,,,,152.0
159,159,4,Low,55,1,135.0,,,,135.0,156.0
159,159,4,Medium,67,3,114.66666666666667,31.069813860616115,52.52703894543444,176.8062943878989,140.0,158.0
159,159,4,High,37,0,,,,,,153.0
160,160,4,Low,56,1,135.0,,,,135.0,157.0
160,160,4,Medium,67,3,114.66666666666667,31.069813860616115,52.52703894543444,176.8062943878989,140.0,159.0
160,160,4,High,37,0,,,,,,154.0
161,161,4,Low,57,1,135.0,,,,135.0,158.0
161,161,4,Medium,67,3,114.66666666666667,31.069813860616115,52.52703894543444,176.8062943878989,140.0,160.0
161,161,4,High,37,0,,,,,,155.0
162,162,4,Low,57,1,135.0,,,,135.0,159.0
162,162,4,Medium,68,3,114.66666666666667,31.069813860616115,52.52703894543444,176.8062943878989,140.0,161.0
162,162,4,High,37,0,,,,,,156.0
163,163,4,Low,58,1,135.0,,,,135.0,160.0
163,163,4,Medium,68,3,114.66666666666667,31.069813860616115,52.52703894543444,176.8062943878989,140.0,162.0
163,163,4,High,37,0,,,,,,157.0
164,164,4,Low,58,1,135.0,,,,135.0,161.0
164,164,4,Medium,68,3,114.66666666666667,31.069813860616115,52.52703894543444,176.8062943878989,140.0,163.0
164,164,4,High,38,0,,,,,,158.0
165,165,4,Low,58,1,135.0,,,,135.0,162.0
165,165,4,Medium,69,3,114.66666666666667,31.069813860616115,52.52703894543444,176.8062943878989,140.0,164.0
165,165,4,High,38,0,,,,,,159.0
166,166,5,Low,58,2,129.0,8.48528137423857,112.02943725152286,145.97056274847714,135.0,163.0
166,166,5,Medium,70,3,114.66666666666667,31.069813860616115,52.52703894543444,176.8062943878989,140.0,165.0
166,166,5,High,38,0,,,,,,160.0
167,167,6,Low,59,2,129.0,8.48528137423857,112.02943725152286,145.97056274847714,135.0,164.0
167,167,6,Medium,70,3,114.66666666666667,31.069813860616115,52.52703894543444,176.8062943878989,140.0,166.0
167,167,6,High,38,1,161.0,,,,161.0,160.0
168,168,6,Low,59,2,129.0,8.48528137423857,112.02943725152286,145.97056274847714,135.0,165.0
168,168,6,Medium,71,3,114.66666666666667,31.069813860616115,52.52703894543444,176.8062943878989,140.0,167.0
168,168,6,High,38,1,161.0,,,,161.0,161.0
169,169,6,Low,59,2,129.0,8.48528137423857,112.02943725152286,145.97056274847714,135.0,166.0
169,169,6,Medium,72,3,114.66666666666667,31.069813860616115,52.52703894543444,176.8062943878989,140.0,168.0
169,169,6,High,38,1,161.0,,,,161.0,162.0
170,170,6,Low,59,2,129.0,8.48528137423857,112.02943725152286,145.97056274847714,135.0,167.0
170,170,6,Medium,72,3,114.66666666666667,31.069813860616115,52.52703894543444,176.8062943878989,140.0,169.0
170,170,6,High,39,1,161.0,,,,161.0,163.0
171,171,6,Low,60,2,129.0,8.48528137423857,112.02943725152286,145.97056274847714,135.0,168.0
171,171,6,Medium,72,3,114.66666666666667,31.069813860616115,52.52703894543444,176.8062943878989,140.0,170.0
171,171,6,High,39,1,161.0,,,,161.0,164.0
172,172,6,Low,60,2,129.0,8.48528137423857,112.02943725152286,145.97056274847714,135.0,169.0
172,172,6,Medium,72,3,114.66666666666667,31.069813860616115,52.52703894543444,176.8062943878989,140.0,171.0
172,172,6,High,40,1,161.0,,,,161.0,165.0
173,173,6,Low,61,2,129.0,8.48528137423857,112.02943725152286,145.97056274847714,135.0,170.0
173,173,6,Medium,72,3,114.66666666666667,31.069813860616115,52.52703894543444,176.8062943878989,140.0,172.0
173,173,6,High,40,1,161.0,,,,161.0,166.0
174,174,6,Low,62,2,129.0,8.48528137423857,112.02943725152286,145.97056274847714,135.0,171.0
174,174,6,Medium,72,3,114.66666666666667,31.069813860616115,52.52703894543444,176.8062943878989,140.0,173.0
174,174,6,High,40,1,161.0,,,,161.0,167.0
175,175,6,Low,62,2,129.0,8.48528137423857,112.02943725152286,145.97056274847714,135.0,172.0
175,175,6,Medium,73,3,114.66666666666667,31.069813860616115,52.52703894543444,176.8062943878989,140.0,174.0
175,175,6,High,40,1,161.0,,,,161.0,168.0
176,176,6,Low,62,2,129.0,8.48528137423857,112.02943725152286,145.97056274847714,135.0,173.0
176,176,6,Medium,74,3,114.66666666666667,31.069813860616115,52.52703894543444,176.8062943878989,140.0,175.0
176,176,6,High,40,1,161.0,,,,161.0,169.0
177,177,6,Low,62,2,129.0,8.48528137423857,112.02943725152286,145.97056274847714,135.0,174.0
177,177,6,Medium,75,3,114.66666666666667,31.069813860616115,52.52703894543444,176.8062943878989,140.0,176.0
177,177,6,High,40,1,161.0,,,,161.0,170.0
178,178,7,Low,62,2,129.0,8.48528137423857,112.02943725152286,145.97056274847714,135.0,175.0
178,178,7,Medium,76,4,105.25,31.595094555959157,42.059810888081685,168.4401891119183,140.0,177.0
178,178,7,High,40,1,161.0,,,,161.0,171.0
179,179,7,Low,62,2,129.0,8.48528137423857,112.02943725152286,145.97056274847714,135.0,176.0
179,179,7,Medium,77,4,105.25,31.595094555959157,42.059810888081685,168.4401891119183,140.0,178.0
179,179,7,High,40,1,161.0,,,,161.0,172.0
180,180,8,Low,63,2,129.0,8.48528137423857,112.02943725152286,145.97056274847714,135.0,177.0
180,180,8,Medium,77,5,110.8,30.044966300530277,50.710067398939444,170.88993260106054,140.0,179.0
180,180,8,High,40,1,161.0,,,,161.0,173.0
181,181,8,Low,63,2,129.0,8.48528137423857,112.02943725152286,145.97056274847714,135.0,178.0
181,181,8,Medium,78,5,110.8,30.044966300530277,50.710067398939444,170.88993260106054,140.0,180.0
181,181,8,High,40,1,161.0,,,,161.0,174.0
182,182,8,Low,63,2,129.0,8.48528137423857,112.02943725152286,145.97056274847714,135.0,179.0
182,182,8,Medium,79,5,110.8,30.044966300530277,50.710067398939444,170.88993260106054,140.0,181.0
182,182,8,High,40,1,161.0,,,,161.0,175.0
183,183,9,Low,63,3,135.33333333333334,12.503332889007368,110.32666755531861,160.33999911134808,148.0,180.0
183,183,9,Medium,80,5,110.8,30.044966300530277,50.710067398939444,170.88993260106054,140.0,182.0
183,183,9,High,40,1,161.0,,,,161.0,176.0
184,184,10,Low,64,3,135.33333333333334,12.503332889007368,110.32666755531861,160.33999911134808,148.0,181.0
184,184,10,Medium,80,6,121.0,36.69332364340958,47.613352713180845,194.38664728681914,172.0,183.0
184,184,10,High,40,1,161.0,,,,161.0,177.0
185,185,11,Low,64,3,135.33333333333334,12.503332889007368,110.32666755531861,160.33999911134808,148.0,182.0
185,185,11,Medium,80,7,119.57142857142857,33.70883733215541,52.153753907117746,186.98910323573938,172.0,184.0
185,185,11,High,41,1,161.0,,,,161.0,178.0
186,186,11,Low,65,3,135.33333333333334,12.503332889007368,110.32666755531861,160.33999911134808,148.0,183.0
186,186,11,Medium,80,7,119.57142857142857,33.70883733215541,52.153753907117746,186.98910323573938,172.0,185.0
186,186,11,High,41,1,161.0,,,,161.0,179.0
187,187,11,Low,65,3,135.33333333333334,12.503332889007368,110.32666755531861,160.33999911134808,148.0,184.0
187,187,11,Medium,80,7,119.57142857142857,33.70883733215541,52.153753907117746,186.98910323573938,172.0,186.0
187,187,11,High,42,1,161.0,,,,161.0,180.0
188,188,12,Low,65,3,135.33333333333334,12.503332889007368,110.32666755531861,160.33999911134808,148.0,185.0
188,188,12,Medium,81,8,128.0,39.271945639167335,49.45610872166533,206.54389127833468,187.0,186.0
188,188,12,High,42,1,161.0,,,,161.0,181.0
189,189,12,Low,66,3,135.33333333333334,12.503332889007368,110.32666755531861,160.33999911134808,148.0,186.0
189,189,12,Medium,81,8,128.0,39.271945639167335,49.45610872166533,206.54389127833468,187.0,187.0
189,189,12,High,42,1,161.0,,,,161.0,182.0
190,190,12,Low,67,3,135.33333333333334,12.503332889007368,110.32666755531861,160.33999911134808,148.0,187.0
190,190,12,Medium,81,8,128.0,39.271945639167335,49.45610872166533,206.54389127833468,187.0,188.0
190,190,12,High,42,1,161.0,,,,161.0,183.0
191,191,12,Low,68,3,135.33333333333334,12.503332889007368,110.32666755531861,160.33999911134808,148.0,188.0
191,191,12,Medium,81,8,128.0,39.271945639167335,49.45610872166533,206.54389127833468,187.0,189.0
191,191,12,High,42,1,161.0,,,,161.0,184.0
192,192,12,Low,69,3,135.33333333333334,12.503332889007368,110.32666755531861,160.33999911134808,148.0,189.0
192,192,12,Medium,81,8,128.0,39.271945639167335,49.45610872166533,206.54389127833468,187.0,190.0
192,192,12,High,42,1,161.0,,,,161.0,185.0
193,193,12,Low,69,3,135.33333333333334,12.503332889007368,110.32666755531861,160.33999911134808,148.0,190.0
193,193,12,Medium,82,8,128.0,39.271945639167335,49.45610872166533,206.54389127833468,187.0,191.0
193,193,12,High,42,1,161.0,,,,161.0,186.0
194,194,12,Low,69,3,135.33333333333334,12.503332889007368,110.32666755531861,160.33999911134808,148.0,191.0
194,194,12,Medium,83,8,128.0,39.271945639167335,49.45610872166533,206.54389127833468,187.0,192.0
194,194,12,High,42,1,161.0,,,,161.0,187.0
195,195,13,Low,70,3,135.33333333333334,12.503332889007368,110.32666755531861,160.33999911134808,148.0,192.0
195,195,13,Medium,83,9,121.55555555555556,41.51238101792979,38.530793519695976,204.58031759141514,187.0,193.0
195,195,13,High,42,1,161.0,,,,161.0,188.0
196,196,13,Low,70,3,135.33333333333334,12.503332889007368,110.32666755531861,160.33999911134808,148.0,193.0
196,196,13,Medium,84,9,121.55555555555556,41.51238101792979,38.530793519695976,204.58031759141514,187.0,194.0
196,196,13,High,42,1,161.0,,,,161.0,189.0
197,197,13,Low,71,3,135.33333333333334,12.503332889007368,110.32666755531861,160.33999911134808,148.0,194.0
197,197,13,Medium,84,9,121.55555555555556,41.51238101792979,38.530793519695976,204.58031759141514,187.0,195.0
197,197,13,High,42,1,161.0,,,,161.0,190.0
198,198,14,Low,71,4,134.75,10.275375094532235,114.19924981093553,155.30075018906447,148.0,195.0
198,198,14,Medium,85,9,121.55555555555556,41.51238101792979,38.530793519695976,204.58031759141514,187.0,196.0
198,198,14,High,42,1,161.0,,,,161.0,191.0
199,199,14,Low,72,4,134.75,10.275375094532235,114.19924981093553,155.30075018906447,148.0,196.0
199,199,14,Medium,85,9,121.55555555555556,41.51238101792979,38.530793519695976,204.58031759141514,187.0,197.0
199,199,14,High,42,1,161.0,,,,161.0,192.0
200,200,14,Low,72,4,134.75,10.275375094532235,114.19924981093553,155.30075018906447,148.0,197.0
200,200,14,Medium,86,9,121.55555555555556,41.51238101792979,38.530793519695976,204.58031759141514,187.0,198.0
200,200,14,High,42,1,161.0,,,,161.0,193.0
201,201,14,Low,72,4,134.75,10.275375094532235,114.19924981093553,155.30075018906447,148.0,198.0
201,201,14,Medium,87,9,121.55555555555556,41.51238101792979,38.530793519695976,204.58031759141514,187.0,199.0
201,201,14,High,42,1,161.0,,,,161.0,194.0
202,202,16,Low,73,6,151.33333333333334,27.310559618335663,96.71221409666202,205.95445257000466,192.0,199.0
202,202,16,Medium,87,9,121.55555555555556,41.51238101792979,38.530793519695976,204.58031759141514,187.0,200.0
202,202,16,High,42,1,161.0,,,,161.0,195.0
203,203,17,Low,74,7,155.71428571428572,27.49372222716964,100.72684125994644,210.701730168625,192.0,200.0
203,203,17,Medium,87,9,121.55555555555556,41.51238101792979,38.530793519695976,204.58031759141514,187.0,201.0
203,203,17,High,42,1,161.0,,,,161.0,196.0
204,204,18,Low,74,8,158.25,26.44536146202473,105.35927707595053,211.14072292404947,192.0,201.0
204,204,18,Medium,88,9,121.55555555555556,41.51238101792979,38.530793519695976,204.58031759141514,187.0,202.0
204,204,18,High,42,1,161.0,,,,161.0,197.0
205,205,18,Low,75,8,158.25,26.44536146202473,105.35927707595053,211.14072292404947,192.0,202.0
205,205,18,Medium,88,9,121.55555555555556,41.51238101792979,38.530793519695976,204.58031759141514,187.0,203.0
205,205,18,High,42,1,161.0,,,,161.0,198.0
206,206,18,Low,75,8,158.25,26.44536146202473,105.35927707595053,211.14072292404947,192.0,203.0
206,206,18,Medium,88,9,121.55555555555556,41.51238101792979,38.530793519695976,204.58031759141514,187.0,204.0
206,206,18,High,43,1,161.0,,,,161.0,199.0
207,207,19,Low,76,8,158.25,26.44536146202473,105.35927707595053,211.14072292404947,192.0,204.0
207,207,19,Medium,88,10,129.9,47.20275415693453,35.49449168613094,224.30550831386907,205.0,199.0
207,207,19,High,43,1,161.0,,,,161.0,200.0
208,208,21,Low,76,10,162.8,25.745765563378466,111.30846887324307,214.29153112675695,192.0,205.0
208,208,21,Medium,88,10,129.9,47.20275415693453,35.49449168613094,224.30550831386907,205.0,200.0
208,208,21,High,44,1,161.0,,,,161.0,201.0
209,209,21,Low,76,10,162.8,25.745765563378466,111.30846887324307,214.29153112675695,192.0,206.0
209,209,21,Medium,88,10,129.9,47.20275415693453,35.49449168613094,224.30550831386907,205.0,201.0
209,209,21,High,45,1,161.0,,,,161.0,202.0
210,210,22,Low,76,11,164.1818181818182,24.850827679649555,114.48016282251908,213.8834735411173,192.0,207.0
210,210,22,Medium,89,10,129.9,47.20275415693453,35.49449168613094,224.30550831386907,205.0,202.0
210,210,22,High,45,1,161.0,,,,161.0,203.0
211,211,22,Low,77,11,164.1818181818182,24.850827679649555,114.48016282251908,213.8834735411173,192.0,208.0
211,211,22,Medium,89,10,129.9,47.20275415693453,35.49449168613094,224.30550831386907,205.0,203.0
211,211,22,High,45,1,161.0,,,,161.0,204.0
212,212,22,Low,78,11,164.1818181818182,24.850827679649555,114.48016282251908,213.8834735411173,192.0,209.0
212,212,22,Medium,89,10,129.9,47.20275415693453,35.49449168613094,224.30550831386907,205.0,204.0
212,212,22,High,45,1,161.0,,,,161.0,205.0
213,213,23,Low,78,12,166.0,24.517155403735345,116.96568919252931,215.0343108074707,192.0,210.0
213,213,23,Medium,90,10,129.9,47.20275415693453,35.49449168613094,224.30550831386907,205.0,205.0
213,213,23,High,45,1,161.0,,,,161.0,206.0
214,214,24,Low,78,12,166.0,24.517155403735345,116.96568919252931,215.0343108074707,192.0,211.0
214,214,24,Medium,90,11,121.27272727272727,53.14149209250886,14.989743087709542,227.555711457745,205.0,206.0
214,214,24,High,46,1,161.0,,,,161.0,207.0
215,215,24,Low,78,12,166.0,24.517155403735345,116.96568919252931,215.0343108074707,192.0,212.0
215,215,24,Medium,91,11,121.27272727272727,53.14149209250886,14.989743087709542,227.555711457745,205.0,207.0
215,215,24,High,46,1,161.0,,,,161.0,208.0
216,216,26,Low,79,12,166.0,24.517155403735345,116.96568919252931,215.0343108074707,192.0,213.0
216,216,26,Medium,91,13,114.53846153846153,53.57800448040748,7.382452577646575,221.6944704992765,205.0,208.0
216,216,26,High,46,1,161.0,,,,161.0,209.0
217,217,27,Low,80,13,162.6153846153846,26.456059361195067,109.70326589299448,215.52750333777476,192.0,214.0
217,217,27,Medium,91,13,114.53846153846153,53.57800448040748,7.382452577646575,221.6944704992765,205.0,209.0
217,217,27,High,46,1,161.0,,,,161.0,210.0
218,218,27,Low,80,13,162.6153846153846,26.456059361195067,109.70326589299448,215.52750333777476,192.0,215.0
218,218,27,Medium,91,13,114.53846153846153,53.57800448040748,7.382452577646575,221.6944704992765,205.0,210.0
218,218,27,High,47,1,161.0,,,,161.0,211.0
219,219,28,Low,80,14,166.28571428571428,28.890851816471574,108.50401065277113,224.06741791865744,214.0,216.0
219,219,28,Medium,92,13,114.53846153846153,53.57800448040748,7.382452577646575,221.6944704992765,205.0,211.0
219,219,28,High,47,1,161.0,,,,161.0,212.0
220,220,28,Low,80,14,166.28571428571428,28.890851816471574,108.50401065277113,224.06741791865744,214.0,217.0
220,220,28,Medium,93,13,114.53846153846153,53.57800448040748,7.382452577646575,221.6944704992765,205.0,212.0
220,220,28,High,47,1,161.0,,,,161.0,213.0
221,221,29,Low,80,14,166.28571428571428,28.890851816471574,108.50401065277113,224.06741791865744,214.0,218.0
221,221,29,Medium,94,14,118.0,53.08049040408784,11.83901919182432,224.16098080817568,205.0,213.0
221,221,29,High,47,1,161.0,,,,161.0,214.0
222,222,30,Low,80,14,166.28571428571428,28.890851816471574,108.50401065277113,224.06741791865744,214.0,219.0
222,222,30,Medium,94,15,119.6,51.523642284738706,16.552715430522582,222.6472845694774,205.0,214.0
222,222,30,High,48,1,161.0,,,,161.0,215.0
223,223,31,Low,80,14,166.28571428571428,28.890851816471574,108.50401065277113,224.06741791865744,214.0,220.0
223,223,31,Medium,94,16,122.9375,51.535707685707266,19.86608462858547,226.00891537141453,205.0,215.0
223,223,31,High,49,1,161.0,,,,161.0,216.0
224,224,31,Low,81,14,166.28571428571428,28.890851816471574,108.50401065277113,224.06741791865744,214.0,221.0
224,224,31,Medium,94,16,122.9375,51.535707685707266,19.86608462858547,226.00891537141453,205.0,216.0
224,224,31,High,49,1,161.0,,,,161.0,217.0
225,225,33,Low,81,15,165.6,27.96630625796488,109.66738748407023,221.53261251592977,214.0,222.0
225,225,33,Medium,95,17,119.05882352941177,52.3992731202391,14.260277288933565,223.85736976988997,205.0,217.0
225,225,33,High,49,1,161.0,,,,161.0,218.0
226,226,34,Low,81,16,167.125,27.69807454198456,111.72885091603088,222.52114908396914,214.0,223.0
226,226,34,Medium,95,17,119.05882352941177,52.3992731202391,14.260277288933565,223.85736976988997,205.0,218.0
226,226,34,High,50,1,161.0,,,,161.0,219.0
227,227,35,Low,81,16,167.125,27.69807454198456,111.72885091603088,222.52114908396914,214.0,224.0
227,227,35,Medium,95,17,119.05882352941177,52.3992731202391,14.260277288933565,223.85736976988997,205.0,219.0
227,227,35,High,51,2,179.0,25.45584412271571,128.08831175456856,229.91168824543144,197.0,220.0
228,228,36,Low,82,17,163.58823529411765,30.526748155366572,102.5347389833845,224.6417316048508,214.0,225.0
228,228,36,Medium,95,17,119.05882352941177,52.3992731202391,14.260277288933565,223.85736976988997,205.0,220.0
228,228,36,High,51,2,179.0,25.45584412271571,128.08831175456856,229.91168824543144,197.0,221.0
229,229,37,Low,82,17,163.58823529411765,30.526748155366572,102.5347389833845,224.6417316048508,214.0,226.0
229,229,37,Medium,95,17,119.05882352941177,52.3992731202391,14.260277288933565,223.85736976988997,205.0,221.0
229,229,37,High,52,3,190.0,26.210684844162312,137.57863031167537,242.42136968832463,212.0,222.0
230,230,37,Low,82,17,163.58823529411765,30.526748155366572,102.5347389833845,224.6417316048508,214.0,227.0
230,230,37,Medium,96,17,119.05882352941177,52.3992731202391,14.260277288933565,223.85736976988997,205.0,222.0
230,230,37,High,52,3,190.0,26.210684844162312,137.57863031167537,242.42136968832463,212.0,223.0
231,231,38,Low,82,18,165.61111111111111,30.83378378049347,103.94354355012418,227.27867867209807,214.0,228.0
231,231,38,Medium,97,17,119.05882352941177,52.3992731202391,14.260277288933565,223.85736976988997,205.0,223.0
231,231,38,High,52,3,190.0,26.210684844162312,137.57863031167537,242.42136968832463,212.0,224.0
232,232,38,Low,83,18,165.61111111111111,30.83378378049347,103.94354355012418,227.27867867209807,214.0,229.0
232,232,38,Medium,97,17,119.05882352941177,52.3992731202391,14.260277288933565,223.85736976988997,205.0,224.0
232,232,38,High,52,3,190.0,26.210684844162312,137.57863031167537,242.42136968832463,212.0,225.0
233,233,39,Low,83,19,166.57894736842104,30.26056434348119,106.05781868145866,227.10007605538343,214.0,230.0
233,233,39,Medium,98,17,119.05882352941177,52.3992731202391,14.260277288933565,223.85736976988997,205.0,225.0
233,233,39,High,52,3,190.0,26.210684844162312,137.57863031167537,242.42136968832463,212.0,226.0
234,234,39,Low,83,19,166.57894736842104,30.26056434348119,106.05781868145866,227.10007605538343,214.0,231.0
234,234,39,Medium,99,17,119.05882352941177,52.3992731202391,14.260277288933565,223.85736976988997,205.0,226.0
234,234,39,High,52,3,190.0,26.210684844162312,137.57863031167537,242.42136968832463,212.0,227.0
235,235,39,Low,84,19,166.57894736842104,30.26056434348119,106.05781868145866,227.10007605538343,214.0,232.0
235,235,39,Medium,99,17,119.05882352941177,52.3992731202391,14.260277288933565,223.85736976988997,205.0,227.0
235,235,39,High,52,3,190.0,26.210684844162312,137.57863031167537,242.42136968832463,212.0,228.0
236,236,40,Low,84,19,166.57894736842104,30.26056434348119,106.05781868145866,227.10007605538343,214.0,233.0
236,236,40,Medium,100,18,123.5,54.21444348467428,15.071113030651446,231.92888696934855,205.0,228.0
236,236,40,High,52,3,190.0,26.210684844162312,137.57863031167537,242.42136968832463,212.0,229.0
237,237,40,Low,84,19,166.57894736842104,30.26056434348119,106.05781868145866,227.10007605538343,214.0,234.0
237,237,40,Medium,101,18,123.5,54.21444348467428,15.071113030651446,231.92888696934855,205.0,229.0
237,237,40,High,52,3,190.0,26.210684844162312,137.57863031167537,242.42136968832463,212.0,230.0
238,238,41,Low,84,19,166.57894736842104,30.26056434348119,106.05781868145866,227.10007605538343,214.0,235.0
238,238,41,Medium,102,19,125.10526315789474,53.14957377987576,18.806115598143222,231.40441071764627,205.0,230.0
238,238,41,High,52,3,190.0,26.210684844162312,137.57863031167537,242.42136968832463,212.0,231.0
239,239,41,Low,84,19,166.57894736842104,30.26056434348119,106.05781868145866,227.10007605538343,214.0,236.0
239,239,41,Medium,103,19,125.10526315789474,53.14957377987576,18.806115598143222,231.40441071764627,205.0,231.0
239,239,41,High,52,3,190.0,26.210684844162312,137.57863031167537,242.42136968832463,212.0,232.0
240,240,42,Low,84,20,166.4,29.46434062423683,107.47131875152635,225.32868124847366,214.0,237.0
240,240,42,Medium,103,19,125.10526315789474,53.14957377987576,18.806115598143222,231.40441071764627,205.0,232.0
240,240,42,High,53,3,190.0,26.210684844162312,137.57863031167537,242.42136968832463,212.0,233.0
241,241,42,Low,84,20,166.4,29.46434062423683,107.47131875152635,225.32868124847366,214.0,238.0
241,241,42,Medium,104,19,125.10526315789474,53.14957377987576,18.806115598143222,231.40441071764627,205.0,233.0
241,241,42,High,53,3,190.0,26.210684844162312,137.57863031167537,242.42136968832463,212.0,234.0
242,242,42,Low,85,20,166.4,29.46434062423683,107.47131875152635,225.32868124847366,214.0,239.0
242,242,42,Medium,104,19,125.10526315789474,53.14957377987576,18.806115598143222,231.40441071764627,205.0,234.0
242,242,42,High,53,3,190.0,26.210684844162312,137.57863031167537,242.42136968832463,212.0,235.0
243,243,43,Low,85,21,165.33333333333334,29.13131190546237,107.0707095224086,223.59595714425808,214.0,240.0
243,243,43,Medium,105,19,125.10526315789474,53.14957377987576,18.806115598143222,231.40441071764627,205.0,235.0
243,243,43,High,53,3,190.0,26.210684844162312,137.57863031167537,242.42136968832463,212.0,236.0
244,244,43,Low,85,21,165.33333333333334,29.13131190546237,107.0707095224086,223.59595714425808,214.0,241.0
244,244,43,Medium,106,19,125.10526315789474,53.14957377987576,18.806115598143222,231.40441071764627,205.0,236.0
244,244,43,High,53,3,190.0,26.210684844162312,137.57863031167537,242.42136968832463,212.0,237.0
245,245,43,Low,85,21,165.33333333333334,29.13131190546237,107.0707095224086,223.59595714425808,214.0,242.0
245,245,43,Medium,107,19,125.10526315789474,53.14957377987576,18.806115598143222,231.40441071764627,205.0,237.0
245,245,43,High,53,3,190.0,26.210684844162312,137.57863031167537,242.42136968832463,212.0,238.0
246,246,44,Low,86,21,165.33333333333334,29.13131190546237,107.0707095224086,223.59595714425808,214.0,243.0
246,246,44,Medium,107,20,130.75,57.56266608067932,15.624667838641358,245.87533216135864,238.0,232.0
246,246,44,High,53,3,190.0,26.210684844162312,137.57863031167537,242.42136968832463,212.0,239.0
247,247,45,Low,86,22,166.13636363636363,28.67767582823076,108.7810119799021,223.49171529282515,214.0,244.0
247,247,45,Medium,108,20,130.75,57.56266608067932,15.624667838641358,245.87533216135864,238.0,233.0
247,247,45,High,53,3,190.0,26.210684844162312,137.57863031167537,242.42136968832463,212.0,240.0
248,248,45,Low,87,22,166.13636363636363,28.67767582823076,108.7810119799021,223.49171529282515,214.0,245.0
248,248,45,Medium,108,20,130.75,57.56266608067932,15.624667838641358,245.87533216135864,238.0,234.0
248,248,45,High,53,3,190.0,26.210684844162312,137.57863031167537,242.42136968832463,212.0,241.0
249,249,45,Low,87,22,166.13636363636363,28.67767582823076,108.7810119799021,223.49171529282515,214.0,246.0
249,249,45,Medium,109,20,130.75,57.56266608067932,15.624667838641358,245.87533216135864,238.0,235.0
249,249,45,High,53,3,190.0,26.210684844162312,137.57863031167537,242.42136968832463,212.0,242.0
250,250,46,Low,87,22,166.13636363636363,28.67767582823076,108.7810119799021,223.49171529282515,214.0,247.0
250,250,46,Medium,110,21,133.42857142857142,57.43219604766252,18.564179333246372,248.29296352389645,238.0,236.0
250,250,46,High,53,3,190.0,26.210684844162312,137.57863031167537,242.42136968832463,212.0,243.0
251,251,46,Low,87,22,166.13636363636363,28.67767582823076,108.7810119799021,223.49171529282515,214.0,248.0
251,251,46,Medium,111,21,133.42857142857142,57.43219604766252,18.564179333246372,248.29296352389645,238.0,237.0
251,251,46,High,53,3,190.0,26.210684844162312,137.57863031167537,242.42136968832463,212.0,244.0
252,252,47,Low,87,23,168.43478260869566,30.108630727231265,108.21752115423313,228.6520440631582,219.0,249.0
252,252,47,Medium,112,21,133.42857142857142,57.43219604766252,18.564179333246372,248.29296352389645,238.0,238.0
252,252,47,High,53,3,190.0,26.210684844162312,137.57863031167537,242.42136968832463,212.0,245.0
253,253,47,Low,87,23,168.43478260869566,30.108630727231265,108.21752115423313,228.6520440631582,219.0,250.0
253,253,47,Medium,112,21,133.42857142857142,57.43219604766252,18.564179333246372,248.29296352389645,238.0,239.0
253,253,47,High,54,3,190.0,26.210684844162312,137.57863031167537,242.42136968832463,212.0,246.0
254,254,49,Low,87,25,173.0,33.68728741429522,105.62542517140956,240.37457482859043,251.0,214.0
254,254,49,Medium,113,21,133.42857142857142,57.43219604766252,18.564179333246372,248.29296352389645,238.0,240.0
254,254,49,High,54,3,190.0,26.210684844162312,137.57863031167537,242.42136968832463,212.0,247.0
255,255,49,Low,87,25,173.0,33.68728741429522,105.62542517140956,240.37457482859043,251.0,215.0
255,255,49,Medium,114,21,133.42857142857142,57.43219604766252,18.564179333246372,248.29296352389645,238.0,241.0
255,255,49,High,54,3,190.0,26.210684844162312,137.57863031167537,242.42136968832463,212.0,248.0
256,256,49,Low,87,25,173.0,33.68728741429522,105.62542517140956,240.37457482859043,251.0,216.0
256,256,49,Medium,114,21,133.42857142857142,57.43219604766252,18.564179333246372,248.29296352389645,238.0,242.0
256,256,49,High,55,3,190.0,26.210684844162312,137.57863031167537,242.42136968832463,212.0,249.0
257,257,50,Low,87,26,172.46153846153845,33.12066517355081,106.22020811443683,238.70286880864006,251.0,217.0
257,257,50,Medium,115,21,133.42857142857142,57.43219604766252,18.564179333246372,248.29296352389645,238.0,243.0
257,257,50,High,55,3,190.0,26.210684844162312,137.57863031167537,242.42136968832463,212.0,250.0
258,258,50,Low,87,26,172.46153846153845,33.12066517355081,106.22020811443683,238.70286880864006,251.0,218.0
258,258,50,Medium,116,21,133.42857142857142,57.43219604766252,18.564179333246372,248.29296352389645,238.0,244.0
258,258,50,High,55,3,190.0,26.210684844162312,137.57863031167537,242.42136968832463,212.0,251.0
259,259,50,Low,87,26,172.46153846153845,33.12066517355081,106.22020811443683,238.70286880864006,251.0,219.0
259,259,50,Medium,116,21,133.42857142857142,57.43219604766252,18.564179333246372,248.29296352389645,238.0,245.0
259,259,50,High,56,3,190.0,26.210684844162312,137.57863031167537,242.42136968832463,212.0,252.0
260,260,51,Low,88,26,172.46153846153845,33.12066517355081,106.22020811443683,238.70286880864006,251.0,220.0
260,260,51,Medium,116,22,138.54545454545453,60.97050596315072,16.60444261915309,260.486466471756,246.0,242.0
260,260,51,High,56,3,190.0,26.210684844162312,137.57863031167537,242.42136968832463,212.0,253.0
261,261,51,Low,88,26,172.46153846153845,33.12066517355081,106.22020811443683,238.70286880864006,251.0,221.0
261,261,51,Medium,116,22,138.54545454545453,60.97050596315072,16.60444261915309,260.486466471756,246.0,243.0
261,261,51,High,57,3,190.0,26.210684844162312,137.57863031167537,242.42136968832463,212.0,254.0
262,262,51,Low,88,26,172.46153846153845,33.12066517355081,106.22020811443683,238.70286880864006,251.0,222.0
262,262,51,Medium,116,22,138.54545454545453,60.97050596315072,16.60444261915309,260.486466471756,246.0,244.0
262,262,51,High,58,3,190.0,26.210684844162312,137.57863031167537,242.42136968832463,212.0,255.0
263,263,51,Low,88,26,172.46153846153845,33.12066517355081,106.22020811443683,238.70286880864006,251.0,223.0
263,263,51,Medium,117,22,138.54545454545453,60.97050596315072,16.60444261915309,260.486466471756,246.0,245.0
263,263,51,High,58,3,190.0,26.210684844162312,137.57863031167537,242.42136968832463,212.0,256.0
264,264,52,Low,89,27,170.5185185185185,34.010598314654764,102.49732188920898,238.53971514782802,251.0,224.0
264,264,52,Medium,117,22,138.54545454545453,60.97050596315072,16.60444261915309,260.486466471756,246.0,246.0
264,264,52,High,58,3,190.0,26.210684844162312,137.57863031167537,242.42136968832463,212.0,257.0
265,265,52,Low,89,27,170.5185185185185,34.010598314654764,102.49732188920898,238.53971514782802,251.0,225.0
265,265,52,Medium,118,22,138.54545454545453,60.97050596315072,16.60444261915309,260.486466471756,246.0,247.0
265,265,52,High,58,3,190.0,26.210684844162312,137.57863031167537,242.42136968832463,212.0,258.0
266,266,52,Low,90,27,170.5185185185185,34.010598314654764,102.49732188920898,238.53971514782802,251.0,226.0
266,266,52,Medium,118,22,138.54545454545453,60.97050596315072,16.60444261915309,260.486466471756,246.0,248.0
266,266,52,High,58,3,190.0,26.210684844162312,137.57863031167537,242.42136968832463,212.0,259.0
267,267,53,Low,90,27,170.5185185185185,34.010598314654764,102.49732188920898,238.53971514782802,251.0,227.0
267,267,53,Medium,118,22,138.54545454545453,60.97050596315072,16.60444261915309,260.486466471756,246.0,249.0
267,267,53,High,59,4,207.0,40.17461885320133,126.65076229359734,287.3492377064027,258.0,260.0
268,268,54,Low,90,27,170.5185185185185,34.010598314654764,102.49732188920898,238.53971514782802,251.0,228.0
268,268,54,Medium,119,23,140.0,59.97575267631836,20.048494647363285,259.95150535263673,246.0,250.0
268,268,54,High,59,4,207.0,40.17461885320133,126.65076229359734,287.3492377064027,258.0,261.0
269,269,54,Low,90,27,170.5185185185185,34.010598314654764,102.49732188920898,238.53971514782802,251.0,229.0
269,269,54,Medium,120,23,140.0,59.97575267631836,20.048494647363285,259.95150535263673,246.0,251.0
269,269,54,High,59,4,207.0,40.17461885320133,126.65076229359734,287.3492377064027,258.0,262.0
270,270,56,Low,90,28,172.46428571428572,34.92688887000338,102.61050797427896,242.31806345429248,251.0,230.0
270,270,56,Medium,121,24,142.29166666666666,59.722167733937624,22.84733119879141,261.7360021345419,246.0,252.0
270,270,56,High,59,4,207.0,40.17461885320133,126.65076229359734,287.3492377064027,258.0,263.0
271,271,57,Low,90,29,174.10344827586206,35.41523565156891,103.27297697272424,244.9339195789999,251.0,231.0
271,271,57,Medium,122,24,142.29166666666666,59.722167733937624,22.84733119879141,261.7360021345419,246.0,253.0
271,271,57,High,59,4,207.0,40.17461885320133,126.65076229359734,287.3492377064027,258.0,264.0
272,272,58,Low,90,30,174.93333333333334,35.09487960817993,104.74357411697348,245.12309254969318,251.0,232.0
272,272,58,Medium,122,24,142.29166666666666,59.722167733937624,22.84733119879141,261.7360021345419,246.0,254.0
272,272,58,High,60,4,207.0,40.17461885320133,126.65076229359734,287.3492377064027,258.0,265.0
273,273,58,Low,90,30,174.93333333333334,35.09487960817993,104.74357411697348,245.12309254969318,251.0,233.0
273,273,58,Medium,123,24,142.29166666666666,59.722167733937624,22.84733119879141,261.7360021345419,246.0,255.0
273,273,58,High,60,4,207.0,40.17461885320133,126.65076229359734,287.3492377064027,258.0,266.0
274,274,58,Low,90,30,174.93333333333334,35.09487960817993,104.74357411697348,245.12309254969318,251.0,234.0
274,274,58,Medium,124,24,142.29166666666666,59.722167733937624,22.84733119879141,261.7360021345419,246.0,256.0
274,274,58,High,60,4,207.0,40.17461885320133,126.65076229359734,287.3492377064027,258.0,267.0
275,275,59,Low,90,31,172.90322580645162,36.30918601741592,100.28485377161978,245.52159784128344,251.0,235.0
275,275,59,Medium,125,24,142.29166666666666,59.722167733937624,22.84733119879141,261.7360021345419,246.0,257.0
275,275,59,High,60,4,207.0,40.17461885320133,126.65076229359734,287.3492377064027,258.0,268.0
276,276,61,Low,90,32,173.75,36.038509868589,101.672980262822,245.827019737178,251.0,236.0
276,276,61,Medium,126,25,146.92,62.87813610469064,21.163727790618708,272.6762722093813,258.0,257.0
276,276,61,High,60,4,207.0,40.17461885320133,126.65076229359734,287.3492377064027,258.0,269.0
277,277,61,Low,90,32,173.75,36.038509868589,101.672980262822,245.827019737178,251.0,237.0
277,277,61,Medium,126,25,146.92,62.87813610469064,21.163727790618708,272.6762722093813,258.0,258.0
277,277,61,High,61,4,207.0,40.17461885320133,126.65076229359734,287.3492377064027,258.0,270.0
278,278,62,Low,91,33,173.54545454545453,35.49039562780587,102.5646632898428,244.52624580106627,251.0,238.0
278,278,62,Medium,126,25,146.92,62.87813610469064,21.163727790618708,272.6762722093813,258.0,259.0
278,278,62,High,61,4,207.0,40.17461885320133,126.65076229359734,287.3492377064027,258.0,271.0
279,279,62,Low,92,33,173.54545454545453,35.49039562780587,102.5646632898428,244.52624580106627,251.0,239.0
279,279,62,Medium,126,25,146.92,62.87813610469064,21.163727790618708,272.6762722093813,258.0,260.0
279,279,62,High,61,4,207.0,40.17461885320133,126.65076229359734,287.3492377064027,258.0,272.0
280,280,62,Low,92,33,173.54545454545453,35.49039562780587,102.5646632898428,244.52624580106627,251.0,240.0
280,280,62,Medium,127,25,146.92,62.87813610469064,21.163727790618708,272.6762722093813,258.0,261.0
280,280,62,High,61,4,207.0,40.17461885320133,126.65076229359734,287.3492377064027,258.0,273.0
281,281,62,Low,93,33,173.54545454545453,35.49039562780587,102.5646632898428,244.52624580106627,251.0,241.0
281,281,62,Medium,127,25,146.92,62.87813610469064,21.163727790618708,272.6762722093813,258.0,262.0
281,281,62,High,61,4,207.0,40.17461885320133,126.65076229359734,287.3492377064027,258.0,274.0
282,282,62,Low,94,33,173.54545454545453,35.49039562780587,102.5646632898428,244.52624580106627,251.0,242.0
282,282,62,Medium,127,25,146.92,62.87813610469064,21.163727790618708,272.6762722093813,258.0,263.0
282,282,62,High,61,4,207.0,40.17461885320133,126.65076229359734,287.3492377064027,258.0,275.0
283,283,62,Low,94,33,173.54545454545453,35.49039562780587,102.5646632898428,244.52624580106627,251.0,243.0
283,283,62,Medium,128,25,146.92,62.87813610469064,21.163727790618708,272.6762722093813,258.0,264.0
283,283,62,High,61,4,207.0,40.17461885320133,126.65076229359734,287.3492377064027,258.0,276.0
284,284,62,Low,94,33,173.54545454545453,35.49039562780587,102.5646632898428,244.52624580106627,251.0,244.0
284,284,62,Medium,128,25,146.92,62.87813610469064,21.163727790618708,272.6762722093813,258.0,265.0
284,284,62,High,62,4,207.0,40.17461885320133,126.65076229359734,287.3492377064027,258.0,277.0
285,285,62,Low,94,33,173.54545454545453,35.49039562780587,102.5646632898428,244.52624580106627,251.0,245.0
285,285,62,Medium,129,25,146.92,62.87813610469064,21.163727790618708,272.6762722093813,258.0,266.0
285,285,62,High,62,4,207.0,40.17461885320133,126.65076229359734,287.3492377064027,258.0,278.0
286,286,62,Low,94,33,173.54545454545453,35.49039562780587,102.5646632898428,244.52624580106627,251.0,246.0
286,286,62,Medium,130,25,146.92,62.87813610469064,21.163727790618708,272.6762722093813,258.0,267.0
286,286,62,High,62,4,207.0,40.17461885320133,126.65076229359734,287.3492377064027,258.0,279.0
287,287,62,Low,95,33,173.54545454545453,35.49039562780587,102.5646632898428,244.52624580106627,251.0,247.0
287,287,62,Medium,130,25,146.92,62.87813610469064,21.163727790618708,272.6762722093813,258.0,268.0
287,287,62,High,62,4,207.0,40.17461885320133,126.65076229359734,287.3492377064027,258.0,280.0
288,288,63,Low,96,33,173.54545454545453,35.49039562780587,102.5646632898428,244.52624580106627,251.0,248.0
288,288,63,Medium,130,25,146.92,62.87813610469064,21.163727790618708,272.6762722093813,258.0,269.0
288,288,63,High,62,5,218.0,42.60868456077939,132.78263087844124,303.21736912155876,262.0,281.0
289,289,65,Low,97,35,175.37142857142857,35.248767783457346,104.87389300451387,245.86896413834324,251.0,249.0
289,289,65,Medium,130,25,146.92,62.87813610469064,21.163727790618708,272.6762722093813,258.0,270.0
289,289,65,High,62,5,218.0,42.60868456077939,132.78263087844124,303.21736912155876,262.0,282.0
290,290,65,Low,97,35,175.37142857142857,35.248767783457346,104.87389300451387,245.86896413834324,251.0,250.0
290,290,65,Medium,131,25,146.92,62.87813610469064,21.163727790618708,272.6762722093813,258.0,271.0
290,290,65,High,62,5,218.0,42.60868456077939,132.78263087844124,303.21736912155876,262.0,283.0
291,291,65,Low,97,35,175.37142857142857,35.248767783457346,104.87389300451387,245.86896413834324,251.0,251.0
291,291,65,Medium,132,25,146.92,62.87813610469064,21.163727790618708,272.6762722093813,258.0,272.0
291,291,65,High,62,5,218.0,42.60868456077939,132.78263087844124,303.21736912155876,262.0,284.0
292,292,66,Low,97,36,175.19444444444446,34.75779003696824,105.67886437050798,244.71002451838092,251.0,252.0
292,292,66,Medium,132,25,146.92,62.87813610469064,21.163727790618708,272.6762722093813,258.0,273.0
292,292,66,High,63,5,218.0,42.60868456077939,132.78263087844124,303.21736912155876,262.0,285.0
293,293,67,Low,97,36,175.19444444444446,34.75779003696824,105.67886437050798,244.71002451838092,251.0,253.0
293,293,67,Medium,132,26,147.3846153846154,61.653273666903964,24.07806805080746,270.6911627184233,258.0,274.0
293,293,67,High,64,5,218.0,42.60868456077939,132.78263087844124,303.21736912155876,262.0,286.0
294,294,67,Low,98,36,175.19444444444446,34.75779003696824,105.67886437050798,244.71002451838092,251.0,254.0
294,294,67,Medium,132,26,147.3846153846154,61.653273666903964,24.07806805080746,270.6911627184233,258.0,275.0
294,294,67,High,64,5,218.0,42.60868456077939,132.78263087844124,303.21736912155876,262.0,287.0
295,295,68,Low,99,37,176.1891891891892,34.801690442529626,106.58580830412994,245.79257007424843,251.0,255.0
295,295,68,Medium,132,26,147.3846153846154,61.653273666903964,24.07806805080746,270.6911627184233,258.0,276.0
295,295,68,High,64,5,218.0,42.60868456077939,132.78263087844124,303.21736912155876,262.0,288.0
296,296,68,Low,100,37,176.1891891891892,34.801690442529626,106.58580830412994,245.79257007424843,251.0,256.0
296,296,68,Medium,132,26,147.3846153846154,61.653273666903964,24.07806805080746,270.6911627184233,258.0,277.0
296,296,68,High,64,5,218.0,42.60868456077939,132.78263087844124,303.21736912155876,262.0,289.0
297,297,69,Low,100,37,176.1891891891892,34.801690442529626,106.58580830412994,245.79257007424843,251.0,257.0
297,297,69,Medium,133,27,151.22222222222223,63.65975261155279,23.90271699911665,278.5417274453278,258.0,278.0
297,297,69,High,64,5,218.0,42.60868456077939,132.78263087844124,303.21736912155876,262.0,290.0
298,298,70,Low,100,37,176.1891891891892,34.801690442529626,106.58580830412994,245.79257007424843,251.0,258.0
298,298,70,Medium,134,28,151.78571428571428,62.540864947326945,26.703984391060388,276.8674441803682,258.0,279.0
298,298,70,High,64,5,218.0,42.60868456077939,132.78263087844124,303.21736912155876,262.0,291.0
299,299,70,Low,100,37,176.1891891891892,34.801690442529626,106.58580830412994,245.79257007424843,251.0,259.0
299,299,70,Medium,135,28,151.78571428571428,62.540864947326945,26.703984391060388,276.8674441803682,258.0,280.0
299,299,70,High,64,5,218.0,42.60868456077939,132.78263087844124,303.21736912155876,262.0,292.0
300,300,70,Low,100,37,176.1891891891892,34.801690442529626,106.58580830412994,245.79257007424843,251.0,260.0
300,300,70,Medium,136,28,151.78571428571428,62.540864947326945,26.703984391060388,276.8674441803682,258.0,281.0
300,300,70,High,64,5,218.0,42.60868456077939,132.78263087844124,303.21736912155876,262.0,293.0
301,301,71,Low,101,38,177.1315789473684,34.816252070697615,107.49907480597318,246.76408308876364,251.0,261.0
301,301,71,Medium,136,28,151.78571428571428,62.540864947326945,26.703984391060388,276.8674441803682,258.0,282.0
301,301,71,High,64,5,218.0,42.60868456077939,132.78263087844124,303.21736912155876,262.0,294.0
302,302,71,Low,101,38,177.1315789473684,34.816252070697615,107.49907480597318,246.76408308876364,251.0,262.0
302,302,71,Medium,136,28,151.78571428571428,62.540864947326945,26.703984391060388,276.8674441803682,258.0,283.0
302,302,71,High,65,5,218.0,42.60868456077939,132.78263087844124,303.21736912155876,262.0,295.0
303,303,72,Low,102,39,174.94871794871796,36.960824721623354,101.02706850547125,248.87036739196466,251.0,263.0
303,303,72,Medium,136,28,151.78571428571428,62.540864947326945,26.703984391060388,276.8674441803682,258.0,284.0
303,303,72,High,65,5,218.0,42.60868456077939,132.78263087844124,303.21736912155876,262.0,296.0
304,304,73,Low,102,40,174.625,36.54129206310343,101.54241587379315,247.70758412620685,251.0,264.0
304,304,73,Medium,136,28,151.78571428571428,62.540864947326945,26.703984391060388,276.8674441803682,258.0,285.0
304,304,73,High,66,5,218.0,42.60868456077939,132.78263087844124,303.21736912155876,262.0,297.0
305,305,74,Low,102,41,175.1951219512195,36.265837583182275,102.66344678485495,247.72679711758406,251.0,265.0
305,305,74,Medium,137,28,151.78571428571428,62.540864947326945,26.703984391060388,276.8674441803682,258.0,286.0
305,305,74,High,66,5,218.0,42.60868456077939,132.78263087844124,303.21736912155876,262.0,298.0
306,306,74,Low,102,41,175.1951219512195,36.265837583182275,102.66344678485495,247.72679711758406,251.0,266.0
306,306,74,Medium,138,28,151.78571428571428,62.540864947326945,26.703984391060388,276.8674441803682,258.0,287.0
306,306,74,High,66,5,218.0,42.60868456077939,132.78263087844124,303.21736912155876,262.0,299.0
307,307,74,Low,103,41,175.1951219512195,36.265837583182275,102.66344678485495,247.72679711758406,251.0,267.0
307,307,74,Medium,138,28,151.78571428571428,62.540864947326945,26.703984391060388,276.8674441803682,258.0,288.0
307,307,74,High,66,5,218.0,42.60868456077939,132.78263087844124,303.21736912155876,262.0,300.0
308,308,75,Low,103,41,175.1951219512195,36.265837583182275,102.66344678485495,247.72679711758406,251.0,268.0
308,308,75,Medium,138,29,150.86206896551724,61.61500520973016,27.632058546056925,274.0920793849775,258.0,289.0
308,308,75,High,67,5,218.0,42.60868456077939,132.78263087844124,303.21736912155876,262.0,301.0
309,309,75,Low,103,41,175.1951219512195,36.265837583182275,102.66344678485495,247.72679711758406,251.0,269.0
309,309,75,Medium,139,29,150.86206896551724,61.61500520973016,27.632058546056925,274.0920793849775,258.0,290.0
309,309,75,High,67,5,218.0,42.60868456077939,132.78263087844124,303.21736912155876,262.0,302.0
310,310,75,Low,103,41,175.1951219512195,36.265837583182275,102.66344678485495,247.72679711758406,251.0,270.0
310,310,75,Medium,140,29,150.86206896551724,61.61500520973016,27.632058546056925,274.0920793849775,258.0,291.0
310,310,75,High,67,5,218.0,42.60868456077939,132.78263087844124,303.21736912155876,262.0,303.0
311,311,75,Low,103,41,175.1951219512195,36.265837583182275,102.66344678485495,247.72679711758406,251.0,271.0
311,311,75,Medium,141,29,150.86206896551724,61.61500520973016,27.632058546056925,274.0920793849775,258.0,292.0
311,311,75,High,67,5,218.0,42.60868456077939,132.78263087844124,303.21736912155876,262.0,304.0
312,312,77,Low,103,42,174.16666666666666,36.43565438645374,101.29535789375917,247.03797543957415,251.0,272.0
312,312,77,Medium,142,30,154.2,63.24359037987906,27.71281924024187,280.6871807597581,258.0,293.0
312,312,77,High,67,5,218.0,42.60868456077939,132.78263087844124,303.21736912155876,262.0,305.0
313,313,78,Low,103,43,172.69767441860466,37.265798748553124,98.16607692149842,247.2292719157109,251.0,273.0
313,313,78,Medium,143,30,154.2,63.24359037987906,27.71281924024187,280.6871807597581,258.0,294.0
313,313,78,High,67,5,218.0,42.60868456077939,132.78263087844124,303.21736912155876,262.0,306.0
314,314,79,Low,103,44,172.61363636363637,36.834144870348354,98.94534662293967,246.28192610433308,251.0,274.0
314,314,79,Medium,144,30,154.2,63.24359037987906,27.71281924024187,280.6871807597581,258.0,295.0
314,314,79,High,67,5,218.0,42.60868456077939,132.78263087844124,303.21736912155876,262.0,307.0
315,315,80,Low,103,45,174.8,39.255920225200086,96.28815954959984,253.31184045040018,271.0,275.0
315,315,80,Medium,145,30,154.2,63.24359037987906,27.71281924024187,280.6871807597581,258.0,296.0
315,315,80,High,67,5,218.0,42.60868456077939,132.78263087844124,303.21736912155876,262.0,308.0
316,316,80,Low,104,45,174.8,39.255920225200086,96.28815954959984,253.31184045040018,271.0,276.0
316,316,80,Medium,145,30,154.2,63.24359037987906,27.71281924024187,280.6871807597581,258.0,297.0
316,316,80,High,67,5,218.0,42.60868456077939,132.78263087844124,303.21736912155876,262.0,309.0
317,317,80,Low,105,45,174.8,39.255920225200086,96.28815954959984,253.31184045040018,271.0,277.0
317,317,80,Medium,145,30,154.2,63.24359037987906,27.71281924024187,280.6871807597581,258.0,298.0
317,317,80,High,67,5,218.0,42.60868456077939,132.78263087844124,303.21736912155876,262.0,310.0
318,318,80,Low,105,45,174.8,39.255920225200086,96.28815954959984,253.31184045040018,271.0,278.0
318,318,80,Medium,146,30,154.2,63.24359037987906,27.71281924024187,280.6871807597581,258.0,299.0
318,318,80,High,67,5,218.0,42.60868456077939,132.78263087844124,303.21736912155876,262.0,311.0
319,319,81,Low,105,46,172.58695652173913,41.61814566158827,89.35066519856258,255.82324784491567,271.0,279.0
319,319,81,Medium,147,30,154.2,63.24359037987906,27.71281924024187,280.6871807597581,258.0,300.0
319,319,81,High,67,5,218.0,42.60868456077939,132.78263087844124,303.21736912155876,262.0,312.0
320,320,82,Low,106,47,173.19148936170214,41.37140279798003,90.44868376574208,255.9342949576622,271.0,280.0
320,320,82,Medium,147,30,154.2,63.24359037987906,27.71281924024187,280.6871807597581,258.0,301.0
320,320,82,High,67,5,218.0,42.60868456077939,132.78263087844124,303.21736912155876,262.0,313.0
321,321,83,Low,106,48,173.72916666666666,41.09808691687425,91.53299283291815,255.92534050041516,271.0,281.0
321,321,83,Medium,148,30,154.2,63.24359037987906,27.71281924024187,280.6871807597581,258.0,302.0
321,321,83,High,67,5,218.0,42.60868456077939,132.78263087844124,303.21736912155876,262.0,314.0
322,322,83,Low,106,48,173.72916666666666,41.09808691687425,91.53299283291815,255.92534050041516,271.0,282.0
322,322,83,Medium,148,30,154.2,63.24359037987906,27.71281924024187,280.6871807597581,258.0,303.0
322,322,83,High,68,5,218.0,42.60868456077939,132.78263087844124,303.21736912155876,262.0,315.0
323,323,83,Low,107,48,173.72916666666666,41.09808691687425,91.53299283291815,255.92534050041516,271.0,283.0
323,323,83,Medium,148,30,154.2,63.24359037987906,27.71281924024187,280.6871807597581,258.0,304.0
323,323,83,High,68,5,218.0,42.60868456077939,132.78263087844124,303.21736912155876,262.0,316.0
324,324,83,Low,107,48,173.72916666666666,41.09808691687425,91.53299283291815,255.92534050041516,271.0,284.0
324,324,83,Medium,149,30,154.2,63.24359037987906,27.71281924024187,280.6871807597581,258.0,305.0
324,324,83,High,68,5,218.0,42.60868456077939,132.78263087844124,303.21736912155876,262.0,317.0
325,325,84,Low,108,49,175.0204081632653,41.660077710320365,91.70025274262457,258.34056358390603,271.0,285.0
325,325,84,Medium,149,30,154.2,63.24359037987906,27.71281924024187,280.6871807597581,258.0,306.0
325,325,84,High,68,5,218.0,42.60868456077939,132.78263087844124,303.21736912155876,262.0,318.0
326,326,84,Low,108,49,175.0204081632653,41.660077710320365,91.70025274262457,258.34056358390603,271.0,286.0
326,326,84,Medium,149,30,154.2,63.24359037987906,27.71281924024187,280.6871807597581,258.0,307.0
326,326,84,High,69,5,218.0,42.60868456077939,132.78263087844124,303.21736912155876,262.0,319.0
327,327,84,Low,108,49,175.0204081632653,41.660077710320365,91.70025274262457,258.34056358390603,271.0,287.0
327,327,84,Medium,150,30,154.2,63.24359037987906,27.71281924024187,280.6871807597581,258.0,308.0
327,327,84,High,69,5,218.0,42.60868456077939,132.78263087844124,303.21736912155876,262.0,320.0
328,328,84,Low,109,49,175.0204081632653,41.660077710320365,91.70025274262457,258.34056358390603,271.0,288.0
328,328,84,Medium,150,30,154.2,63.24359037987906,27.71281924024187,280.6871807597581,258.0,309.0
328,328,84,High,69,5,218.0,42.60868456077939,132.78263087844124,303.21736912155876,262.0,321.0
329,329,84,Low,109,49,175.0204081632653,41.660077710320365,91.70025274262457,258.34056358390603,271.0,289.0
329,329,84,Medium,150,30,154.2,63.24359037987906,27.71281924024187,280.6871807597581,258.0,310.0
329,329,84,High,70,5,218.0,42.60868456077939,132.78263087844124,303.21736912155876,262.0,322.0
330,330,84,Low,109,49,175.0204081632653,41.660077710320365,91.70025274262457,258.34056358390603,271.0,290.0
330,330,84,Medium,150,30,154.2,63.24359037987906,27.71281924024187,280.6871807597581,258.0,311.0
330,330,84,High,71,5,218.0,42.60868456077939,132.78263087844124,303.21736912155876,262.0,323.0
331,331,85,Low,110,50,176.02,41.83421605161332,92.35156789677337,259.68843210322666,271.0,291.0
331,331,85,Medium,150,30,154.2,63.24359037987906,27.71281924024187,280.6871807597581,258.0,312.0
331,331,85,High,71,5,218.0,42.60868456077939,132.78263087844124,303.21736912155876,262.0,324.0
332,332,86,Low,110,50,176.02,41.83421605161332,92.35156789677337,259.68843210322666,271.0,292.0
332,332,86,Medium,150,31,156.61290322580646,63.615342708791474,29.382217808223515,283.8435886433894,258.0,313.0
332,332,86,High,72,5,218.0,42.60868456077939,132.78263087844124,303.21736912155876,262.0,325.0
333,333,86,Low,111,50,176.02,41.83421605161332,92.35156789677337,259.68843210322666,271.0,293.0
333,333,86,Medium,150,31,156.61290322580646,63.615342708791474,29.382217808223515,283.8435886433894,258.0,314.0
333,333,86,High,72,5,218.0,42.60868456077939,132.78263087844124,303.21736912155876,262.0,326.0
334,334,86,Low,112,50,176.02,41.83421605161332,92.35156789677337,259.68843210322666,271.0,294.0
334,334,86,Medium,150,31,156.61290322580646,63.615342708791474,29.382217808223515,283.8435886433894,258.0,315.0
334,334,86,High,72,5,218.0,42.60868456077939,132.78263087844124,303.21736912155876,262.0,327.0
335,335,87,Low,112,50,176.02,41.83421605161332,92.35156789677337,259.68843210322666,271.0,295.0
335,335,87,Medium,150,32,156.3125,62.60394582019622,31.104608359607553,281.52039164039246,258.0,316.0
335,335,87,High,73,5,218.0,42.60868456077939,132.78263087844124,303.21736912155876,262.0,328.0
336,336,88,Low,113,51,176.68627450980392,41.68620404694024,93.31386641592344,260.0586826036844,271.0,296.0
336,336,88,Medium,150,32,156.3125,62.60394582019622,31.104608359607553,281.52039164039246,258.0,317.0
336,336,88,High,73,5,218.0,42.60868456077939,132.78263087844124,303.21736912155876,262.0,329.0
337,337,89,Low,113,52,176.55769230769232,41.28590580451817,93.98588069865598,259.12950391672865,271.0,297.0
337,337,89,Medium,151,32,156.3125,62.60394582019622,31.104608359607553,281.52039164039246,258.0,318.0
337,337,89,High,73,5,218.0,42.60868456077939,132.78263087844124,303.21736912155876,262.0,330.0
338,338,89,Low,113,52,176.55769230769232,41.28590580451817,93.98588069865598,259.12950391672865,271.0,298.0
338,338,89,Medium,151,32,156.3125,62.60394582019622,31.104608359607553,281.52039164039246,258.0,319.0
338,338,89,High,74,5,218.0,42.60868456077939,132.78263087844124,303.21736912155876,262.0,331.0
339,339,90,Low,113,53,177.43396226415095,41.38167070741599,94.67062084931896,260.19730367898296,271.0,299.0
339,339,90,Medium,152,32,156.3125,62.60394582019622,31.104608359607553,281.52039164039246,258.0,320.0
339,339,90,High,74,5,218.0,42.60868456077939,132.78263087844124,303.21736912155876,262.0,332.0
340,340,90,Low,114,53,177.43396226415095,41.38167070741599,94.67062084931896,260.19730367898296,271.0,300.0
340,340,90,Medium,152,32,156.3125,62.60394582019622,31.104608359607553,281.52039164039246,258.0,321.0
340,340,90,High,74,5,218.0,42.60868456077939,132.78263087844124,303.21736912155876,262.0,333.0
341,341,90,Low,115,53,177.43396226415095,41.38167070741599,94.67062084931896,260.19730367898296,271.0,301.0
341,341,90,Medium,152,32,156.3125,62.60394582019622,31.104608359607553,281.52039164039246,258.0,322.0
341,341,90,High,74,5,218.0,42.60868456077939,132.78263087844124,303.21736912155876,262.0,334.0
342,342,91,Low,115,53,177.43396226415095,41.38167070741599,94.67062084931896,260.19730367898296,271.0,302.0
342,342,91,Medium,153,32,156.3125,62.60394582019622,31.104608359607553,281.52039164039246,258.0,323.0
342,342,91,High,74,6,236.83333333333334,59.837836413649406,117.15766050603453,356.50900616063217,331.0,335.0
343,343,93,Low,116,54,176.7037037037037,41.33919955666805,94.0253045903676,259.3821028170398,271.0,303.0
343,343,93,Medium,153,33,158.66666666666666,63.084599282762085,32.49746810114249,284.8358652321908,258.0,324.0
343,343,93,High,74,6,236.83333333333334,59.837836413649406,117.15766050603453,356.50900616063217,331.0,336.0
344,344,93,Low,116,54,176.7037037037037,41.33919955666805,94.0253045903676,259.3821028170398,271.0,304.0
344,344,93,Medium,154,33,158.66666666666666,63.084599282762085,32.49746810114249,284.8358652321908,258.0,325.0
344,344,93,High,74,6,236.83333333333334,59.837836413649406,117.15766050603453,356.50900616063217,331.0,337.0
345,345,93,Low,116,54,176.7037037037037,41.33919955666805,94.0253045903676,259.3821028170398,271.0,305.0
345,345,93,Medium,155,33,158.66666666666666,63.084599282762085,32.49746810114249,284.8358652321908,258.0,326.0
345,345,93,High,74,6,236.83333333333334,59.837836413649406,117.15766050603453,356.50900616063217,331.0,338.0
346,346,96,Low,116,55,177.36363636363637,41.246038479297496,94.87155940504138,259.8557133222314,271.0,306.0
346,346,96,Medium,155,35,164.62857142857143,67.01145016921744,30.605671090136553,298.65147176700634,312.0,327.0
346,346,96,High,75,6,236.83333333333334,59.837836413649406,117.15766050603453,356.50900616063217,331.0,339.0
347,347,97,Low,117,55,177.36363636363637,41.246038479297496,94.87155940504138,259.8557133222314,271.0,307.0
347,347,97,Medium,155,35,164.62857142857143,67.01145016921744,30.605671090136553,298.65147176700634,312.0,328.0
347,347,97,High,75,7,251.57142857142858,67.1139755511899,117.34347746904879,385.7993796738084,340.0,334.0
348,348,98,Low,117,56,177.125,40.90835100340983,95.30829799318035,258.94170200681964,271.0,308.0
348,348,98,Medium,156,35,164.62857142857143,67.01145016921744,30.605671090136553,298.65147176700634,312.0,329.0
348,348,98,High,75,7,251.57142857142858,67.1139755511899,117.34347746904879,385.7993796738084,340.0,335.0
349,349,98,Low,117,56,177.125,40.90835100340983,95.30829799318035,258.94170200681964,271.0,309.0
349,349,98,Medium,157,35,164.62857142857143,67.01145016921744,30.605671090136553,298.65147176700634,312.0,330.0
349,349,98,High,75,7,251.57142857142858,67.1139755511899,117.34347746904879,385.7993796738084,340.0,336.0
350,350,100,Low,117,56,177.125,40.90835100340983,95.30829799318035,258.94170200681964,271.0,310.0
350,350,100,Medium,158,37,171.59459459459458,72.0553257571567,27.483943080281193,315.705246108908,331.0,330.0
350,350,100,High,75,7,251.57142857142858,67.1139755511899,117.34347746904879,385.7993796738084,340.0,337.0
351,351,101,Low,117,57,177.80701754385964,40.86713602661121,96.07274549063722,259.5412895970821,271.0,311.0
351,351,101,Medium,159,37,171.59459459459458,72.0553257571567,27.483943080281193,315.705246108908,331.0,331.0
351,351,101,High,75,7,251.57142857142858,67.1139755511899,117.34347746904879,385.7993796738084,340.0,338.0
352,352,102,Low,117,57,177.80701754385964,40.86713602661121,96.07274549063722,259.5412895970821,271.0,312.0
352,352,102,Medium,160,37,171.59459459459458,72.0553257571567,27.483943080281193,315.705246108908,331.0,332.0
352,352,102,High,75,8,237.375,73.98057177394617,89.41385645210767,385.33614354789233,340.0,339.0
353,353,104,Low,117,57,177.80701754385964,40.86713602661121,96.07274549063722,259.5412895970821,271.0,313.0
353,353,104,Medium,161,38,173.60526315789474,72.14757379138213,29.31011557513048,317.900410740659,331.0,333.0
353,353,104,High,75,9,241.44444444444446,70.27110201055466,100.90224042333514,381.9866484655538,340.0,340.0
354,354,105,Low,117,57,177.80701754385964,40.86713602661121,96.07274549063722,259.5412895970821,271.0,314.0
354,354,105,Medium,161,39,177.0,74.28147038195503,28.437059236089937,325.5629407639101,331.0,334.0
354,354,105,High,76,9,241.44444444444446,70.27110201055466,100.90224042333514,381.9866484655538,340.0,341.0
355,355,106,Low,117,58,177.1206896551724,40.84290725695518,95.43487514126205,258.80650416908276,271.0,315.0
355,355,106,Medium,162,39,177.0,74.28147038195503,28.437059236089937,325.5629407639101,331.0,335.0
355,355,106,High,76,9,241.44444444444446,70.27110201055466,100.90224042333514,381.9866484655538,340.0,342.0
356,356,106,Low,118,58,177.1206896551724,40.84290725695518,95.43487514126205,258.80650416908276,271.0,316.0
356,356,106,Medium,162,39,177.0,74.28147038195503,28.437059236089937,325.5629407639101,331.0,336.0
356,356,106,High,76,9,241.44444444444446,70.27110201055466,100.90224042333514,381.9866484655538,340.0,343.0
357,357,106,Low,119,58,177.1206896551724,40.84290725695518,95.43487514126205,258.80650416908276,271.0,317.0
357,357,106,Medium,162,39,177.0,74.28147038195503,28.437059236089937,325.5629407639101,331.0,337.0
357,357,106,High,76,9,241.44444444444446,70.27110201055466,100.90224042333514,381.9866484655538,340.0,344.0
358,358,106,Low,119,58,177.1206896551724,40.84290725695518,95.43487514126205,258.80650416908276,271.0,318.0
358,358,106,Medium,163,39,177.0,74.28147038195503,28.437059236089937,325.5629407639101,331.0,338.0
358,358,106,High,76,9,241.44444444444446,70.27110201055466,100.90224042333514,381.9866484655538,340.0,345.0
359,359,106,Low,119,58,177.1206896551724,40.84290725695518,95.43487514126205,258.80650416908276,271.0,319.0
359,359,106,Medium,164,39,177.0,74.28147038195503,28.437059236089937,325.5629407639101,331.0,339.0
359,359,106,High,76,9,241.44444444444446,70.27110201055466,100.90224042333514,381.9866484655538,340.0,346.0
360,360,107,Low,120,58,177.1206896551724,40.84290725695518,95.43487514126205,258.80650416908276,271.0,320.0
360,360,107,Medium,164,39,177.0,74.28147038195503,28.437059236089937,325.5629407639101,331.0,340.0
360,360,107,High,76,10,240.4,66.33450585228374,107.73098829543252,373.0690117045675,340.0,347.0
361,361,110,Low,120,58,177.1206896551724,40.84290725695518,95.43487514126205,258.80650416908276,271.0,321.0
361,361,110,Medium,165,42,181.33333333333334,76.54383939673718,28.245654539858975,334.4210121268077,331.0,341.0
361,361,110,High,76,10,240.4,66.33450585228374,107.73098829543252,373.0690117045675,340.0,348.0
362,362,111,Low,120,58,177.1206896551724,40.84290725695518,95.43487514126205,258.80650416908276,271.0,322.0
362,362,111,Medium,165,43,183.4418604651163,76.88064414451343,29.68057217608944,337.20314875414317,331.0,342.0
362,362,111,High,77,10,240.4,66.33450585228374,107.73098829543252,373.0690117045675,340.0,349.0
363,363,113,Low,120,60,177.98333333333332,40.84426465003697,96.29480403325938,259.6718626334073,271.0,323.0
363,363,113,Medium,165,43,183.4418604651163,76.88064414451343,29.68057217608944,337.20314875414317,331.0,343.0
363,363,113,High,78,10,240.4,66.33450585228374,107.73098829543252,373.0690117045675,340.0,350.0
364,364,114,Low,120,61,178.40983606557376,40.63921630198279,97.13140346160817,259.68826866953935,271.0,324.0
364,364,114,Medium,166,43,183.4418604651163,76.88064414451343,29.68057217608944,337.20314875414317,331.0,344.0
364,364,114,High,78,10,240.4,66.33450585228374,107.73098829543252,373.0690117045675,340.0,351.0
365,365,115,Low,120,61,178.40983606557376,40.63921630198279,97.13140346160817,259.68826866953935,271.0,325.0
365,365,115,Medium,167,44,183.1818181818182,76.00100143993599,31.179815301946206,335.1838210616902,331.0,345.0
365,365,115,High,78,10,240.4,66.33450585228374,107.73098829543252,373.0690117045675,340.0,352.0
366,366,116,Low,120,61,178.40983606557376,40.63921630198279,97.13140346160817,259.68826866953935,271.0,326.0
366,366,116,Medium,168,45,181.64444444444445,75.83689302334545,29.97065839775354,333.31823049113535,331.0,346.0
366,366,116,High,78,10,240.4,66.33450585228374,107.73098829543252,373.0690117045675,340.0,353.0
367,367,118,Low,121,61,178.40983606557376,40.63921630198279,97.13140346160817,259.68826866953935,271.0,327.0
367,367,118,Medium,168,46,179.15217391304347,76.87102253957725,25.41012883388896,332.894218992198,331.0,347.0
367,367,118,High,78,11,231.72727272727272,69.1926165267522,93.34203967376831,370.11250578077716,340.0,354.0
368,368,120,Low,121,61,178.40983606557376,40.63921630198279,97.13140346160817,259.68826866953935,271.0,328.0
368,368,120,Medium,169,47,178.12765957446808,76.35461234930098,25.418434875866126,330.83688427307004,331.0,348.0
368,368,120,High,78,12,236.0,67.61253245852092,100.77493508295817,371.22506491704183,340.0,355.0
369,369,121,Low,122,61,178.40983606557376,40.63921630198279,97.13140346160817,259.68826866953935,271.0,329.0
369,369,121,Medium,169,48,179.70833333333334,76.3276694296857,27.052994473961945,332.3636721927047,331.0,349.0
369,369,121,High,78,12,236.0,67.61253245852092,100.77493508295817,371.22506491704183,340.0,356.0
370,370,121,Low,122,61,178.40983606557376,40.63921630198279,97.13140346160817,259.68826866953935,271.0,330.0
370,370,121,Medium,169,48,179.70833333333334,76.3276694296857,27.052994473961945,332.3636721927047,331.0,350.0
370,370,121,High,79,12,236.0,67.61253245852092,100.77493508295817,371.22506491704183,340.0,357.0
371,371,121,Low,122,61,178.40983606557376,40.63921630198279,97.13140346160817,259.68826866953935,271.0,331.0
371,371,121,Medium,170,48,179.70833333333334,76.3276694296857,27.052994473961945,332.3636721927047,331.0,351.0
371,371,121,High,79,12,236.0,67.61253245852092,100.77493508295817,371.22506491704183,340.0,358.0
372,372,122,Low,122,62,176.11290322580646,44.17665908402928,87.7595850577479,264.466221393865,271.0,332.0
372,372,122,Medium,170,48,179.70833333333334,76.3276694296857,27.052994473961945,332.3636721927047,331.0,352.0
372,372,122,High,80,12,236.0,67.61253245852092,100.77493508295817,371.22506491704183,340.0,359.0
373,373,124,Low,122,63,177.36507936507937,44.93195629353976,87.50116677799984,267.2289919521589,271.0,333.0
373,373,124,Medium,171,49,179.26530612244898,75.59204530190442,28.081215518640136,330.4493967262578,331.0,353.0
373,373,124,High,80,12,236.0,67.61253245852092,100.77493508295817,371.22506491704183,340.0,360.0
374,374,124,Low,122,63,177.36507936507937,44.93195629353976,87.50116677799984,267.2289919521589,271.0,334.0
374,374,124,Medium,172,49,179.26530612244898,75.59204530190442,28.081215518640136,330.4493967262578,331.0,354.0
374,374,124,High,80,12,236.0,67.61253245852092,100.77493508295817,371.22506491704183,340.0,361.0
375,375,124,Low,122,63,177.36507936507937,44.93195629353976,87.50116677799984,267.2289919521589,271.0,335.0
375,375,124,Medium,172,49,179.26530612244898,75.59204530190442,28.081215518640136,330.4493967262578,331.0,355.0
375,375,124,High,81,12,236.0,67.61253245852092,100.77493508295817,371.22506491704183,340.0,362.0
376,376,125,Low,122,64,177.5,44.58699361921591,88.32601276156818,266.67398723843183,271.0,336.0
376,376,125,Medium,173,49,179.26530612244898,75.59204530190442,28.081215518640136,330.4493967262578,331.0,356.0
376,376,125,High,81,12,236.0,67.61253245852092,100.77493508295817,371.22506491704183,340.0,363.0
377,377,126,Low,122,64,177.5,44.58699361921591,88.32601276156818,266.67398723843183,271.0,337.0
377,377,126,Medium,173,50,180.3,75.1736085908574,29.952782818285215,330.64721718171484,331.0,357.0
377,377,126,High,82,12,236.0,67.61253245852092,100.77493508295817,371.22506491704183,340.0,364.0
378,378,126,Low,122,64,177.5,44.58699361921591,88.32601276156818,266.67398723843183,271.0,338.0
378,378,126,Medium,173,50,180.3,75.1736085908574,29.952782818285215,330.64721718171484,331.0,358.0
378,378,126,High,83,12,236.0,67.61253245852092,100.77493508295817,371.22506491704183,340.0,365.0
379,379,129,Low,122,64,177.5,44.58699361921591,88.32601276156818,266.67398723843183,271.0,339.0
379,379,129,Medium,173,53,184.9811320754717,76.3293699310978,32.32239221327609,337.6398719376673,331.0,359.0
379,379,129,High,84,12,236.0,67.61253245852092,100.77493508295817,371.22506491704183,340.0,366.0
380,380,130,Low,122,65,177.4923076923077,44.23732978101014,89.01764813028741,265.966967254328,271.0,340.0
380,380,130,Medium,174,53,184.9811320754717,76.3293699310978,32.32239221327609,337.6398719376673,331.0,360.0
380,380,130,High,84,12,236.0,67.61253245852092,100.77493508295817,371.22506491704183,340.0,367.0
381,381,131,Low,122,66,177.6818181818182,43.92271502428891,89.83638813324036,265.527248230396,271.0,341.0
381,381,131,Medium,174,53,184.9811320754717,76.3293699310978,32.32239221327609,337.6398719376673,331.0,361.0
381,381,131,High,85,12,236.0,67.61253245852092,100.77493508295817,371.22506491704183,340.0,368.0
382,382,133,Low,122,66,177.6818181818182,43.92271502428891,89.83638813324036,265.527248230396,271.0,342.0
382,382,133,Medium,175,54,186.62962962962962,76.57017900637156,33.4892716168865,339.7699876423727,331.0,362.0
382,382,133,High,85,13,242.6153846153846,68.98857207482321,104.63824046573819,380.59252876503103,340.0,369.0
383,383,134,Low,122,67,178.16417910447763,43.76715144839598,90.62987620768567,265.69848200126955,271.0,343.0
383,383,134,Medium,175,54,186.62962962962962,76.57017900637156,33.4892716168865,339.7699876423727,331.0,363.0
383,383,134,High,86,13,242.6153846153846,68.98857207482321,104.63824046573819,380.59252876503103,340.0,370.0
384,384,138,Low,122,69,181.57971014492753,48.2031259045881,85.17345833575133,277.98596195410374,344.0,241.0
384,384,138,Medium,176,56,185.03571428571428,77.00435980236072,31.02699468099283,339.0444338904357,331.0,364.0
384,384,138,High,86,13,242.6153846153846,68.98857207482321,104.63824046573819,380.59252876503103,340.0,371.0
385,385,140,Low,122,70,181.22857142857143,47.94265034984287,85.34327072888568,277.1138721282572,344.0,242.0
385,385,140,Medium,177,57,186.10526315789474,76.73974668843071,32.62576978103331,339.58475653475614,331.0,365.0
385,385,140,High,86,13,242.6153846153846,68.98857207482321,104.63824046573819,380.59252876503103,340.0,372.0
386,386,141,Low,122,70,181.22857142857143,47.94265034984287,85.34327072888568,277.1138721282572,344.0,243.0
386,386,141,Medium,177,58,187.79310344827587,77.14210141843601,33.508900611403845,342.07730628514787,331.0,366.0
386,386,141,High,87,13,242.6153846153846,68.98857207482321,104.63824046573819,380.59252876503103,340.0,373.0
387,387,144,Low,122,70,181.22857142857143,47.94265034984287,85.34327072888568,277.1138721282572,344.0,244.0
387,387,144,Medium,178,60,190.81666666666666,77.93837019095665,34.93992628475337,346.69340704857996,331.0,367.0
387,387,144,High,87,14,251.21428571428572,73.67828045624444,103.85772480179685,398.5708466267746,363.0,374.0
388,388,146,Low,123,71,181.3661971830986,47.613095268489715,86.14000664611916,276.592387720078,344.0,245.0
388,388,146,Medium,178,60,190.81666666666666,77.93837019095665,34.93992628475337,346.69340704857996,331.0,368.0
388,388,146,High,87,15,250.2,71.10676077962931,107.98647844074137,392.4135215592586,363.0,375.0
389,389,146,Low,124,71,181.3661971830986,47.613095268489715,86.14000664611916,276.592387720078,344.0,246.0
389,389,146,Medium,178,60,190.81666666666666,77.93837019095665,34.93992628475337,346.69340704857996,331.0,369.0
389,389,146,High,87,15,250.2,71.10676077962931,107.98647844074137,392.4135215592586,363.0,376.0
390,390,149,Low,125,72,182.02777777777777,47.60872574248508,86.81032629280762,277.2452292627479,344.0,247.0
390,390,149,Medium,178,62,191.25806451612902,77.41689049488753,36.424283526353975,346.0918455059041,331.0,370.0
390,390,149,High,87,15,250.2,71.10676077962931,107.98647844074137,392.4135215592586,363.0,377.0
391,391,150,Low,126,72,182.02777777777777,47.60872574248508,86.81032629280762,277.2452292627479,344.0,248.0
391,391,150,Medium,178,62,191.25806451612902,77.41689049488753,36.424283526353975,346.0918455059041,331.0,371.0
391,391,150,High,87,16,250.1875,68.69567550678379,112.79614898643243,387.5788510135676,363.0,378.0
392,392,151,Low,127,73,181.83561643835617,47.305453555304375,87.22470932774742,276.44652354896493,344.0,249.0
392,392,151,Medium,178,62,191.25806451612902,77.41689049488753,36.424283526353975,346.0918455059041,331.0,372.0
392,392,151,High,87,16,250.1875,68.69567550678379,112.79614898643243,387.5788510135676,363.0,379.0
393,393,151,Low,128,73,181.83561643835617,47.305453555304375,87.22470932774742,276.44652354896493,344.0,250.0
393,393,151,Medium,178,62,191.25806451612902,77.41689049488753,36.424283526353975,346.0918455059041,331.0,373.0
393,393,151,High,87,16,250.1875,68.69567550678379,112.79614898643243,387.5788510135676,363.0,380.0
394,394,152,Low,128,74,182.06756756756758,47.02267919191528,88.02220918373702,276.11292595139815,344.0,251.0
394,394,152,Medium,179,62,191.25806451612902,77.41689049488753,36.424283526353975,346.0918455059041,331.0,374.0
394,394,152,High,87,16,250.1875,68.69567550678379,112.79614898643243,387.5788510135676,363.0,381.0
395,395,153,Low,129,74,182.06756756756758,47.02267919191528,88.02220918373702,276.11292595139815,344.0,252.0
395,395,153,Medium,179,63,191.984126984127,77.00596794289599,37.972191098335,345.996062869919,331.0,375.0
395,395,153,High,87,16,250.1875,68.69567550678379,112.79614898643243,387.5788510135676,363.0,382.0
396,396,154,Low,129,74,182.06756756756758,47.02267919191528,88.02220918373702,276.11292595139815,344.0,253.0
396,396,154,Medium,180,64,194.859375,79.78022732869998,35.29892034260004,354.4198296574,376.0,373.0
396,396,154,High,87,16,250.1875,68.69567550678379,112.79614898643243,387.5788510135676,363.0,383.0
397,397,157,Low,129,75,181.70666666666668,46.808342214832834,88.08998223700101,275.3233510963323,344.0,254.0
397,397,157,Medium,180,66,194.9090909090909,81.0277687012255,32.85355350663991,356.9646283115419,376.0,374.0
397,397,157,High,88,16,250.1875,68.69567550678379,112.79614898643243,387.5788510135676,363.0,384.0
398,398,158,Low,129,76,181.76315789473685,46.49784752611033,88.7674628425162,274.7588529469575,344.0,255.0
398,398,158,Medium,180,66,194.9090909090909,81.0277687012255,32.85355350663991,356.9646283115419,376.0,375.0
398,398,158,High,89,16,250.1875,68.69567550678379,112.79614898643243,387.5788510135676,363.0,385.0
399,399,158,Low,130,76,181.76315789473685,46.49784752611033,88.7674628425162,274.7588529469575,344.0,256.0
399,399,158,Medium,180,66,194.9090909090909,81.0277687012255,32.85355350663991,356.9646283115419,376.0,376.0
399,399,158,High,89,16,250.1875,68.69567550678379,112.79614898643243,387.5788510135676,363.0,386.0
400,400,158,Low,130,76,181.76315789473685,46.49784752611033,88.7674628425162,274.7588529469575,344.0,257.0
400,400,158,Medium,180,66,194.9090909090909,81.0277687012255,32.85355350663991,356.9646283115419,376.0,377.0
400,400,158,High,90,16,250.1875,68.69567550678379,112.79614898643243,387.5788510135676,363.0,387.0
401,401,158,Low,130,76,181.76315789473685,46.49784752611033,88.7674628425162,274.7588529469575,344.0,258.0
401,401,158,Medium,181,66,194.9090909090909,81.0277687012255,32.85355350663991,356.9646283115419,376.0,378.0
401,401,158,High,90,16,250.1875,68.69567550678379,112.79614898643243,387.5788510135676,363.0,388.0
402,402,159,Low,130,76,181.76315789473685,46.49784752611033,88.7674628425162,274.7588529469575,344.0,259.0
402,402,159,Medium,182,67,195.5820895522388,80.60005061539341,34.381988321451985,356.7821907830256,376.0,379.0
402,402,159,High,90,16,250.1875,68.69567550678379,112.79614898643243,387.5788510135676,363.0,389.0
403,403,161,Low,130,77,181.83116883116884,46.19478285574619,89.44160311967646,274.2207345426612,344.0,260.0
403,403,161,Medium,183,68,195.0,80.14017569979511,34.71964860040978,355.28035139959024,376.0,380.0
403,403,161,High,90,16,250.1875,68.69567550678379,112.79614898643243,387.5788510135676,363.0,390.0
404,404,161,Low,130,77,181.83116883116884,46.19478285574619,89.44160311967646,274.2207345426612,344.0,261.0
404,404,161,Medium,184,68,195.0,80.14017569979511,34.71964860040978,355.28035139959024,376.0,381.0
404,404,161,High,90,16,250.1875,68.69567550678379,112.79614898643243,387.5788510135676,363.0,391.0
405,405,162,Low,130,77,181.83116883116884,46.19478285574619,89.44160311967646,274.2207345426612,344.0,262.0
405,405,162,Medium,184,69,195.1304347826087,79.55610544165341,36.01822389930186,354.2426456659155,376.0,382.0
405,405,162,High,91,16,250.1875,68.69567550678379,112.79614898643243,387.5788510135676,363.0,392.0
406,406,163,Low,130,77,181.83116883116884,46.19478285574619,89.44160311967646,274.2207345426612,344.0,263.0
406,406,163,Medium,185,70,194.47142857142856,79.16973536604506,36.13195783933844,352.8108993035187,376.0,383.0
406,406,163,High,91,16,250.1875,68.69567550678379,112.79614898643243,387.5788510135676,363.0,393.0
407,407,163,Low,130,77,181.83116883116884,46.19478285574619,89.44160311967646,274.2207345426612,344.0,264.0
407,407,163,Medium,185,70,194.47142857142856,79.16973536604506,36.13195783933844,352.8108993035187,376.0,384.0
407,407,163,High,92,16,250.1875,68.69567550678379,112.79614898643243,387.5788510135676,363.0,394.0
408,408,164,Low,131,77,181.83116883116884,46.19478285574619,89.44160311967646,274.2207345426612,344.0,265.0
408,408,164,Medium,185,71,193.94366197183098,78.72790162940848,36.48785871301402,351.39946523064793,376.0,385.0
408,408,164,High,92,16,250.1875,68.69567550678379,112.79614898643243,387.5788510135676,363.0,395.0
409,409,165,Low,131,78,182.9102564102564,46.87291076485183,89.16443488055275,276.6560779399601,344.0,252.0
409,409,165,Medium,186,71,193.94366197183098,78.72790162940848,36.48785871301402,351.39946523064793,376.0,386.0
409,409,165,High,92,16,250.1875,68.69567550678379,112.79614898643243,387.5788510135676,363.0,396.0
410,410,166,Low,131,78,182.9102564102564,46.87291076485183,89.16443488055275,276.6560779399601,344.0,253.0
410,410,166,Medium,187,72,196.16666666666666,80.41512015346227,35.33642635974212,356.9969069735912,376.0,387.0
410,410,166,High,92,16,250.1875,68.69567550678379,112.79614898643243,387.5788510135676,363.0,397.0
411,411,167,Low,131,79,182.22784810126583,46.96478477979568,88.29827854167448,276.15741766085716,344.0,254.0
411,411,167,Medium,188,72,196.16666666666666,80.41512015346227,35.33642635974212,356.9969069735912,376.0,388.0
411,411,167,High,92,16,250.1875,68.69567550678379,112.79614898643243,387.5788510135676,363.0,398.0
412,412,168,Low,131,79,182.22784810126583,46.96478477979568,88.29827854167448,276.15741766085716,344.0,255.0
412,412,168,Medium,189,72,196.16666666666666,80.41512015346227,35.33642635974212,356.9969069735912,376.0,389.0
412,412,168,High,92,17,246.41176470588235,68.31183903937279,109.78808662713678,383.0354427846279,363.0,399.0
413,413,170,Low,131,80,182.975,47.142653158635895,88.6896936827282,277.2603063172718,344.0,256.0
413,413,170,Medium,190,73,198.82191780821918,83.01478155956347,32.792354689092235,364.85148092734613,390.0,374.0
413,413,170,High,92,17,246.41176470588235,68.31183903937279,109.78808662713678,383.0354427846279,363.0,400.0
414,414,170,Low,131,80,182.975,47.142653158635895,88.6896936827282,277.2603063172718,344.0,257.0
414,414,170,Medium,191,73,198.82191780821918,83.01478155956347,32.792354689092235,364.85148092734613,390.0,375.0
414,414,170,High,92,17,246.41176470588235,68.31183903937279,109.78808662713678,383.0354427846279,363.0,401.0
415,415,170,Low,132,80,182.975,47.142653158635895,88.6896936827282,277.2603063172718,344.0,258.0
415,415,170,Medium,191,73,198.82191780821918,83.01478155956347,32.792354689092235,364.85148092734613,390.0,376.0
415,415,170,High,92,17,246.41176470588235,68.31183903937279,109.78808662713678,383.0354427846279,363.0,402.0
416,416,170,Low,132,80,182.975,47.142653158635895,88.6896936827282,277.2603063172718,344.0,259.0
416,416,170,Medium,192,73,198.82191780821918,83.01478155956347,32.792354689092235,364.85148092734613,390.0,377.0
416,416,170,High,92,17,246.41176470588235,68.31183903937279,109.78808662713678,383.0354427846279,363.0,403.0
417,417,172,Low,132,82,184.46341463414635,47.57714855620854,89.30911752172926,279.61771174656343,344.0,243.0
417,417,172,Medium,193,73,198.82191780821918,83.01478155956347,32.792354689092235,364.85148092734613,390.0,378.0
417,417,172,High,92,17,246.41176470588235,68.31183903937279,109.78808662713678,383.0354427846279,363.0,404.0
418,418,175,Low,133,83,184.48192771084337,47.28645488668831,89.90901793746674,279.05483748422,344.0,244.0
418,418,175,Medium,193,74,199.1081081081081,82.48097623214295,34.1461556438222,364.070060572394,390.0,379.0
418,418,175,High,92,18,250.77777777777777,68.81223861353834,113.15330055070109,388.40225500485445,363.0,405.0
419,419,175,Low,133,83,184.48192771084337,47.28645488668831,89.90901793746674,279.05483748422,344.0,245.0
419,419,175,Medium,194,74,199.1081081081081,82.48097623214295,34.1461556438222,364.070060572394,390.0,380.0
419,419,175,High,92,18,250.77777777777777,68.81223861353834,113.15330055070109,388.40225500485445,363.0,406.0
420,420,175,Low,133,83,184.48192771084337,47.28645488668831,89.90901793746674,279.05483748422,344.0,246.0
420,420,175,Medium,195,74,199.1081081081081,82.48097623214295,34.1461556438222,364.070060572394,390.0,381.0
420,420,175,High,92,18,250.77777777777777,68.81223861353834,113.15330055070109,388.40225500485445,363.0,407.0
421,421,175,Low,133,83,184.48192771084337,47.28645488668831,89.90901793746674,279.05483748422,344.0,247.0
421,421,175,Medium,195,74,199.1081081081081,82.48097623214295,34.1461556438222,364.070060572394,390.0,382.0
421,421,175,High,93,18,250.77777777777777,68.81223861353834,113.15330055070109,388.40225500485445,363.0,408.0
422,422,176,Low,133,83,184.48192771084337,47.28645488668831,89.90901793746674,279.05483748422,344.0,248.0
422,422,176,Medium,196,75,199.73333333333332,82.10052067737143,35.53229197859045,363.9343746880762,390.0,383.0
422,422,176,High,93,18,250.77777777777777,68.81223861353834,113.15330055070109,388.40225500485445,363.0,409.0
423,423,176,Low,134,83,184.48192771084337,47.28645488668831,89.90901793746674,279.05483748422,344.0,249.0
423,423,176,Medium,196,75,199.73333333333332,82.10052067737143,35.53229197859045,363.9343746880762,390.0,384.0
423,423,176,High,93,18,250.77777777777777,68.81223861353834,113.15330055070109,388.40225500485445,363.0,410.0
424,424,176,Low,134,83,184.48192771084337,47.28645488668831,89.90901793746674,279.05483748422,344.0,250.0
424,424,176,Medium,197,75,199.73333333333332,82.10052067737143,35.53229197859045,363.9343746880762,390.0,385.0
424,424,176,High,93,18,250.77777777777777,68.81223861353834,113.15330055070109,388.40225500485445,363.0,411.0
425,425,177,Low,134,84,184.97619047619048,47.21853224870843,90.53912597877363,279.4132549736073,344.0,251.0
425,425,177,Medium,198,75,199.73333333333332,82.10052067737143,35.53229197859045,363.9343746880762,390.0,386.0
425,425,177,High,93,18,250.77777777777777,68.81223861353834,113.15330055070109,388.40225500485445,363.0,412.0
426,426,178,Low,135,84,184.97619047619048,47.21853224870843,90.53912597877363,279.4132549736073,344.0,252.0
426,426,178,Medium,198,76,201.93421052631578,83.7780139060069,34.37818271430197,369.4902383383296,390.0,387.0
426,426,178,High,93,18,250.77777777777777,68.81223861353834,113.15330055070109,388.40225500485445,363.0,413.0
427,427,178,Low,135,84,184.97619047619048,47.21853224870843,90.53912597877363,279.4132549736073,344.0,253.0
427,427,178,Medium,199,76,201.93421052631578,83.7780139060069,34.37818271430197,369.4902383383296,390.0,388.0
427,427,178,High,93,18,250.77777777777777,68.81223861353834,113.15330055070109,388.40225500485445,363.0,414.0
428,428,178,Low,135,84,184.97619047619048,47.21853224870843,90.53912597877363,279.4132549736073,344.0,254.0
428,428,178,Medium,200,76,201.93421052631578,83.7780139060069,34.37818271430197,369.4902383383296,390.0,389.0
428,428,178,High,93,18,250.77777777777777,68.81223861353834,113.15330055070109,388.40225500485445,363.0,415.0
429,429,180,Low,135,84,184.97619047619048,47.21853224870843,90.53912597877363,279.4132549736073,344.0,255.0
429,429,180,Medium,200,76,201.93421052631578,83.7780139060069,34.37818271430197,369.4902383383296,390.0,390.0
429,429,180,High,94,20,245.5,68.72638350352567,108.04723299294866,382.9527670070513,363.0,416.0
430,430,181,Low,135,84,184.97619047619048,47.21853224870843,90.53912597877363,279.4132549736073,344.0,256.0
430,430,181,Medium,201,77,201.25974025974025,83.43519429653216,34.389351666675935,368.13012885280455,390.0,391.0
430,430,181,High,94,20,245.5,68.72638350352567,108.04723299294866,382.9527670070513,363.0,417.0
431,431,182,Low,135,84,184.97619047619048,47.21853224870843,90.53912597877363,279.4132549736073,344.0,257.0
431,431,182,Medium,202,78,201.39743589743588,82.90055687992893,35.59632213757803,367.1985496572937,390.0,392.0
431,431,182,High,94,20,245.5,68.72638350352567,108.04723299294866,382.9527670070513,363.0,418.0
432,432,184,Low,136,84,184.97619047619048,47.21853224870843,90.53912597877363,279.4132549736073,344.0,258.0
432,432,184,Medium,202,79,202.54430379746836,82.9957980815208,36.55270763442675,368.53589996050994,390.0,393.0
432,432,184,High,94,21,251.76190476190476,72.87379828299385,106.01430819591707,397.50950132789245,377.0,419.0
433,433,186,Low,136,84,184.97619047619048,47.21853224870843,90.53912597877363,279.4132549736073,344.0,259.0
433,433,186,Medium,202,80,201.8,82.73710079584168,36.32579840831664,367.2742015916834,390.0,394.0
433,433,186,High,95,22,257.0,75.24183233636282,106.51633532727436,407.48366467272564,377.0,420.0
434,434,187,Low,136,85,185.71764705882353,47.43180863711858,90.85402978458637,280.5812643330607,344.0,260.0
434,434,187,Medium,203,80,201.8,82.73710079584168,36.32579840831664,367.2742015916834,390.0,395.0
434,434,187,High,95,22,257.0,75.24183233636282,106.51633532727436,407.48366467272564,377.0,421.0
435,435,187,Low,136,85,185.71764705882353,47.43180863711858,90.85402978458637,280.5812643330607,344.0,261.0
435,435,187,Medium,203,80,201.8,82.73710079584168,36.32579840831664,367.2742015916834,390.0,396.0
435,435,187,High,96,22,257.0,75.24183233636282,106.51633532727436,407.48366467272564,377.0,422.0
436,436,189,Low,136,86,186.6046511627907,47.86409167872949,90.87646780533173,282.33283452024966,344.0,229.0
436,436,189,Medium,204,80,201.8,82.73710079584168,36.32579840831664,367.2742015916834,390.0,397.0
436,436,189,High,96,23,261.8695652173913,77.13229741390973,107.60497038957186,416.13416004521076,377.0,423.0
437,437,190,Low,136,87,186.2528735632184,47.69798844932283,90.85689666457274,281.6488504618641,344.0,230.0
437,437,190,Medium,204,80,201.8,82.73710079584168,36.32579840831664,367.2742015916834,390.0,398.0
437,437,190,High,97,23,261.8695652173913,77.13229741390973,107.60497038957186,416.13416004521076,377.0,424.0
438,438,190,Low,136,87,186.2528735632184,47.69798844932283,90.85689666457274,281.6488504618641,344.0,231.0
438,438,190,Medium,205,80,201.8,82.73710079584168,36.32579840831664,367.2742015916834,390.0,399.0
438,438,190,High,97,23,261.8695652173913,77.13229741390973,107.60497038957186,416.13416004521076,377.0,425.0
439,439,191,Low,136,87,186.2528735632184,47.69798844932283,90.85689666457274,281.6488504618641,344.0,232.0
439,439,191,Medium,205,80,201.8,82.73710079584168,36.32579840831664,367.2742015916834,390.0,400.0
439,439,191,High,98,24,264.0833333333333,76.21246997513035,111.65839338307262,416.508273283594,377.0,426.0
440,440,192,Low,136,87,186.2528735632184,47.69798844932283,90.85689666457274,281.6488504618641,344.0,233.0
440,440,192,Medium,206,81,202.58024691358025,82.51770479683903,37.5448373199022,367.61565650725834,390.0,401.0
440,440,192,High,98,24,264.0833333333333,76.21246997513035,111.65839338307262,416.508273283594,377.0,427.0
441,441,193,Low,137,87,186.2528735632184,47.69798844932283,90.85689666457274,281.6488504618641,344.0,234.0
441,441,193,Medium,206,82,204.53658536585365,83.89840933790637,36.73976669004091,372.3334040416664,390.0,402.0
441,441,193,High,98,24,264.0833333333333,76.21246997513035,111.65839338307262,416.508273283594,377.0,428.0
442,442,195,Low,138,88,186.3409090909091,47.430260083388205,91.48038892413268,281.2014292576855,344.0,235.0
442,442,195,Medium,206,82,204.53658536585365,83.89840933790637,36.73976669004091,372.3334040416664,390.0,403.0
442,442,195,High,98,25,264.96,74.73647034748163,115.48705930503672,414.43294069496324,377.0,429.0
443,443,196,Low,138,88,186.3409090909091,47.430260083388205,91.48038892413268,281.2014292576855,344.0,236.0
443,443,196,Medium,206,83,205.3734939759036,83.73312874745801,37.90723648098759,372.83975147081964,390.0,404.0
443,443,196,High,99,25,264.96,74.73647034748163,115.48705930503672,414.43294069496324,377.0,430.0
444,444,196,Low,138,88,186.3409090909091,47.430260083388205,91.48038892413268,281.2014292576855,344.0,237.0
444,444,196,Medium,207,83,205.3734939759036,83.73312874745801,37.90723648098759,372.83975147081964,390.0,405.0
444,444,196,High,99,25,264.96,74.73647034748163,115.48705930503672,414.43294069496324,377.0,431.0
445,445,196,Low,138,88,186.3409090909091,47.430260083388205,91.48038892413268,281.2014292576855,344.0,238.0
445,445,196,Medium,208,83,205.3734939759036,83.73312874745801,37.90723648098759,372.83975147081964,390.0,406.0
445,445,196,High,99,25,264.96,74.73647034748163,115.48705930503672,414.43294069496324,377.0,432.0
446,446,199,Low,139,90,186.2888888888889,47.61485096542282,91.05918695804326,281.5185908197345,344.0,211.0
446,446,199,Medium,208,84,206.47619047619048,83.8385534270145,38.799083622161476,374.1532973302195,390.0,407.0
446,446,199,High,99,25,264.96,74.73647034748163,115.48705930503672,414.43294069496324,377.0,433.0
447,447,200,Low,139,91,185.4945054945055,47.95214596666455,89.59021356117638,281.3987974278346,344.0,212.0
447,447,200,Medium,209,84,206.47619047619048,83.8385534270145,38.799083622161476,374.1532973302195,390.0,408.0
447,447,200,High,99,25,264.96,74.73647034748163,115.48705930503672,414.43294069496324,377.0,434.0
448,448,201,Low,139,91,185.4945054945055,47.95214596666455,89.59021356117638,281.3987974278346,344.0,213.0
448,448,201,Medium,209,84,206.47619047619048,83.8385534270145,38.799083622161476,374.1532973302195,390.0,409.0
448,448,201,High,100,26,266.34615384615387,73.56680898758206,119.21253587098974,413.47977182131797,377.0,435.0
449,449,201,Low,140,91,185.4945054945055,47.95214596666455,89.59021356117638,281.3987974278346,344.0,214.0
449,449,201,Medium,209,84,206.47619047619048,83.8385534270145,38.799083622161476,374.1532973302195,390.0,410.0
449,449,201,High,100,26,266.34615384615387,73.56680898758206,119.21253587098974,413.47977182131797,377.0,436.0
450,450,202,Low,140,91,185.4945054945055,47.95214596666455,89.59021356117638,281.3987974278346,344.0,215.0
450,450,202,Medium,210,84,206.47619047619048,83.8385534270145,38.799083622161476,374.1532973302195,390.0,411.0
450,450,202,High,100,27,258.0740740740741,83.97294707497076,90.12817992413255,426.0199682240156,377.0,437.0
451,451,203,Low,140,92,184.90217391304347,48.025190226807744,88.85179345942798,280.95255436665894,344.0,216.0
451,451,203,Medium,210,84,206.47619047619048,83.8385534270145,38.799083622161476,374.1532973302195,390.0,412.0
451,451,203,High,101,27,258.0740740740741,83.97294707497076,90.12817992413255,426.0199682240156,377.0,438.0
452,452,204,Low,140,92,184.90217391304347,48.025190226807744,88.85179345942798,280.95255436665894,344.0,217.0
452,452,204,Medium,211,85,206.36470588235295,83.34435837433229,39.675989133688375,373.0534226310175,390.0,413.0
452,452,204,High,101,27,258.0740740740741,83.97294707497076,90.12817992413255,426.0199682240156,377.0,439.0
453,453,204,Low,140,92,184.90217391304347,48.025190226807744,88.85179345942798,280.95255436665894,344.0,218.0
453,453,204,Medium,212,85,206.36470588235295,83.34435837433229,39.675989133688375,373.0534226310175,390.0,414.0
453,453,204,High,101,27,258.0740740740741,83.97294707497076,90.12817992413255,426.0199682240156,377.0,440.0
454,454,204,Low,141,92,184.90217391304347,48.025190226807744,88.85179345942798,280.95255436665894,344.0,219.0
454,454,204,Medium,212,85,206.36470588235295,83.34435837433229,39.675989133688375,373.0534226310175,390.0,415.0
454,454,204,High,101,27,258.0740740740741,83.97294707497076,90.12817992413255,426.0199682240156,377.0,441.0
455,455,204,Low,141,92,184.90217391304347,48.025190226807744,88.85179345942798,280.95255436665894,344.0,220.0
455,455,204,Medium,213,85,206.36470588235295,83.34435837433229,39.675989133688375,373.0534226310175,390.0,416.0
455,455,204,High,101,27,258.0740740740741,83.97294707497076,90.12817992413255,426.0199682240156,377.0,442.0
456,456,204,Low,141,92,184.90217391304347,48.025190226807744,88.85179345942798,280.95255436665894,344.0,221.0
456,456,204,Medium,214,85,206.36470588235295,83.34435837433229,39.675989133688375,373.0534226310175,390.0,417.0
456,456,204,High,101,27,258.0740740740741,83.97294707497076,90.12817992413255,426.0199682240156,377.0,443.0
457,457,205,Low,141,93,185.03225806451613,47.77994203795218,89.47237398861176,280.5921421404205,344.0,222.0
457,457,205,Medium,214,85,206.36470588235295,83.34435837433229,39.675989133688375,373.0534226310175,390.0,418.0
457,457,205,High,102,27,258.0740740740741,83.97294707497076,90.12817992413255,426.0199682240156,377.0,444.0
458,458,205,Low,142,93,185.03225806451613,47.77994203795218,89.47237398861176,280.5921421404205,344.0,223.0
458,458,205,Medium,214,85,206.36470588235295,83.34435837433229,39.675989133688375,373.0534226310175,390.0,419.0
458,458,205,High,102,27,258.0740740740741,83.97294707497076,90.12817992413255,426.0199682240156,377.0,445.0
459,459,207,Low,142,93,185.03225806451613,47.77994203795218,89.47237398861176,280.5921421404205,344.0,224.0
459,459,207,Medium,215,86,206.09302325581396,82.89094577774381,40.31113170032634,371.87491481130155,390.0,420.0
459,459,207,High,102,28,254.25,84.85134059047034,84.54731881905931,423.95268118094066,377.0,446.0
460,460,212,Low,142,95,184.83157894736843,47.365858211122365,90.0998625251237,279.5632953696132,344.0,225.0
460,460,212,Medium,215,87,206.71264367816093,82.6100264264908,41.49259082517932,371.93269653114254,390.0,421.0
460,460,212,High,103,30,263.23333333333335,89.4071212674546,84.41909079842415,442.0475758682426,431.0,447.0
461,461,212,Low,142,95,184.83157894736843,47.365858211122365,90.0998625251237,279.5632953696132,344.0,226.0
461,461,212,Medium,216,87,206.71264367816093,82.6100264264908,41.49259082517932,371.93269653114254,390.0,422.0
461,461,212,High,103,30,263.23333333333335,89.4071212674546,84.41909079842415,442.0475758682426,431.0,448.0
462,462,213,Low,142,95,184.83157894736843,47.365858211122365,90.0998625251237,279.5632953696132,344.0,227.0
462,462,213,Medium,217,88,206.23863636363637,82.25416096356628,41.73031443650382,370.74695829076893,390.0,423.0
462,462,213,High,103,30,263.23333333333335,89.4071212674546,84.41909079842415,442.0475758682426,431.0,449.0
463,463,213,Low,142,95,184.83157894736843,47.365858211122365,90.0998625251237,279.5632953696132,344.0,228.0
463,463,213,Medium,218,88,206.23863636363637,82.25416096356628,41.73031443650382,370.74695829076893,390.0,424.0
463,463,213,High,103,30,263.23333333333335,89.4071212674546,84.41909079842415,442.0475758682426,431.0,450.0
464,464,214,Low,142,95,184.83157894736843,47.365858211122365,90.0998625251237,279.5632953696132,344.0,229.0
464,464,214,Medium,219,89,206.32584269662922,81.78961026495455,42.74662216672013,369.90506322653835,390.0,425.0
464,464,214,High,103,30,263.23333333333335,89.4071212674546,84.41909079842415,442.0475758682426,431.0,451.0
465,465,214,Low,142,95,184.83157894736843,47.365858211122365,90.0998625251237,279.5632953696132,344.0,230.0
465,465,214,Medium,219,89,206.32584269662922,81.78961026495455,42.74662216672013,369.90506322653835,390.0,426.0
465,465,214,High,104,30,263.23333333333335,89.4071212674546,84.41909079842415,442.0475758682426,431.0,452.0
466,466,215,Low,142,95,184.83157894736843,47.365858211122365,90.0998625251237,279.5632953696132,344.0,231.0
466,466,215,Medium,220,90,208.42222222222222,83.72520297367913,40.971816274863954,375.8726281695805,395.0,427.0
466,466,215,High,104,30,263.23333333333335,89.4071212674546,84.41909079842415,442.0475758682426,431.0,453.0
467,467,215,Low,142,95,184.83157894736843,47.365858211122365,90.0998625251237,279.5632953696132,344.0,232.0
467,467,215,Medium,221,90,208.42222222222222,83.72520297367913,40.971816274863954,375.8726281695805,395.0,428.0
467,467,215,High,104,30,263.23333333333335,89.4071212674546,84.41909079842415,442.0475758682426,431.0,454.0
468,468,216,Low,142,95,184.83157894736843,47.365858211122365,90.0998625251237,279.5632953696132,344.0,233.0
468,468,216,Medium,222,91,210.84615384615384,86.40999467357452,38.02616449900481,383.6661431933029,429.0,411.0
468,468,216,High,104,30,263.23333333333335,89.4071212674546,84.41909079842415,442.0475758682426,431.0,455.0
469,469,219,Low,142,96,184.88541666666666,47.11885750372286,90.64770165922094,279.12313167411236,344.0,234.0
469,469,219,Medium,223,92,210.7173913043478,85.94277754936796,38.83183620561189,382.6029464030837,429.0,412.0
469,469,219,High,104,31,267.5483870967742,91.12842173170688,85.29154363336045,449.80523056018797,431.0,456.0
470,470,219,Low,143,96,184.88541666666666,47.11885750372286,90.64770165922094,279.12313167411236,344.0,235.0
470,470,219,Medium,223,92,210.7173913043478,85.94277754936796,38.83183620561189,382.6029464030837,429.0,413.0
470,470,219,High,104,31,267.5483870967742,91.12842173170688,85.29154363336045,449.80523056018797,431.0,457.0
471,471,219,Low,144,96,184.88541666666666,47.11885750372286,90.64770165922094,279.12313167411236,344.0,236.0
471,471,219,Medium,223,92,210.7173913043478,85.94277754936796,38.83183620561189,382.6029464030837,429.0,414.0
471,471,219,High,104,31,267.5483870967742,91.12842173170688,85.29154363336045,449.80523056018797,431.0,458.0
472,472,219,Low,144,96,184.88541666666666,47.11885750372286,90.64770165922094,279.12313167411236,344.0,237.0
472,472,219,Medium,223,92,210.7173913043478,85.94277754936796,38.83183620561189,382.6029464030837,429.0,415.0
472,472,219,High,105,31,267.5483870967742,91.12842173170688,85.29154363336045,449.80523056018797,431.0,459.0
473,473,220,Low,144,96,184.88541666666666,47.11885750372286,90.64770165922094,279.12313167411236,344.0,238.0
473,473,220,Medium,224,93,211.89247311827958,86.22234432049241,39.44778447729476,384.3371617592644,429.0,416.0
473,473,220,High,105,31,267.5483870967742,91.12842173170688,85.29154363336045,449.80523056018797,431.0,460.0
474,474,220,Low,145,96,184.88541666666666,47.11885750372286,90.64770165922094,279.12313167411236,344.0,239.0
474,474,220,Medium,224,93,211.89247311827958,86.22234432049241,39.44778447729476,384.3371617592644,429.0,417.0
474,474,220,High,105,31,267.5483870967742,91.12842173170688,85.29154363336045,449.80523056018797,431.0,461.0
475,475,221,Low,145,97,184.90721649484536,46.873296074414526,91.1606243460163,278.65380864367444,344.0,240.0
475,475,221,Medium,224,93,211.89247311827958,86.22234432049241,39.44778447729476,384.3371617592644,429.0,418.0
475,475,221,High,106,31,267.5483870967742,91.12842173170688,85.29154363336045,449.80523056018797,431.0,462.0
476,476,222,Low,145,97,184.90721649484536,46.873296074414526,91.1606243460163,278.65380864367444,344.0,241.0
476,476,222,Medium,224,94,212.30851063829786,85.85233967612925,40.603831286039366,384.0131899905564,429.0,419.0
476,476,222,High,107,31,267.5483870967742,91.12842173170688,85.29154363336045,449.80523056018797,431.0,463.0
477,477,222,Low,145,97,184.90721649484536,46.873296074414526,91.1606243460163,278.65380864367444,344.0,242.0
477,477,222,Medium,225,94,212.30851063829786,85.85233967612925,40.603831286039366,384.0131899905564,429.0,420.0
477,477,222,High,107,31,267.5483870967742,91.12842173170688,85.29154363336045,449.80523056018797,431.0,464.0
478,478,224,Low,145,97,184.90721649484536,46.873296074414526,91.1606243460163,278.65380864367444,344.0,243.0
478,478,224,Medium,226,96,212.14583333333334,85.44939766553952,41.2470380022543,383.04462866441236,429.0,421.0
478,478,224,High,107,31,267.5483870967742,91.12842173170688,85.29154363336045,449.80523056018797,431.0,465.0
479,479,226,Low,146,98,185.21428571428572,46.73003184557721,91.7542220231313,278.6743494054401,344.0,244.0
479,479,226,Medium,226,97,210.16494845360825,87.21330178700417,35.73834487959991,384.59155202761656,429.0,422.0
479,479,226,High,107,31,267.5483870967742,91.12842173170688,85.29154363336045,449.80523056018797,431.0,466.0
480,480,226,Low,147,98,185.21428571428572,46.73003184557721,91.7542220231313,278.6743494054401,344.0,245.0
480,480,226,Medium,226,97,210.16494845360825,87.21330178700417,35.73834487959991,384.59155202761656,429.0,423.0
480,480,226,High,107,31,267.5483870967742,91.12842173170688,85.29154363336045,449.80523056018797,431.0,467.0
481,481,227,Low,148,98,185.21428571428572,46.73003184557721,91.7542220231313,278.6743494054401,344.0,246.0
481,481,227,Medium,226,98,210.92857142857142,87.09128402186592,36.74600338483958,385.11113947230325,429.0,424.0
481,481,227,High,107,31,267.5483870967742,91.12842173170688,85.29154363336045,449.80523056018797,431.0,468.0
482,482,228,Low,148,99,184.92929292929293,46.57739938176474,91.77449416576344,278.0840916928224,344.0,247.0
482,482,228,Medium,226,98,210.92857142857142,87.09128402186592,36.74600338483958,385.11113947230325,429.0,425.0
482,482,228,High,108,31,267.5483870967742,91.12842173170688,85.29154363336045,449.80523056018797,431.0,469.0
483,483,230,Low,148,99,184.92929292929293,46.57739938176474,91.77449416576344,278.0840916928224,344.0,248.0
483,483,230,Medium,227,99,210.95959595959596,86.64635126530248,37.66689342899099,384.25229849020093,429.0,426.0
483,483,230,High,108,32,271.4375,92.30662000514478,86.82425998971044,456.0507400102896,431.0,470.0
484,484,230,Low,148,99,184.92929292929293,46.57739938176474,91.77449416576344,278.0840916928224,344.0,249.0
484,484,230,Medium,228,99,210.95959595959596,86.64635126530248,37.66689342899099,384.25229849020093,429.0,427.0
484,484,230,High,108,32,271.4375,92.30662000514478,86.82425998971044,456.0507400102896,431.0,471.0
485,485,232,Low,148,100,184.92,46.34165610883032,92.23668778233935,277.60331221766063,344.0,250.0
485,485,232,Medium,228,99,210.95959595959596,86.64635126530248,37.66689342899099,384.25229849020093,429.0,428.0
485,485,232,High,109,33,273.969696969697,92.01001468878431,89.94966759212838,457.9897263472656,431.0,472.0
486,486,233,Low,148,101,184.52475247524754,46.28014564787064,91.96446117950626,277.0850437709888,344.0,251.0
486,486,233,Medium,229,99,210.95959595959596,86.64635126530248,37.66689342899099,384.25229849020093,429.0,429.0
486,486,233,High,109,33,273.969696969697,92.01001468878431,89.94966759212838,457.9897263472656,431.0,473.0
487,487,235,Low,149,103,184.54368932038835,45.869332037316504,92.80502524575535,276.28235339502135,344.0,252.0
487,487,235,Medium,229,99,210.95959595959596,86.64635126530248,37.66689342899099,384.25229849020093,429.0,430.0
487,487,235,High,109,33,273.969696969697,92.01001468878431,89.94966759212838,457.9897263472656,431.0,474.0
488,488,238,Low,150,104,185.20192307692307,46.13706464579155,92.92779378533997,277.47605236850615,344.0,210.0
488,488,238,Medium,229,101,210.66336633663366,86.20583242771023,38.25170148121319,383.0750311920541,429.0,431.0
488,488,238,High,109,33,273.969696969697,92.01001468878431,89.94966759212838,457.9897263472656,431.0,475.0
489,489,239,Low,150,104,185.20192307692307,46.13706464579155,92.92779378533997,277.47605236850615,344.0,211.0
489,489,239,Medium,230,101,210.66336633663366,86.20583242771023,38.25170148121319,383.0750311920541,429.0,432.0
489,489,239,High,109,34,275.47058823529414,91.02688090958814,93.41682641611786,457.52435005447046,431.0,476.0
490,490,241,Low,151,105,185.1809523809524,45.915218893165765,93.35051459462086,277.01139016728393,344.0,212.0
490,490,241,Medium,230,101,210.66336633663366,86.20583242771023,38.25170148121319,383.0750311920541,429.0,433.0
490,490,241,High,109,35,272.1714285714286,91.77770000652335,88.61602855838188,455.72682858447524,431.0,477.0
491,491,241,Low,151,105,185.1809523809524,45.915218893165765,93.35051459462086,277.01139016728393,344.0,213.0
491,491,241,Medium,230,101,210.66336633663366,86.20583242771023,38.25170148121319,383.0750311920541,429.0,434.0
491,491,241,High,110,35,272.1714285714286,91.77770000652335,88.61602855838188,455.72682858447524,431.0,478.0
492,492,243,Low,151,105,185.1809523809524,45.915218893165765,93.35051459462086,277.01139016728393,344.0,214.0
492,492,243,Medium,231,103,213.97087378640776,88.88629620560518,36.19828137519741,391.7434661976181,435.0,378.0
492,492,243,High,110,35,272.1714285714286,91.77770000652335,88.61602855838188,455.72682858447524,431.0,479.0
493,493,244,Low,151,106,185.29245283018867,45.71046915222814,93.87151452573238,276.71339113464495,344.0,215.0
493,493,244,Medium,232,103,213.97087378640776,88.88629620560518,36.19828137519741,391.7434661976181,435.0,379.0
493,493,244,High,110,35,272.1714285714286,91.77770000652335,88.61602855838188,455.72682858447524,431.0,480.0
494,494,244,Low,152,106,185.29245283018867,45.71046915222814,93.87151452573238,276.71339113464495,344.0,216.0
494,494,244,Medium,232,103,213.97087378640776,88.88629620560518,36.19828137519741,391.7434661976181,435.0,380.0
494,494,244,High,110,35,272.1714285714286,91.77770000652335,88.61602855838188,455.72682858447524,431.0,481.0
495,495,245,Low,152,106,185.29245283018867,45.71046915222814,93.87151452573238,276.71339113464495,344.0,217.0
495,495,245,Medium,233,104,213.55769230769232,88.55406191700915,36.44956847367402,390.6658161417106,435.0,381.0
495,495,245,High,110,35,272.1714285714286,91.77770000652335,88.61602855838188,455.72682858447524,431.0,482.0
496,496,247,Low,152,106,185.29245283018867,45.71046915222814,93.87151452573238,276.71339113464495,344.0,218.0
496,496,247,Medium,233,106,213.23584905660377,88.24549651391011,36.744856028783545,389.726842084424,435.0,382.0
496,496,247,High,111,35,272.1714285714286,91.77770000652335,88.61602855838188,455.72682858447524,431.0,483.0
497,497,248,Low,153,106,185.29245283018867,45.71046915222814,93.87151452573238,276.71339113464495,344.0,219.0
497,497,248,Medium,233,107,214.79439252336448,89.29564403559259,36.2031044521793,393.3856805945496,435.0,383.0
497,497,248,High,111,35,272.1714285714286,91.77770000652335,88.61602855838188,455.72682858447524,431.0,484.0
498,498,248,Low,153,106,185.29245283018867,45.71046915222814,93.87151452573238,276.71339113464495,344.0,220.0
498,498,248,Medium,234,107,214.79439252336448,89.29564403559259,36.2031044521793,393.3856805945496,435.0,384.0
498,498,248,High,111,35,272.1714285714286,91.77770000652335,88.61602855838188,455.72682858447524,431.0,485.0
499,499,248,Low,153,106,185.29245283018867,45.71046915222814,93.87151452573238,276.71339113464495,344.0,221.0
499,499,248,Medium,234,107,214.79439252336448,89.29564403559259,36.2031044521793,393.3856805945496,435.0,385.0
499,499,248,High,112,35,272.1714285714286,91.77770000652335,88.61602855838188,455.72682858447524,431.0,486.0
500,500,248,Low,153,106,185.29245283018867,45.71046915222814,93.87151452573238,276.71339113464495,344.0,222.0
500,500,248,Medium,235,107,214.79439252336448,89.29564403559259,36.2031044521793,393.3856805945496,435.0,386.0
500,500,248,High,112,35,272.1714285714286,91.77770000652335,88.61602855838188,455.72682858447524,431.0,487.0
501,501,249,Low,154,106,185.29245283018867,45.71046915222814,93.87151452573238,276.71339113464495,344.0,223.0
501,501,249,Medium,235,108,214.67592592592592,88.88592171189933,36.90408250212727,392.4477693497246,435.0,387.0
501,501,249,High,112,35,272.1714285714286,91.77770000652335,88.61602855838188,455.72682858447524,431.0,488.0
502,502,251,Low,154,107,184.60747663551402,46.04279326340976,92.52189010869449,276.69306316233354,344.0,224.0
502,502,251,Medium,236,108,214.67592592592592,88.88592171189933,36.90408250212727,392.4477693497246,435.0,388.0
502,502,251,High,112,36,271.0,90.72973996593242,89.54052006813515,452.45947993186485,431.0,489.0
503,503,251,Low,155,107,184.60747663551402,46.04279326340976,92.52189010869449,276.69306316233354,344.0,225.0
503,503,251,Medium,236,108,214.67592592592592,88.88592171189933,36.90408250212727,392.4477693497246,435.0,389.0
503,503,251,High,112,36,271.0,90.72973996593242,89.54052006813515,452.45947993186485,431.0,490.0
504,504,252,Low,155,108,184.99074074074073,45.999897474564804,92.99094579161113,276.99053568987034,344.0,215.0
504,504,252,Medium,237,108,214.67592592592592,88.88592171189933,36.90408250212727,392.4477693497246,435.0,390.0
504,504,252,High,112,36,271.0,90.72973996593242,89.54052006813515,452.45947993186485,431.0,491.0
505,505,252,Low,155,108,184.99074074074073,45.999897474564804,92.99094579161113,276.99053568987034,344.0,216.0
505,505,252,Medium,237,108,214.67592592592592,88.88592171189933,36.90408250212727,392.4477693497246,435.0,391.0
505,505,252,High,113,36,271.0,90.72973996593242,89.54052006813515,452.45947993186485,431.0,492.0
506,506,253,Low,156,108,184.99074074074073,45.999897474564804,92.99094579161113,276.99053568987034,344.0,217.0
506,506,253,Medium,237,108,214.67592592592592,88.88592171189933,36.90408250212727,392.4477693497246,435.0,392.0
506,506,253,High,113,37,272.7567567567568,90.09667813749523,92.56340048176631,452.95011303174726,431.0,493.0
507,507,255,Low,156,108,184.99074074074073,45.999897474564804,92.99094579161113,276.99053568987034,344.0,218.0
507,507,255,Medium,238,110,216.79090909090908,89.83339272624215,37.12412363842478,396.45769454339336,435.0,387.0
507,507,255,High,113,37,272.7567567567568,90.09667813749523,92.56340048176631,452.95011303174726,431.0,494.0
508,508,255,Low,156,108,184.99074074074073,45.999897474564804,92.99094579161113,276.99053568987034,344.0,219.0
508,508,255,Medium,239,110,216.79090909090908,89.83339272624215,37.12412363842478,396.45769454339336,435.0,388.0
508,508,255,High,113,37,272.7567567567568,90.09667813749523,92.56340048176631,452.95011303174726,431.0,495.0
509,509,258,Low,156,109,184.6880733944954,45.89535142435378,92.89737054578785,276.47877624320296,344.0,220.0
509,509,258,Medium,239,112,218.30357142857142,89.7490835894607,38.805404249650024,397.8017386074928,435.0,389.0
509,509,258,High,114,37,272.7567567567568,90.09667813749523,92.56340048176631,452.95011303174726,431.0,496.0
510,510,259,Low,156,109,184.6880733944954,45.89535142435378,92.89737054578785,276.47877624320296,344.0,221.0
510,510,259,Medium,240,113,218.75221238938053,89.47471021122706,39.80279196692641,397.70163281183466,435.0,390.0
510,510,259,High,114,37,272.7567567567568,90.09667813749523,92.56340048176631,452.95011303174726,431.0,497.0
511,511,259,Low,156,109,184.6880733944954,45.89535142435378,92.89737054578785,276.47877624320296,344.0,222.0
511,511,259,Medium,241,113,218.75221238938053,89.47471021122706,39.80279196692641,397.70163281183466,435.0,391.0
511,511,259,High,114,37,272.7567567567568,90.09667813749523,92.56340048176631,452.95011303174726,431.0,498.0
512,512,260,Low,156,110,184.42727272727274,45.766150523920516,92.8949716794317,275.95957377511377,344.0,223.0
512,512,260,Medium,242,113,218.75221238938053,89.47471021122706,39.80279196692641,397.70163281183466,435.0,392.0
512,512,260,High,114,37,272.7567567567568,90.09667813749523,92.56340048176631,452.95011303174726,431.0,499.0
513,513,260,Low,156,110,184.42727272727274,45.766150523920516,92.8949716794317,275.95957377511377,344.0,224.0
513,513,260,Medium,243,113,218.75221238938053,89.47471021122706,39.80279196692641,397.70163281183466,435.0,393.0
513,513,260,High,114,37,272.7567567567568,90.09667813749523,92.56340048176631,452.95011303174726,431.0,500.0
514,514,260,Low,156,110,184.42727272727274,45.766150523920516,92.8949716794317,275.95957377511377,344.0,225.0
514,514,260,Medium,244,113,218.75221238938053,89.47471021122706,39.80279196692641,397.70163281183466,435.0,394.0
514,514,260,High,114,37,272.7567567567568,90.09667813749523,92.56340048176631,452.95011303174726,431.0,501.0
515,515,260,Low,156,110,184.42727272727274,45.766150523920516,92.8949716794317,275.95957377511377,344.0,226.0
515,515,260,Medium,244,113,218.75221238938053,89.47471021122706,39.80279196692641,397.70163281183466,435.0,395.0
515,515,260,High,115,37,272.7567567567568,90.09667813749523,92.56340048176631,452.95011303174726,431.0,502.0
516,516,260,Low,157,110,184.42727272727274,45.766150523920516,92.8949716794317,275.95957377511377,344.0,227.0
516,516,260,Medium,244,113,218.75221238938053,89.47471021122706,39.80279196692641,397.70163281183466,435.0,396.0
516,516,260,High,115,37,272.7567567567568,90.09667813749523,92.56340048176631,452.95011303174726,431.0,503.0
517,517,261,Low,158,110,184.42727272727274,45.766150523920516,92.8949716794317,275.95957377511377,344.0,228.0
517,517,261,Medium,244,114,220.31578947368422,90.62880783963321,39.0581737944178,401.5734051529506,435.0,367.0
517,517,261,High,115,37,272.7567567567568,90.09667813749523,92.56340048176631,452.95011303174726,431.0,504.0
518,518,266,Low,158,111,184.34234234234233,45.56643411657223,93.20947410919787,275.4752105754868,344.0,229.0
518,518,266,Medium,245,118,222.0,90.4286090423453,41.1427819153094,402.8572180846906,435.0,367.0
518,518,266,High,115,37,272.7567567567568,90.09667813749523,92.56340048176631,452.95011303174726,431.0,505.0
519,519,266,Low,159,111,184.34234234234233,45.56643411657223,93.20947410919787,275.4752105754868,344.0,230.0
519,519,266,Medium,245,118,222.0,90.4286090423453,41.1427819153094,402.8572180846906,435.0,368.0
519,519,266,High,115,37,272.7567567567568,90.09667813749523,92.56340048176631,452.95011303174726,431.0,506.0
520,520,267,Low,159,112,184.04464285714286,45.46999572886513,93.1046513994126,274.9846343148731,344.0,231.0
520,520,267,Medium,246,118,222.0,90.4286090423453,41.1427819153094,402.8572180846906,435.0,369.0
520,520,267,High,115,37,272.7567567567568,90.09667813749523,92.56340048176631,452.95011303174726,431.0,507.0
521,521,268,Low,159,112,184.04464285714286,45.46999572886513,93.1046513994126,274.9846343148731,344.0,232.0
521,521,268,Medium,247,118,222.0,90.4286090423453,41.1427819153094,402.8572180846906,435.0,370.0
521,521,268,High,115,38,278.94736842105266,96.71774128552687,85.51188584999892,472.3828509921064,508.0,480.0
522,522,268,Low,159,112,184.04464285714286,45.46999572886513,93.1046513994126,274.9846343148731,344.0,233.0
522,522,268,Medium,247,118,222.0,90.4286090423453,41.1427819153094,402.8572180846906,435.0,371.0
522,522,268,High,116,38,278.94736842105266,96.71774128552687,85.51188584999892,472.3828509921064,508.0,481.0
523,523,269,Low,159,112,184.04464285714286,45.46999572886513,93.1046513994126,274.9846343148731,344.0,234.0
523,523,269,Medium,248,119,222.52100840336135,90.22381292825905,42.07338254684325,402.9686342598794,435.0,372.0
523,523,269,High,116,38,278.94736842105266,96.71774128552687,85.51188584999892,472.3828509921064,508.0,482.0
524,524,270,Low,159,113,184.49557522123894,45.51964330566635,93.45628860990624,275.53486183257166,344.0,230.0
524,524,270,Medium,248,119,222.52100840336135,90.22381292825905,42.07338254684325,402.9686342598794,435.0,373.0
524,524,270,High,117,38,278.94736842105266,96.71774128552687,85.51188584999892,472.3828509921064,508.0,483.0
525,525,270,Low,159,113,184.49557522123894,45.51964330566635,93.45628860990624,275.53486183257166,344.0,231.0
525,525,270,Medium,248,119,222.52100840336135,90.22381292825905,42.07338254684325,402.9686342598794,435.0,374.0
525,525,270,High,118,38,278.94736842105266,96.71774128552687,85.51188584999892,472.3828509921064,508.0,484.0
526,526,270,Low,160,113,184.49557522123894,45.51964330566635,93.45628860990624,275.53486183257166,344.0,232.0
526,526,270,Medium,248,119,222.52100840336135,90.22381292825905,42.07338254684325,402.9686342598794,435.0,375.0
526,526,270,High,118,38,278.94736842105266,96.71774128552687,85.51188584999892,472.3828509921064,508.0,485.0
527,527,270,Low,160,113,184.49557522123894,45.51964330566635,93.45628860990624,275.53486183257166,344.0,233.0
527,527,270,Medium,249,119,222.52100840336135,90.22381292825905,42.07338254684325,402.9686342598794,435.0,376.0
527,527,270,High,118,38,278.94736842105266,96.71774128552687,85.51188584999892,472.3828509921064,508.0,486.0
528,528,271,Low,160,113,184.49557522123894,45.51964330566635,93.45628860990624,275.53486183257166,344.0,234.0
528,528,271,Medium,249,119,222.52100840336135,90.22381292825905,42.07338254684325,402.9686342598794,435.0,377.0
528,528,271,High,119,39,280.0,95.66278493255687,88.67443013488625,471.3255698651137,508.0,487.0
529,529,272,Low,161,114,184.93859649122808,45.56397526841264,93.8106459544028,276.0665470280534,344.0,234.0
529,529,272,Medium,249,119,222.52100840336135,90.22381292825905,42.07338254684325,402.9686342598794,435.0,378.0
529,529,272,High,119,39,280.0,95.66278493255687,88.67443013488625,471.3255698651137,508.0,488.0
530,530,275,Low,162,115,184.80869565217392,45.38507669796585,94.03854225624222,275.5788490481056,344.0,235.0
530,530,275,Medium,249,121,222.78512396694214,89.52403835577442,43.73704725539329,401.833200678491,435.0,379.0
530,530,275,High,119,39,280.0,95.66278493255687,88.67443013488625,471.3255698651137,508.0,489.0
531,531,276,Low,163,115,184.80869565217392,45.38507669796585,94.03854225624222,275.5788490481056,344.0,236.0
531,531,276,Medium,249,122,223.05737704918033,89.20403756013633,44.649301928907676,401.465452169453,435.0,380.0
531,531,276,High,119,39,280.0,95.66278493255687,88.67443013488625,471.3255698651137,508.0,490.0
532,532,276,Low,164,115,184.80869565217392,45.38507669796585,94.03854225624222,275.5788490481056,344.0,237.0
532,532,276,Medium,249,122,223.05737704918033,89.20403756013633,44.649301928907676,401.465452169453,435.0,381.0
532,532,276,High,119,39,280.0,95.66278493255687,88.67443013488625,471.3255698651137,508.0,491.0
533,533,276,Low,164,115,184.80869565217392,45.38507669796585,94.03854225624222,275.5788490481056,344.0,238.0
533,533,276,Medium,249,122,223.05737704918033,89.20403756013633,44.649301928907676,401.465452169453,435.0,382.0
533,533,276,High,120,39,280.0,95.66278493255687,88.67443013488625,471.3255698651137,508.0,492.0
534,534,279,Low,164,115,184.80869565217392,45.38507669796585,94.03854225624222,275.5788490481056,344.0,239.0
534,534,279,Medium,249,124,224.46774193548387,89.32132871809162,45.82508449930063,403.1103993716671,435.0,383.0
534,534,279,High,121,40,279.25,94.54743755765118,90.15512488469764,468.34487511530233,508.0,493.0
535,535,279,Low,164,115,184.80869565217392,45.38507669796585,94.03854225624222,275.5788490481056,344.0,240.0
535,535,279,Medium,250,124,224.46774193548387,89.32132871809162,45.82508449930063,403.1103993716671,435.0,384.0
535,535,279,High,121,40,279.25,94.54743755765118,90.15512488469764,468.34487511530233,508.0,494.0
536,536,280,Low,164,115,184.80869565217392,45.38507669796585,94.03854225624222,275.5788490481056,344.0,241.0
536,536,280,Medium,250,124,224.46774193548387,89.32132871809162,45.82508449930063,403.1103993716671,435.0,385.0
536,536,280,High,122,41,279.9756097560976,93.47365612964919,93.02829749679921,466.92292201539595,508.0,495.0
537,537,281,Low,165,115,184.80869565217392,45.38507669796585,94.03854225624222,275.5788490481056,344.0,242.0
537,537,281,Medium,250,125,225.008,89.16525940000942,46.67748119998117,403.33851880001885,435.0,386.0
537,537,281,High,122,41,279.9756097560976,93.47365612964919,93.02829749679921,466.92292201539595,508.0,496.0
538,538,283,Low,165,115,184.80869565217392,45.38507669796585,94.03854225624222,275.5788490481056,344.0,243.0
538,538,283,Medium,251,127,226.45669291338584,89.54033904314026,47.37601482710531,405.53737099966634,435.0,387.0
538,538,283,High,122,41,279.9756097560976,93.47365612964919,93.02829749679921,466.92292201539595,508.0,497.0
539,539,284,Low,165,115,184.80869565217392,45.38507669796585,94.03854225624222,275.5788490481056,344.0,244.0
539,539,284,Medium,252,128,226.84375,89.29456142894371,48.25462714211258,405.43287285788745,435.0,388.0
539,539,284,High,122,41,279.9756097560976,93.47365612964919,93.02829749679921,466.92292201539595,508.0,498.0
540,540,285,Low,166,115,184.80869565217392,45.38507669796585,94.03854225624222,275.5788490481056,344.0,245.0
540,540,285,Medium,252,128,226.84375,89.29456142894371,48.25462714211258,405.43287285788745,435.0,389.0
540,540,285,High,122,42,283.5,95.11001332218571,93.27997335562858,473.7200266443714,508.0,499.0
541,541,287,Low,166,115,184.80869565217392,45.38507669796585,94.03854225624222,275.5788490481056,344.0,246.0
541,541,287,Medium,253,130,228.12307692307692,89.25670803050966,49.60966086205761,406.6364929840962,435.0,390.0
541,541,287,High,122,42,283.5,95.11001332218571,93.27997335562858,473.7200266443714,508.0,500.0
542,542,287,Low,166,115,184.80869565217392,45.38507669796585,94.03854225624222,275.5788490481056,344.0,247.0
542,542,287,Medium,253,130,228.12307692307692,89.25670803050966,49.60966086205761,406.6364929840962,435.0,391.0
542,542,287,High,123,42,283.5,95.11001332218571,93.27997335562858,473.7200266443714,508.0,501.0
543,543,288,Low,166,115,184.80869565217392,45.38507669796585,94.03854225624222,275.5788490481056,344.0,248.0
543,543,288,Medium,253,131,228.14503816793894,88.91310556141573,50.31882704510747,405.9712492907704,435.0,392.0
543,543,288,High,124,42,283.5,95.11001332218571,93.27997335562858,473.7200266443714,508.0,502.0
544,544,288,Low,167,115,184.80869565217392,45.38507669796585,94.03854225624222,275.5788490481056,344.0,249.0
544,544,288,Medium,253,131,228.14503816793894,88.91310556141573,50.31882704510747,405.9712492907704,435.0,393.0
544,544,288,High,124,42,283.5,95.11001332218571,93.27997335562858,473.7200266443714,508.0,503.0
545,545,290,Low,167,116,184.98275862068965,45.22619148018214,94.53037566032538,275.4351415810539,344.0,250.0
545,545,290,Medium,254,132,228.22727272727272,88.57813137219989,51.07100998287294,405.38353547167253,435.0,394.0
545,545,290,High,124,42,283.5,95.11001332218571,93.27997335562858,473.7200266443714,508.0,504.0
546,546,292,Low,167,116,184.98275862068965,45.22619148018214,94.53037566032538,275.4351415810539,344.0,251.0
546,546,292,Medium,255,134,228.79850746268656,88.03551742667645,52.72747260933366,404.86954231603943,435.0,395.0
546,546,292,High,124,42,283.5,95.11001332218571,93.27997335562858,473.7200266443714,508.0,505.0
547,547,292,Low,167,116,184.98275862068965,45.22619148018214,94.53037566032538,275.4351415810539,344.0,252.0
547,547,292,Medium,255,134,228.79850746268656,88.03551742667645,52.72747260933366,404.86954231603943,435.0,396.0
547,547,292,High,125,42,283.5,95.11001332218571,93.27997335562858,473.7200266443714,508.0,506.0
548,548,293,Low,167,116,184.98275862068965,45.22619148018214,94.53037566032538,275.4351415810539,344.0,253.0
548,548,293,Medium,256,135,228.31851851851852,87.88354335038319,52.55143181775213,404.0856052192849,435.0,397.0
548,548,293,High,125,42,283.5,95.11001332218571,93.27997335562858,473.7200266443714,508.0,507.0
549,549,295,Low,167,118,185.27118644067798,45.404104076133876,94.46297828841023,276.07939459294573,344.0,226.0
549,549,295,Medium,256,135,228.31851851851852,87.88354335038319,52.55143181775213,404.0856052192849,435.0,398.0
549,549,295,High,126,42,283.5,95.11001332218571,93.27997335562858,473.7200266443714,508.0,508.0
550,550,295,Low,167,118,185.27118644067798,45.404104076133876,94.46297828841023,276.07939459294573,344.0,227.0
550,550,295,Medium,257,135,228.31851851851852,87.88354335038319,52.55143181775213,404.0856052192849,435.0,399.0
550,550,295,High,126,42,283.5,95.11001332218571,93.27997335562858,473.7200266443714,508.0,509.0
551,551,297,Low,167,118,185.27118644067798,45.404104076133876,94.46297828841023,276.07939459294573,344.0,228.0
551,551,297,Medium,258,137,228.86131386861314,87.79104390219727,53.27922606421859,404.44340167300766,435.0,400.0
551,551,297,High,126,42,283.5,95.11001332218571,93.27997335562858,473.7200266443714,508.0,510.0
552,552,299,Low,167,119,184.64705882352942,45.72107555330197,93.20490771692548,276.0892099301334,344.0,229.0
552,552,299,Medium,259,138,228.92028985507247,87.47279548682741,53.97469888141765,403.8658808287273,435.0,401.0
552,552,299,High,126,42,283.5,95.11001332218571,93.27997335562858,473.7200266443714,508.0,511.0
553,553,299,Low,167,119,184.64705882352942,45.72107555330197,93.20490771692548,276.0892099301334,344.0,230.0
553,553,299,Medium,260,138,228.92028985507247,87.47279548682741,53.97469888141765,403.8658808287273,435.0,402.0
553,553,299,High,126,42,283.5,95.11001332218571,93.27997335562858,473.7200266443714,508.0,512.0
554,554,299,Low,167,119,184.64705882352942,45.72107555330197,93.20490771692548,276.0892099301334,344.0,231.0
554,554,299,Medium,261,138,228.92028985507247,87.47279548682741,53.97469888141765,403.8658808287273,435.0,403.0
554,554,299,High,126,42,283.5,95.11001332218571,93.27997335562858,473.7200266443714,508.0,513.0
555,555,299,Low,168,119,184.64705882352942,45.72107555330197,93.20490771692548,276.0892099301334,344.0,232.0
555,555,299,Medium,261,138,228.92028985507247,87.47279548682741,53.97469888141765,403.8658808287273,435.0,404.0
555,555,299,High,126,42,283.5,95.11001332218571,93.27997335562858,473.7200266443714,508.0,514.0
556,556,299,Low,168,119,184.64705882352942,45.72107555330197,93.20490771692548,276.0892099301334,344.0,233.0
556,556,299,Medium,262,138,228.92028985507247,87.47279548682741,53.97469888141765,403.8658808287273,435.0,405.0
556,556,299,High,126,42,283.5,95.11001332218571,93.27997335562858,473.7200266443714,508.0,515.0
557,557,299,Low,169,119,184.64705882352942,45.72107555330197,93.20490771692548,276.0892099301334,344.0,234.0
557,557,299,Medium,262,138,228.92028985507247,87.47279548682741,53.97469888141765,403.8658808287273,435.0,406.0
557,557,299,High,126,42,283.5,95.11001332218571,93.27997335562858,473.7200266443714,508.0,516.0
558,558,299,Low,169,119,184.64705882352942,45.72107555330197,93.20490771692548,276.0892099301334,344.0,235.0
558,558,299,Medium,263,138,228.92028985507247,87.47279548682741,53.97469888141765,403.8658808287273,435.0,407.0
558,558,299,High,126,42,283.5,95.11001332218571,93.27997335562858,473.7200266443714,508.0,517.0
559,559,299,Low,170,119,184.64705882352942,45.72107555330197,93.20490771692548,276.0892099301334,344.0,236.0
559,559,299,Medium,263,138,228.92028985507247,87.47279548682741,53.97469888141765,403.8658808287273,435.0,408.0
559,559,299,High,126,42,283.5,95.11001332218571,93.27997335562858,473.7200266443714,508.0,518.0
560,560,300,Low,170,119,184.64705882352942,45.72107555330197,93.20490771692548,276.0892099301334,344.0,237.0
560,560,300,Medium,263,138,228.92028985507247,87.47279548682741,53.97469888141765,403.8658808287273,435.0,409.0
560,560,300,High,127,43,282.90697674418607,94.05135728584128,94.80426217250351,471.0096913158686,508.0,519.0
561,561,300,Low,171,119,184.64705882352942,45.72107555330197,93.20490771692548,276.0892099301334,344.0,238.0
561,561,300,Medium,263,138,228.92028985507247,87.47279548682741,53.97469888141765,403.8658808287273,435.0,410.0
561,561,300,High,127,43,282.90697674418607,94.05135728584128,94.80426217250351,471.0096913158686,508.0,520.0
562,562,301,Low,171,120,185.03333333333333,45.72477645733032,93.58378041867269,276.482886247994,344.0,239.0
562,562,301,Medium,264,138,228.92028985507247,87.47279548682741,53.97469888141765,403.8658808287273,435.0,411.0
562,562,301,High,127,43,282.90697674418607,94.05135728584128,94.80426217250351,471.0096913158686,508.0,521.0
563,563,302,Low,171,121,184.63636363636363,45.74275898981172,93.15084565674019,276.12188161598704,344.0,240.0
563,563,302,Medium,265,138,228.92028985507247,87.47279548682741,53.97469888141765,403.8658808287273,435.0,412.0
563,563,302,High,127,43,282.90697674418607,94.05135728584128,94.80426217250351,471.0096913158686,508.0,522.0
564,564,302,Low,171,121,184.63636363636363,45.74275898981172,93.15084565674019,276.12188161598704,344.0,241.0
564,564,302,Medium,266,138,228.92028985507247,87.47279548682741,53.97469888141765,403.8658808287273,435.0,413.0
564,564,302,High,127,43,282.90697674418607,94.05135728584128,94.80426217250351,471.0096913158686,508.0,523.0
565,565,302,Low,171,121,184.63636363636363,45.74275898981172,93.15084565674019,276.12188161598704,344.0,242.0
565,565,302,Medium,267,138,228.92028985507247,87.47279548682741,53.97469888141765,403.8658808287273,435.0,414.0
565,565,302,High,127,43,282.90697674418607,94.05135728584128,94.80426217250351,471.0096913158686,508.0,524.0
566,566,302,Low,172,121,184.63636363636363,45.74275898981172,93.15084565674019,276.12188161598704,344.0,243.0
566,566,302,Medium,267,138,228.92028985507247,87.47279548682741,53.97469888141765,403.8658808287273,435.0,415.0
566,566,302,High,127,43,282.90697674418607,94.05135728584128,94.80426217250351,471.0096913158686,508.0,525.0
567,567,304,Low,172,122,184.5327868852459,45.567710843402324,93.39736519844126,275.66820857205056,344.0,244.0
567,567,304,Medium,268,139,228.25179856115108,87.51091803727833,53.22996248659442,403.2736346357077,435.0,416.0
567,567,304,High,127,43,282.90697674418607,94.05135728584128,94.80426217250351,471.0096913158686,508.0,526.0
568,568,304,Low,172,122,184.5327868852459,45.567710843402324,93.39736519844126,275.66820857205056,344.0,245.0
568,568,304,Medium,269,139,228.25179856115108,87.51091803727833,53.22996248659442,403.2736346357077,435.0,417.0
568,568,304,High,127,43,282.90697674418607,94.05135728584128,94.80426217250351,471.0096913158686,508.0,527.0
569,569,304,Low,173,122,184.5327868852459,45.567710843402324,93.39736519844126,275.66820857205056,344.0,246.0
569,569,304,Medium,269,139,228.25179856115108,87.51091803727833,53.22996248659442,403.2736346357077,435.0,418.0
569,569,304,High,127,43,282.90697674418607,94.05135728584128,94.80426217250351,471.0096913158686,508.0,528.0
570,570,305,Low,173,123,184.4878048780488,45.383315677275654,93.72117352349748,275.2544362326001,344.0,247.0
570,570,305,Medium,270,139,228.25179856115108,87.51091803727833,53.22996248659442,403.2736346357077,435.0,419.0
570,570,305,High,127,43,282.90697674418607,94.05135728584128,94.80426217250351,471.0096913158686,508.0,529.0
571,571,307,Low,174,125,185.464,45.66843054438259,94.12713891123482,276.80086108876515,344.0,237.0
571,571,307,Medium,270,139,228.25179856115108,87.51091803727833,53.22996248659442,403.2736346357077,435.0,420.0
571,571,307,High,127,43,282.90697674418607,94.05135728584128,94.80426217250351,471.0096913158686,508.0,530.0
572,572,308,Low,174,125,185.464,45.66843054438259,94.12713891123482,276.80086108876515,344.0,238.0
572,572,308,Medium,271,139,228.25179856115108,87.51091803727833,53.22996248659442,403.2736346357077,435.0,421.0
572,572,308,High,127,44,283.54545454545456,93.04773832160203,97.44997790225051,469.6409311886586,508.0,531.0
573,573,310,Low,174,126,185.88888888888889,45.734752164579994,94.4193845597289,277.3583932180489,344.0,226.0
573,573,310,Medium,272,139,228.25179856115108,87.51091803727833,53.22996248659442,403.2736346357077,435.0,422.0
573,573,310,High,127,45,286.53333333333336,94.1426866758404,98.24795998165257,474.81870668501415,508.0,532.0
574,574,311,Low,174,127,186.0551181102362,45.59140602089532,94.87230606844557,277.2379301520268,344.0,227.0
574,574,311,Medium,273,139,228.25179856115108,87.51091803727833,53.22996248659442,403.2736346357077,435.0,423.0
574,574,311,High,127,45,286.53333333333336,94.1426866758404,98.24795998165257,474.81870668501415,508.0,533.0
575,575,312,Low,174,127,186.0551181102362,45.59140602089532,94.87230606844557,277.2379301520268,344.0,228.0
575,575,312,Medium,274,139,228.25179856115108,87.51091803727833,53.22996248659442,403.2736346357077,435.0,424.0
575,575,312,High,127,46,291.9130434782609,99.98596036710053,91.94112274405981,491.8849642124619,534.0,523.0
576,576,315,Low,174,128,186.0625,45.41163436205606,95.23923127588787,276.88576872411215,344.0,229.0
576,576,315,Medium,274,140,228.45714285714286,87.22940658443672,53.99832968826942,402.91595602601626,435.0,425.0
576,576,315,High,128,47,290.9574468085106,99.10994278354161,92.73756124142739,489.17733237559383,534.0,524.0
577,577,316,Low,174,128,186.0625,45.41163436205606,95.23923127588787,276.88576872411215,344.0,230.0
577,577,316,Medium,275,141,228.86524822695034,87.05230118055927,54.760645865831805,402.9698505880689,435.0,426.0
577,577,316,High,128,47,290.9574468085106,99.10994278354161,92.73756124142739,489.17733237559383,534.0,525.0
578,578,316,Low,174,128,186.0625,45.41163436205606,95.23923127588787,276.88576872411215,344.0,231.0
578,578,316,Medium,275,141,228.86524822695034,87.05230118055927,54.760645865831805,402.9698505880689,435.0,427.0
578,578,316,High,129,47,290.9574468085106,99.10994278354161,92.73756124142739,489.17733237559383,534.0,526.0
579,579,316,Low,175,128,186.0625,45.41163436205606,95.23923127588787,276.88576872411215,344.0,232.0
579,579,316,Medium,275,141,228.86524822695034,87.05230118055927,54.760645865831805,402.9698505880689,435.0,428.0
579,579,316,High,129,47,290.9574468085106,99.10994278354161,92.73756124142739,489.17733237559383,534.0,527.0
580,580,316,Low,175,128,186.0625,45.41163436205606,95.23923127588787,276.88576872411215,344.0,233.0
580,580,316,Medium,276,141,228.86524822695034,87.05230118055927,54.760645865831805,402.9698505880689,435.0,429.0
580,580,316,High,129,47,290.9574468085106,99.10994278354161,92.73756124142739,489.17733237559383,534.0,528.0
581,581,317,Low,176,128,186.0625,45.41163436205606,95.23923127588787,276.88576872411215,344.0,234.0
581,581,317,Medium,276,142,229.59154929577466,87.17376101172977,55.24402727231512,403.9390713192342,435.0,430.0
581,581,317,High,129,47,290.9574468085106,99.10994278354161,92.73756124142739,489.17733237559383,534.0,529.0
582,582,318,Low,177,128,186.0625,45.41163436205606,95.23923127588787,276.88576872411215,344.0,235.0
582,582,318,Medium,276,143,230.5174825174825,87.56911581329271,55.37925089089708,405.65571414406793,435.0,431.0
582,582,318,High,129,47,290.9574468085106,99.10994278354161,92.73756124142739,489.17733237559383,534.0,530.0
583,583,319,Low,177,129,185.5891472868217,45.552272926808484,94.48460143320474,276.69369314043865,344.0,236.0
583,583,319,Medium,277,143,230.5174825174825,87.56911581329271,55.37925089089708,405.65571414406793,435.0,432.0
583,583,319,High,129,47,290.9574468085106,99.10994278354161,92.73756124142739,489.17733237559383,534.0,531.0
584,584,321,Low,177,130,185.98461538461538,45.59885497939963,94.78690542581612,277.1823253434146,344.0,196.0
584,584,321,Medium,277,144,230.46527777777777,87.26464156263502,55.93599465250773,404.99456090304784,435.0,433.0
584,584,321,High,130,47,290.9574468085106,99.10994278354161,92.73756124142739,489.17733237559383,534.0,532.0
585,585,323,Low,177,131,186.03053435114504,45.42617661679183,95.17818111756138,276.8828875847287,344.0,197.0
585,585,323,Medium,277,144,230.46527777777777,87.26464156263502,55.93599465250773,404.99456090304784,435.0,434.0
585,585,323,High,131,48,294.9166666666667,101.81456513563697,91.28753639539275,498.5457969379406,534.0,533.0
586,586,324,Low,177,131,186.03053435114504,45.42617661679183,95.17818111756138,276.8828875847287,344.0,198.0
586,586,324,Medium,278,144,230.46527777777777,87.26464156263502,55.93599465250773,404.99456090304784,435.0,435.0
586,586,324,High,131,49,298.0612244897959,103.12500669964933,91.81121109049724,504.31123788909457,534.0,534.0
587,587,325,Low,177,131,186.03053435114504,45.42617661679183,95.17818111756138,276.8828875847287,344.0,199.0
587,587,325,Medium,278,145,230.4758620689655,86.96120485265419,56.55345236365713,404.3982717742739,435.0,436.0
587,587,325,High,132,49,298.0612244897959,103.12500669964933,91.81121109049724,504.31123788909457,534.0,535.0
588,588,325,Low,177,131,186.03053435114504,45.42617661679183,95.17818111756138,276.8828875847287,344.0,200.0
588,588,325,Medium,279,145,230.4758620689655,86.96120485265419,56.55345236365713,404.3982717742739,435.0,437.0
588,588,325,High,132,49,298.0612244897959,103.12500669964933,91.81121109049724,504.31123788909457,534.0,536.0
589,589,325,Low,177,131,186.03053435114504,45.42617661679183,95.17818111756138,276.8828875847287,344.0,201.0
589,589,325,Medium,280,145,230.4758620689655,86.96120485265419,56.55345236365713,404.3982717742739,435.0,438.0
589,589,325,High,132,49,298.0612244897959,103.12500669964933,91.81121109049724,504.31123788909457,534.0,537.0
590,590,327,Low,177,132,185.5,45.66113151574006,94.17773696851988,276.82226303148013,344.0,202.0
590,590,327,Medium,281,146,231.33561643835617,87.281255830061,56.77310477823417,405.8981280984782,435.0,439.0
590,590,327,High,132,49,298.0612244897959,103.12500669964933,91.81121109049724,504.31123788909457,534.0,538.0
591,591,327,Low,177,132,185.5,45.66113151574006,94.17773696851988,276.82226303148013,344.0,203.0
591,591,327,Medium,282,146,231.33561643835617,87.281255830061,56.77310477823417,405.8981280984782,435.0,440.0
591,591,327,High,132,49,298.0612244897959,103.12500669964933,91.81121109049724,504.31123788909457,534.0,539.0
592,592,327,Low,177,132,185.5,45.66113151574006,94.17773696851988,276.82226303148013,344.0,204.0
592,592,327,Medium,283,146,231.33561643835617,87.281255830061,56.77310477823417,405.8981280984782,435.0,441.0
592,592,327,High,132,49,298.0612244897959,103.12500669964933,91.81121109049724,504.31123788909457,534.0,540.0
593,593,328,Low,178,132,185.5,45.66113151574006,94.17773696851988,276.82226303148013,344.0,205.0
593,593,328,Medium,283,147,231.68027210884352,87.08215192269364,57.515968263456244,405.8445759542308,435.0,442.0
593,593,328,High,132,49,298.0612244897959,103.12500669964933,91.81121109049724,504.31123788909457,534.0,541.0
594,594,329,Low,178,132,185.5,45.66113151574006,94.17773696851988,276.82226303148013,344.0,206.0
594,594,329,Medium,284,148,232.11486486486487,86.94634545751181,58.22217394984125,406.0075557798885,435.0,443.0
594,594,329,High,132,49,298.0612244897959,103.12500669964933,91.81121109049724,504.31123788909457,534.0,542.0
595,595,331,Low,178,133,184.9624060150376,45.90840782818276,93.14559035867208,276.7792216714031,344.0,207.0
595,595,331,Medium,284,148,232.11486486486487,86.94634545751181,58.22217394984125,406.0075557798885,435.0,444.0
595,595,331,High,133,50,295.22,104.02576015348413,87.16847969303177,503.2715203069683,534.0,543.0
596,596,331,Low,179,133,184.9624060150376,45.90840782818276,93.14559035867208,276.7792216714031,344.0,208.0
596,596,331,Medium,284,148,232.11486486486487,86.94634545751181,58.22217394984125,406.0075557798885,435.0,445.0
596,596,331,High,133,50,295.22,104.02576015348413,87.16847969303177,503.2715203069683,534.0,544.0
597,597,331,Low,179,133,184.9624060150376,45.90840782818276,93.14559035867208,276.7792216714031,344.0,209.0
597,597,331,Medium,284,148,232.11486486486487,86.94634545751181,58.22217394984125,406.0075557798885,435.0,446.0
597,597,331,High,134,50,295.22,104.02576015348413,87.16847969303177,503.2715203069683,534.0,545.0
598,598,332,Low,180,133,184.9624060150376,45.90840782818276,93.14559035867208,276.7792216714031,344.0,210.0
598,598,332,Medium,284,149,231.73825503355704,86.77396825779486,58.19031851796731,405.2861915491468,435.0,447.0
598,598,332,High,134,50,295.22,104.02576015348413,87.16847969303177,503.2715203069683,534.0,546.0
599,599,334,Low,180,134,184.93283582089552,45.73677511491919,93.45928559105714,276.4063860507339,344.0,211.0
599,599,334,Medium,285,149,231.73825503355704,86.77396825779486,58.19031851796731,405.2861915491468,435.0,448.0
599,599,334,High,134,51,295.4313725490196,102.9913112649724,89.44875001907482,501.4139950789644,534.0,547.0
600,600,334,Low,180,134,184.93283582089552,45.73677511491919,93.45928559105714,276.4063860507339,344.0,212.0
600,600,334,Medium,286,149,231.73825503355704,86.77396825779486,58.19031851796731,405.2861915491468,435.0,449.0
600,600,334,High,134,51,295.4313725490196,102.9913112649724,89.44875001907482,501.4139950789644,534.0,548.0
601,601,334,Low,180,134,184.93283582089552,45.73677511491919,93.45928559105714,276.4063860507339,344.0,213.0
601,601,334,Medium,287,149,231.73825503355704,86.77396825779486,58.19031851796731,405.2861915491468,435.0,450.0
601,601,334,High,134,51,295.4313725490196,102.9913112649724,89.44875001907482,501.4139950789644,534.0,549.0
602,602,336,Low,180,134,184.93283582089552,45.73677511491919,93.45928559105714,276.4063860507339,344.0,214.0
602,602,336,Medium,287,150,232.12,86.60857870927262,58.90284258145476,405.33715741854525,435.0,451.0
602,602,336,High,135,52,293.63461538461536,102.79639668022128,88.0418220241728,499.2274087450579,534.0,550.0
603,603,337,Low,180,134,184.93283582089552,45.73677511491919,93.45928559105714,276.4063860507339,344.0,215.0
603,603,337,Medium,288,150,232.12,86.60857870927262,58.90284258145476,405.33715741854525,435.0,452.0
603,603,337,High,135,53,298.49056603773585,107.76659655183394,82.95737293406796,514.0237591414037,551.0,550.0
604,604,337,Low,180,134,184.93283582089552,45.73677511491919,93.45928559105714,276.4063860507339,344.0,216.0
604,604,337,Medium,288,150,232.12,86.60857870927262,58.90284258145476,405.33715741854525,435.0,453.0
604,604,337,High,136,53,298.49056603773585,107.76659655183394,82.95737293406796,514.0237591414037,551.0,551.0
605,605,338,Low,181,134,184.93283582089552,45.73677511491919,93.45928559105714,276.4063860507339,344.0,217.0
605,605,338,Medium,288,151,232.6953642384106,86.60846712860378,59.47842998120305,405.9122984956182,435.0,454.0
605,605,338,High,136,53,298.49056603773585,107.76659655183394,82.95737293406796,514.0237591414037,551.0,552.0
606,606,338,Low,181,134,184.93283582089552,45.73677511491919,93.45928559105714,276.4063860507339,344.0,218.0
606,606,338,Medium,289,151,232.6953642384106,86.60846712860378,59.47842998120305,405.9122984956182,435.0,455.0
606,606,338,High,136,53,298.49056603773585,107.76659655183394,82.95737293406796,514.0237591414037,551.0,553.0
607,607,340,Low,181,134,184.93283582089552,45.73677511491919,93.45928559105714,276.4063860507339,344.0,219.0
607,607,340,Medium,290,152,233.375,86.72693024928057,59.92113950143886,406.82886049856114,435.0,456.0
607,607,340,High,136,54,302.68518518518516,111.10641237444298,80.4723604362992,524.8980099340711,551.0,554.0
608,608,343,Low,181,135,185.1925925925926,45.66564015744766,93.86131227769728,276.52387290748794,344.0,216.0
608,608,343,Medium,291,154,234.05844155844156,88.55058279078723,56.957275976867095,411.159607140016,457.0,454.0
608,608,343,High,136,54,302.68518518518516,111.10641237444298,80.4723604362992,524.8980099340711,551.0,555.0
609,609,343,Low,181,135,185.1925925925926,45.66564015744766,93.86131227769728,276.52387290748794,344.0,217.0
609,609,343,Medium,291,154,234.05844155844156,88.55058279078723,56.957275976867095,411.159607140016,457.0,455.0
609,609,343,High,137,54,302.68518518518516,111.10641237444298,80.4723604362992,524.8980099340711,551.0,556.0
610,610,343,Low,181,135,185.1925925925926,45.66564015744766,93.86131227769728,276.52387290748794,344.0,218.0
610,610,343,Medium,292,154,234.05844155844156,88.55058279078723,56.957275976867095,411.159607140016,457.0,456.0
610,610,343,High,137,54,302.68518518518516,111.10641237444298,80.4723604362992,524.8980099340711,551.0,557.0
611,611,345,Low,181,136,184.98529411764707,45.56037675747671,93.86454060269365,276.1060476326005,344.0,219.0
611,611,345,Medium,293,155,234.5225806451613,88.45156686915564,57.619446906850015,411.4257143834726,457.0,457.0
611,611,345,High,137,54,302.68518518518516,111.10641237444298,80.4723604362992,524.8980099340711,551.0,558.0
612,612,349,Low,182,137,185.24087591240877,45.49103427299863,94.2588073664115,276.222944458406,344.0,204.0
612,612,349,Medium,293,158,234.5253164556962,87.71927570105132,59.08676505359358,409.96386785779885,457.0,458.0
612,612,349,High,137,54,302.68518518518516,111.10641237444298,80.4723604362992,524.8980099340711,551.0,559.0
613,613,350,Low,182,138,185.13768115942028,45.34091335406479,94.4558544512907,275.8195078675499,344.0,205.0
613,613,350,Medium,294,158,234.5253164556962,87.71927570105132,59.08676505359358,409.96386785779885,457.0,459.0
613,613,350,High,137,54,302.68518518518516,111.10641237444298,80.4723604362992,524.8980099340711,551.0,560.0
614,614,351,Low,182,138,185.13768115942028,45.34091335406479,94.4558544512907,275.8195078675499,344.0,206.0
614,614,351,Medium,295,158,234.5253164556962,87.71927570105132,59.08676505359358,409.96386785779885,457.0,460.0
614,614,351,High,137,55,306.3454545454546,113.37061775300059,79.6042190394534,533.0866900514558,551.0,561.0
615,615,351,Low,183,138,185.13768115942028,45.34091335406479,94.4558544512907,275.8195078675499,344.0,207.0
615,615,351,Medium,295,158,234.5253164556962,87.71927570105132,59.08676505359358,409.96386785779885,457.0,461.0
615,615,351,High,137,55,306.3454545454546,113.37061775300059,79.6042190394534,533.0866900514558,551.0,562.0
616,616,354,Low,183,139,184.50359712230215,45.79069807772327,92.92220096685561,276.0849932777487,344.0,208.0
616,616,354,Medium,295,159,234.06289308176102,87.63544204812064,58.79200898551974,409.33377717800226,457.0,462.0
616,616,354,High,138,56,307.89285714285717,112.93049810656728,82.0318609297226,533.7538533559917,551.0,563.0
617,617,354,Low,183,139,184.50359712230215,45.79069807772327,92.92220096685561,276.0849932777487,344.0,209.0
617,617,354,Medium,296,159,234.06289308176102,87.63544204812064,58.79200898551974,409.33377717800226,457.0,463.0
617,617,354,High,138,56,307.89285714285717,112.93049810656728,82.0318609297226,533.7538533559917,551.0,564.0
618,618,354,Low,183,139,184.50359712230215,45.79069807772327,92.92220096685561,276.0849932777487,344.0,210.0
618,618,354,Medium,297,159,234.06289308176102,87.63544204812064,58.79200898551974,409.33377717800226,457.0,464.0
618,618,354,High,138,56,307.89285714285717,112.93049810656728,82.0318609297226,533.7538533559917,551.0,565.0
619,619,354,Low,183,139,184.50359712230215,45.79069807772327,92.92220096685561,276.0849932777487,344.0,211.0
619,619,354,Medium,298,159,234.06289308176102,87.63544204812064,58.79200898551974,409.33377717800226,457.0,465.0
619,619,354,High,138,56,307.89285714285717,112.93049810656728,82.0318609297226,533.7538533559917,551.0,566.0
620,620,357,Low,183,139,184.50359712230215,45.79069807772327,92.92220096685561,276.0849932777487,344.0,212.0
620,620,357,Medium,299,161,232.83229813664596,88.62069707641977,55.59090398380641,410.0736922894855,457.0,466.0
620,620,357,High,138,57,304.6666666666667,114.53747567208445,75.59171532249778,533.7416180108356,551.0,567.0
621,621,359,Low,183,140,184.43571428571428,45.6327552926758,93.17020370036268,275.7012248710659,344.0,213.0
621,621,359,Medium,300,162,234.27777777777777,90.24041388500304,53.7969500077717,414.7586055477839,467.0,443.0
621,621,359,High,138,57,304.6666666666667,114.53747567208445,75.59171532249778,533.7416180108356,551.0,568.0
622,622,359,Low,183,140,184.43571428571428,45.6327552926758,93.17020370036268,275.7012248710659,344.0,214.0
622,622,359,Medium,301,162,234.27777777777777,90.24041388500304,53.7969500077717,414.7586055477839,467.0,444.0
622,622,359,High,138,57,304.6666666666667,114.53747567208445,75.59171532249778,533.7416180108356,551.0,569.0
623,623,359,Low,183,140,184.43571428571428,45.6327552926758,93.17020370036268,275.7012248710659,344.0,215.0
623,623,359,Medium,302,162,234.27777777777777,90.24041388500304,53.7969500077717,414.7586055477839,467.0,445.0
623,623,359,High,138,57,304.6666666666667,114.53747567208445,75.59171532249778,533.7416180108356,551.0,570.0
624,624,359,Low,184,140,184.43571428571428,45.6327552926758,93.17020370036268,275.7012248710659,344.0,216.0
624,624,359,Medium,302,162,234.27777777777777,90.24041388500304,53.7969500077717,414.7586055477839,467.0,446.0
624,624,359,High,138,57,304.6666666666667,114.53747567208445,75.59171532249778,533.7416180108356,551.0,571.0
625,625,360,Low,184,140,184.43571428571428,45.6327552926758,93.17020370036268,275.7012248710659,344.0,217.0
625,625,360,Medium,303,163,234.51533742331287,90.01257496705814,54.490187489196586,414.54048735742913,467.0,447.0
625,625,360,High,138,57,304.6666666666667,114.53747567208445,75.59171532249778,533.7416180108356,551.0,572.0
626,626,360,Low,184,140,184.43571428571428,45.6327552926758,93.17020370036268,275.7012248710659,344.0,218.0
626,626,360,Medium,304,163,234.51533742331287,90.01257496705814,54.490187489196586,414.54048735742913,467.0,448.0
626,626,360,High,138,57,304.6666666666667,114.53747567208445,75.59171532249778,533.7416180108356,551.0,573.0
627,627,361,Low,184,140,184.43571428571428,45.6327552926758,93.17020370036268,275.7012248710659,344.0,219.0
627,627,361,Medium,305,163,234.51533742331287,90.01257496705814,54.490187489196586,414.54048735742913,467.0,449.0
627,627,361,High,138,58,307.2586206896552,115.23165993205038,76.79530082555442,537.721940553756,551.0,574.0
628,628,361,Low,185,140,184.43571428571428,45.6327552926758,93.17020370036268,275.7012248710659,344.0,220.0
628,628,361,Medium,305,163,234.51533742331287,90.01257496705814,54.490187489196586,414.54048735742913,467.0,450.0
628,628,361,High,138,58,307.2586206896552,115.23165993205038,76.79530082555442,537.721940553756,551.0,575.0
629,629,362,Low,185,141,184.52482269503545,45.48179880226557,93.56122509050431,275.4884202995666,344.0,221.0
629,629,362,Medium,306,163,234.51533742331287,90.01257496705814,54.490187489196586,414.54048735742913,467.0,451.0
629,629,362,High,138,58,307.2586206896552,115.23165993205038,76.79530082555442,537.721940553756,551.0,576.0
630,630,364,Low,185,143,184.06293706293707,45.338976296279604,93.38498447037786,274.7408896554963,344.0,222.0
630,630,364,Medium,307,163,234.51533742331287,90.01257496705814,54.490187489196586,414.54048735742913,467.0,452.0
630,630,364,High,138,58,307.2586206896552,115.23165993205038,76.79530082555442,537.721940553756,551.0,577.0
631,631,366,Low,185,143,184.06293706293707,45.338976296279604,93.38498447037786,274.7408896554963,344.0,223.0
631,631,366,Medium,308,164,234.71341463414635,89.77188304022461,55.16964855369713,414.25718071459556,467.0,453.0
631,631,366,High,138,59,309.5762711864407,115.61279063438447,78.35068991767176,540.8018524552097,551.0,578.0
632,632,367,Low,185,143,184.06293706293707,45.338976296279604,93.38498447037786,274.7408896554963,344.0,224.0
632,632,367,Medium,308,165,234.13939393939393,89.80099250970453,54.53740891998487,413.741378958803,467.0,454.0
632,632,367,High,139,59,309.5762711864407,115.61279063438447,78.35068991767176,540.8018524552097,551.0,579.0
633,633,367,Low,185,143,184.06293706293707,45.338976296279604,93.38498447037786,274.7408896554963,344.0,225.0
633,633,367,Medium,309,165,234.13939393939393,89.80099250970453,54.53740891998487,413.741378958803,467.0,455.0
633,633,367,High,139,59,309.5762711864407,115.61279063438447,78.35068991767176,540.8018524552097,551.0,580.0
634,634,367,Low,185,143,184.06293706293707,45.338976296279604,93.38498447037786,274.7408896554963,344.0,226.0
634,634,367,Medium,309,165,234.13939393939393,89.80099250970453,54.53740891998487,413.741378958803,467.0,456.0
634,634,367,High,140,59,309.5762711864407,115.61279063438447,78.35068991767176,540.8018524552097,551.0,581.0
635,635,367,Low,186,143,184.06293706293707,45.338976296279604,93.38498447037786,274.7408896554963,344.0,227.0
635,635,367,Medium,309,165,234.13939393939393,89.80099250970453,54.53740891998487,413.741378958803,467.0,457.0
635,635,367,High,140,59,309.5762711864407,115.61279063438447,78.35068991767176,540.8018524552097,551.0,582.0
636,636,369,Low,186,143,184.06293706293707,45.338976296279604,93.38498447037786,274.7408896554963,344.0,228.0
636,636,369,Medium,310,166,233.87951807228916,89.59104359867491,54.69743087493933,413.061605269639,467.0,458.0
636,636,369,High,140,60,308.6333333333333,114.86129685026324,78.91073963280684,538.3559270338599,551.0,583.0
637,637,371,Low,186,144,183.69444444444446,45.39604705038851,92.90235034366744,274.4865385452215,344.0,229.0
637,637,371,Medium,311,167,233.7185628742515,89.34499845950785,55.02856595523579,412.40855979326716,467.0,459.0
637,637,371,High,140,60,308.6333333333333,114.86129685026324,78.91073963280684,538.3559270338599,551.0,584.0
638,638,371,Low,186,144,183.69444444444446,45.39604705038851,92.90235034366744,274.4865385452215,344.0,230.0
638,638,371,Medium,311,167,233.7185628742515,89.34499845950785,55.02856595523579,412.40855979326716,467.0,460.0
638,638,371,High,141,60,308.6333333333333,114.86129685026324,78.91073963280684,538.3559270338599,551.0,585.0
639,639,372,Low,186,144,183.69444444444446,45.39604705038851,92.90235034366744,274.4865385452215,344.0,231.0
639,639,372,Medium,311,167,233.7185628742515,89.34499845950785,55.02856595523579,412.40855979326716,467.0,461.0
639,639,372,High,142,61,306.78688524590166,114.80942393870207,77.16803736849752,536.4057331233058,551.0,586.0
640,640,373,Low,187,144,183.69444444444446,45.39604705038851,92.90235034366744,274.4865385452215,344.0,232.0
640,640,373,Medium,311,168,234.10119047619048,89.2150493387433,55.671091798703884,412.5312891536771,467.0,462.0
640,640,373,High,142,61,306.78688524590166,114.80942393870207,77.16803736849752,536.4057331233058,551.0,587.0
641,641,376,Low,187,146,184.26712328767124,45.353369809163745,93.56038366934375,274.9738629059987,344.0,226.0
641,641,376,Medium,311,169,233.9171597633136,88.9812995413953,55.954560680523,411.8797588461042,467.0,463.0
641,641,376,High,143,61,306.78688524590166,114.80942393870207,77.16803736849752,536.4057331233058,551.0,588.0
642,642,377,Low,187,146,184.26712328767124,45.353369809163745,93.56038366934375,274.9738629059987,344.0,227.0
642,642,377,Medium,311,170,233.76470588235293,88.7399161113613,56.284873659630335,411.24453810507555,467.0,464.0
642,642,377,High,144,61,306.78688524590166,114.80942393870207,77.16803736849752,536.4057331233058,551.0,589.0
643,643,379,Low,187,147,184.33333333333334,45.20491143963056,93.92351045407223,274.74315621259444,344.0,228.0
643,643,379,Medium,311,170,233.76470588235293,88.7399161113613,56.284873659630335,411.24453810507555,467.0,465.0
643,643,379,High,145,62,308.33870967741933,114.51822727686472,79.30225512368989,537.3751642311488,551.0,590.0
644,644,380,Low,187,147,184.33333333333334,45.20491143963056,93.92351045407223,274.74315621259444,344.0,229.0
644,644,380,Medium,312,171,233.78947368421052,88.47912419297931,56.831225298251894,410.7477220701692,467.0,466.0
644,644,380,High,145,62,308.33870967741933,114.51822727686472,79.30225512368989,537.3751642311488,551.0,591.0
645,645,381,Low,188,147,184.33333333333334,45.20491143963056,93.92351045407223,274.74315621259444,344.0,230.0
645,645,381,Medium,312,172,235.1453488372093,89.99432621098954,55.156696415230215,415.1340012591884,467.0,415.0
645,645,381,High,145,62,308.33870967741933,114.51822727686472,79.30225512368989,537.3751642311488,551.0,592.0
646,646,381,Low,188,147,184.33333333333334,45.20491143963056,93.92351045407223,274.74315621259444,344.0,231.0
646,646,381,Medium,313,172,235.1453488372093,89.99432621098954,55.156696415230215,415.1340012591884,467.0,416.0
646,646,381,High,145,62,308.33870967741933,114.51822727686472,79.30225512368989,537.3751642311488,551.0,593.0
647,647,381,Low,188,147,184.33333333333334,45.20491143963056,93.92351045407223,274.74315621259444,344.0,232.0
647,647,381,Medium,313,172,235.1453488372093,89.99432621098954,55.156696415230215,415.1340012591884,467.0,417.0
647,647,381,High,146,62,308.33870967741933,114.51822727686472,79.30225512368989,537.3751642311488,551.0,594.0
648,648,382,Low,188,147,184.33333333333334,45.20491143963056,93.92351045407223,274.74315621259444,344.0,233.0
648,648,382,Medium,314,173,235.64161849710982,89.96943215863168,55.702754179846465,415.58048281437317,467.0,418.0
648,648,382,High,146,62,308.33870967741933,114.51822727686472,79.30225512368989,537.3751642311488,551.0,595.0
649,649,383,Low,188,147,184.33333333333334,45.20491143963056,93.92351045407223,274.74315621259444,344.0,234.0
649,649,383,Medium,315,174,236.04022988505747,89.86298878684188,56.31425231137371,415.76620745874123,467.0,419.0
649,649,383,High,146,62,308.33870967741933,114.51822727686472,79.30225512368989,537.3751642311488,551.0,596.0
650,650,383,Low,188,147,184.33333333333334,45.20491143963056,93.92351045407223,274.74315621259444,344.0,235.0
650,650,383,Medium,316,174,236.04022988505747,89.86298878684188,56.31425231137371,415.76620745874123,467.0,420.0
650,650,383,High,146,62,308.33870967741933,114.51822727686472,79.30225512368989,537.3751642311488,551.0,597.0
651,651,385,Low,188,148,184.25,45.062296259929845,94.12540748014031,274.3745925198597,344.0,236.0
651,651,385,Medium,317,175,235.8057142857143,89.65807956635639,56.489555153001504,415.12187341842707,467.0,421.0
651,651,385,High,146,62,308.33870967741933,114.51822727686472,79.30225512368989,537.3751642311488,551.0,598.0
652,652,385,Low,188,148,184.25,45.062296259929845,94.12540748014031,274.3745925198597,344.0,237.0
652,652,385,Medium,318,175,235.8057142857143,89.65807956635639,56.489555153001504,415.12187341842707,467.0,422.0
652,652,385,High,146,62,308.33870967741933,114.51822727686472,79.30225512368989,537.3751642311488,551.0,599.0
653,653,385,Low,188,148,184.25,45.062296259929845,94.12540748014031,274.3745925198597,344.0,238.0
653,653,385,Medium,318,175,235.8057142857143,89.65807956635639,56.489555153001504,415.12187341842707,467.0,423.0
653,653,385,High,147,62,308.33870967741933,114.51822727686472,79.30225512368989,537.3751642311488,551.0,600.0
654,654,386,Low,189,149,184.06711409395973,44.96525151316626,94.13661106762721,273.99761712029226,344.0,239.0
654,654,386,Medium,318,175,235.8057142857143,89.65807956635639,56.489555153001504,415.12187341842707,467.0,424.0
654,654,386,High,147,62,308.33870967741933,114.51822727686472,79.30225512368989,537.3751642311488,551.0,601.0
655,655,387,Low,189,149,184.06711409395973,44.96525151316626,94.13661106762721,273.99761712029226,344.0,240.0
655,655,387,Medium,319,175,235.8057142857143,89.65807956635639,56.489555153001504,415.12187341842707,467.0,425.0
655,655,387,High,147,63,309.2063492063492,113.79950659371445,81.60733601892031,536.8053623937781,551.0,602.0
656,656,389,Low,189,149,184.06711409395973,44.96525151316626,94.13661106762721,273.99761712029226,344.0,241.0
656,656,389,Medium,319,176,236.88636363636363,90.54374561575125,55.79887240486113,417.9738548678661,467.0,388.0
656,656,389,High,148,64,309.34375,112.89807437867441,83.54760124265118,535.1398987573489,551.0,603.0
657,657,391,Low,189,150,183.34666666666666,45.67451034061106,91.99764598544455,274.6956873478888,344.0,242.0
657,657,391,Medium,320,177,236.52542372881356,90.41376276700774,55.697898194798086,417.35294926282904,467.0,389.0
657,657,391,High,148,64,309.34375,112.89807437867441,83.54760124265118,535.1398987573489,551.0,604.0
658,658,391,Low,189,150,183.34666666666666,45.67451034061106,91.99764598544455,274.6956873478888,344.0,243.0
658,658,391,Medium,321,177,236.52542372881356,90.41376276700774,55.697898194798086,417.35294926282904,467.0,390.0
658,658,391,High,148,64,309.34375,112.89807437867441,83.54760124265118,535.1398987573489,551.0,605.0
659,659,393,Low,190,151,183.74834437086093,45.78882229584658,92.17069977916778,275.3259889625541,344.0,188.0
659,659,393,Medium,321,178,236.9438202247191,90.33063679973404,56.28254662525103,417.6050938241872,467.0,391.0
659,659,393,High,148,64,309.34375,112.89807437867441,83.54760124265118,535.1398987573489,551.0,606.0
660,660,394,Low,191,152,183.72368421052633,45.637964527400335,92.44775515572566,274.999613265327,344.0,189.0
660,660,394,Medium,321,178,236.9438202247191,90.33063679973404,56.28254662525103,417.6050938241872,467.0,392.0
660,660,394,High,148,64,309.34375,112.89807437867441,83.54760124265118,535.1398987573489,551.0,607.0
661,661,395,Low,191,152,183.72368421052633,45.637964527400335,92.44775515572566,274.999613265327,344.0,190.0
661,661,395,Medium,322,179,236.16201117318437,90.68182125456467,54.79836866405503,417.5256536823137,467.0,393.0
661,661,395,High,148,64,309.34375,112.89807437867441,83.54760124265118,535.1398987573489,551.0,608.0
662,662,395,Low,191,152,183.72368421052633,45.637964527400335,92.44775515572566,274.999613265327,344.0,191.0
662,662,395,Medium,323,179,236.16201117318437,90.68182125456467,54.79836866405503,417.5256536823137,467.0,394.0
662,662,395,High,148,64,309.34375,112.89807437867441,83.54760124265118,535.1398987573489,551.0,609.0
663,663,395,Low,191,152,183.72368421052633,45.637964527400335,92.44775515572566,274.999613265327,344.0,192.0
663,663,395,Medium,324,179,236.16201117318437,90.68182125456467,54.79836866405503,417.5256536823137,467.0,395.0
663,663,395,High,148,64,309.34375,112.89807437867441,83.54760124265118,535.1398987573489,551.0,610.0
664,664,397,Low,191,152,183.72368421052633,45.637964527400335,92.44775515572566,274.999613265327,344.0,193.0
664,664,397,Medium,325,181,235.52486187845304,90.78635293067475,53.95215601710353,417.09756773980257,467.0,396.0
664,664,397,High,148,64,309.34375,112.89807437867441,83.54760124265118,535.1398987573489,551.0,611.0
665,665,399,Low,191,152,183.72368421052633,45.637964527400335,92.44775515572566,274.999613265327,344.0,194.0
665,665,399,Medium,326,181,235.52486187845304,90.78635293067475,53.95215601710353,417.09756773980257,467.0,397.0
665,665,399,High,148,66,311.6212121212121,112.26723135194541,87.0867494173213,536.155674825103,551.0,612.0
666,666,399,Low,191,152,183.72368421052633,45.637964527400335,92.44775515572566,274.999613265327,344.0,195.0
666,666,399,Medium,327,181,235.52486187845304,90.78635293067475,53.95215601710353,417.09756773980257,467.0,398.0
666,666,399,High,148,66,311.6212121212121,112.26723135194541,87.0867494173213,536.155674825103,551.0,613.0
667,667,400,Low,192,152,183.72368421052633,45.637964527400335,92.44775515572566,274.999613265327,344.0,196.0
667,667,400,Medium,327,181,235.52486187845304,90.78635293067475,53.95215601710353,417.09756773980257,467.0,399.0
667,667,400,High,148,67,310.8805970149254,111.57828103909009,87.72403493674523,534.0371590931056,551.0,614.0
668,668,400,Low,192,152,183.72368421052633,45.637964527400335,92.44775515572566,274.999613265327,344.0,197.0
668,668,400,Medium,328,181,235.52486187845304,90.78635293067475,53.95215601710353,417.09756773980257,467.0,400.0
668,668,400,High,148,67,310.8805970149254,111.57828103909009,87.72403493674523,534.0371590931056,551.0,615.0
669,669,401,Low,192,153,183.69281045751634,45.4891949353377,92.71442058684094,274.67120032819173,344.0,198.0
669,669,401,Medium,329,181,235.52486187845304,90.78635293067475,53.95215601710353,417.09756773980257,467.0,401.0
669,669,401,High,148,67,310.8805970149254,111.57828103909009,87.72403493674523,534.0371590931056,551.0,616.0
670,670,404,Low,192,154,183.6818181818182,45.34049893562523,93.00082031056773,274.3628160530686,344.0,199.0
670,670,404,Medium,330,183,234.7486338797814,91.24921908919112,52.25019570139918,417.24707205816367,467.0,402.0
670,670,404,High,148,67,310.8805970149254,111.57828103909009,87.72403493674523,534.0371590931056,551.0,617.0
671,671,405,Low,192,154,183.6818181818182,45.34049893562523,93.00082031056773,274.3628160530686,344.0,200.0
671,671,405,Medium,330,184,234.58695652173913,91.02598586207145,52.53498479759622,416.638928245882,467.0,403.0
671,671,405,High,149,67,310.8805970149254,111.57828103909009,87.72403493674523,534.0371590931056,551.0,618.0
672,672,407,Low,192,154,183.6818181818182,45.34049893562523,93.00082031056773,274.3628160530686,344.0,201.0
672,672,407,Medium,330,186,234.8548387096774,90.61439181215833,53.62605508536075,416.0836223339941,467.0,404.0
672,672,407,High,150,67,310.8805970149254,111.57828103909009,87.72403493674523,534.0371590931056,551.0,619.0
673,673,407,Low,193,154,183.6818181818182,45.34049893562523,93.00082031056773,274.3628160530686,344.0,202.0
673,673,407,Medium,330,186,234.8548387096774,90.61439181215833,53.62605508536075,416.0836223339941,467.0,405.0
673,673,407,High,150,67,310.8805970149254,111.57828103909009,87.72403493674523,534.0371590931056,551.0,620.0
674,674,408,Low,194,155,183.23870967741937,45.5285102444337,92.18168918855197,274.2957301662868,344.0,203.0
674,674,408,Medium,330,186,234.8548387096774,90.61439181215833,53.62605508536075,416.0836223339941,467.0,406.0
674,674,408,High,150,67,310.8805970149254,111.57828103909009,87.72403493674523,534.0371590931056,551.0,621.0
675,675,409,Low,194,156,183.07692307692307,45.426372681379625,92.22417771416382,273.9296684396823,344.0,204.0
675,675,409,Medium,331,186,234.8548387096774,90.61439181215833,53.62605508536075,416.0836223339941,467.0,407.0
675,675,409,High,150,67,310.8805970149254,111.57828103909009,87.72403493674523,534.0371590931056,551.0,622.0
676,676,411,Low,194,156,183.07692307692307,45.426372681379625,92.22417771416382,273.9296684396823,344.0,205.0
676,676,411,Medium,331,187,235.1711229946524,90.47391723181735,54.22328853101769,416.1189574582871,467.0,408.0
676,676,411,High,151,68,313.04411764705884,112.1703706619253,88.70337632320823,537.3848589709095,551.0,623.0
677,677,415,Low,194,156,183.07692307692307,45.426372681379625,92.22417771416382,273.9296684396823,344.0,206.0
677,677,415,Medium,332,190,235.51052631578946,90.65947330671311,54.19157970236324,416.8294729292157,467.0,409.0
677,677,415,High,151,69,315.3333333333333,112.95465861114712,89.42401611103907,541.2426505556275,551.0,624.0
678,678,415,Low,194,156,183.07692307692307,45.426372681379625,92.22417771416382,273.9296684396823,344.0,207.0
678,678,415,Medium,333,190,235.51052631578946,90.65947330671311,54.19157970236324,416.8294729292157,467.0,410.0
678,678,415,High,151,69,315.3333333333333,112.95465861114712,89.42401611103907,541.2426505556275,551.0,625.0
679,679,415,Low,194,156,183.07692307692307,45.426372681379625,92.22417771416382,273.9296684396823,344.0,208.0
679,679,415,Medium,333,190,235.51052631578946,90.65947330671311,54.19157970236324,416.8294729292157,467.0,411.0
679,679,415,High,152,69,315.3333333333333,112.95465861114712,89.42401611103907,541.2426505556275,551.0,626.0
680,680,415,Low,194,156,183.07692307692307,45.426372681379625,92.22417771416382,273.9296684396823,344.0,209.0
680,680,415,Medium,334,190,235.51052631578946,90.65947330671311,54.19157970236324,416.8294729292157,467.0,412.0
680,680,415,High,152,69,315.3333333333333,112.95465861114712,89.42401611103907,541.2426505556275,551.0,627.0
681,681,419,Low,194,156,183.07692307692307,45.426372681379625,92.22417771416382,273.9296684396823,344.0,210.0
681,681,419,Medium,335,193,236.12953367875647,90.27890123741857,55.57173120391934,416.6873361535936,467.0,413.0
681,681,419,High,152,70,312.92857142857144,113.9238649183287,85.08084159191404,540.7763012652289,551.0,628.0
682,682,420,Low,194,156,183.07692307692307,45.426372681379625,92.22417771416382,273.9296684396823,344.0,211.0
682,682,420,Medium,336,194,236.46907216494844,90.16882020387368,56.131431757201085,416.8067125726958,467.0,414.0
682,682,420,High,152,70,312.92857142857144,113.9238649183287,85.08084159191404,540.7763012652289,551.0,629.0
683,683,421,Low,194,156,183.07692307692307,45.426372681379625,92.22417771416382,273.9296684396823,344.0,212.0
683,683,421,Medium,337,195,236.8820512820513,90.12083203624216,56.64038720956697,417.12371535453565,467.0,415.0
683,683,421,High,152,70,312.92857142857144,113.9238649183287,85.08084159191404,540.7763012652289,551.0,630.0
684,684,421,Low,194,156,183.07692307692307,45.426372681379625,92.22417771416382,273.9296684396823,344.0,213.0
684,684,421,Medium,338,195,236.8820512820513,90.12083203624216,56.64038720956697,417.12371535453565,467.0,416.0
684,684,421,High,152,70,312.92857142857144,113.9238649183287,85.08084159191404,540.7763012652289,551.0,631.0
685,685,422,Low,195,156,183.07692307692307,45.426372681379625,92.22417771416382,273.9296684396823,344.0,214.0
685,685,422,Medium,338,196,236.98979591836735,89.90211142644259,57.185573065482174,416.7940187712525,467.0,417.0
685,685,422,High,152,70,312.92857142857144,113.9238649183287,85.08084159191404,540.7763012652289,551.0,632.0
686,686,423,Low,196,157,182.7324840764331,45.48575180765685,91.76098046111942,273.7039876917468,344.0,215.0
686,686,423,Medium,338,196,236.98979591836735,89.90211142644259,57.185573065482174,416.7940187712525,467.0,418.0
686,686,423,High,152,70,312.92857142857144,113.9238649183287,85.08084159191404,540.7763012652289,551.0,633.0
687,687,425,Low,196,158,182.3227848101266,45.63218623100272,91.05841234812115,273.587157272132,344.0,216.0
687,687,425,Medium,339,196,236.98979591836735,89.90211142644259,57.185573065482174,416.7940187712525,467.0,419.0
687,687,425,High,152,71,314.4366197183099,113.81874467696011,86.79913036438967,542.0741090722302,551.0,634.0
688,688,427,Low,196,158,182.3227848101266,45.63218623100272,91.05841234812115,273.587157272132,344.0,217.0
688,688,427,Medium,340,196,236.98979591836735,89.90211142644259,57.185573065482174,416.7940187712525,467.0,420.0
688,688,427,High,152,73,313.7808219178082,114.54405345825857,84.69271500129108,542.8689288343254,551.0,635.0
689,689,428,Low,196,159,182.54716981132074,45.57546226783308,91.39624527565458,273.6980943469869,344.0,195.0
689,689,428,Medium,341,196,236.98979591836735,89.90211142644259,57.185573065482174,416.7940187712525,467.0,421.0
689,689,428,High,152,73,313.7808219178082,114.54405345825857,84.69271500129108,542.8689288343254,551.0,636.0
690,690,428,Low,197,159,182.54716981132074,45.57546226783308,91.39624527565458,273.6980943469869,344.0,196.0
690,690,428,Medium,341,196,236.98979591836735,89.90211142644259,57.185573065482174,416.7940187712525,467.0,422.0
690,690,428,High,152,73,313.7808219178082,114.54405345825857,84.69271500129108,542.8689288343254,551.0,637.0
691,691,429,Low,197,159,182.54716981132074,45.57546226783308,91.39624527565458,273.6980943469869,344.0,197.0
691,691,429,Medium,341,197,236.71573604060913,89.75494077749023,57.20585448562866,416.2256175955896,467.0,423.0
691,691,429,High,153,73,313.7808219178082,114.54405345825857,84.69271500129108,542.8689288343254,551.0,638.0
692,692,430,Low,197,159,182.54716981132074,45.57546226783308,91.39624527565458,273.6980943469869,344.0,198.0
692,692,430,Medium,342,198,236.86868686868686,89.55271214814921,57.76326257238844,415.9741111649853,467.0,424.0
692,692,430,High,153,73,313.7808219178082,114.54405345825857,84.69271500129108,542.8689288343254,551.0,639.0
693,693,433,Low,198,159,182.54716981132074,45.57546226783308,91.39624527565458,273.6980943469869,344.0,199.0
693,693,433,Medium,342,199,236.4572864321608,89.51461104523193,57.42806434169694,415.48650852262466,467.0,425.0
693,693,433,High,153,75,314.74666666666667,114.10155426060017,86.54355814546633,542.949775187867,551.0,640.0
694,694,434,Low,198,159,182.54716981132074,45.57546226783308,91.39624527565458,273.6980943469869,344.0,200.0
694,694,434,Medium,343,199,236.4572864321608,89.51461104523193,57.42806434169694,415.48650852262466,467.0,426.0
694,694,434,High,153,76,315.44736842105266,113.50282166675765,88.44172508753735,542.453011754568,551.0,641.0
695,695,434,Low,199,159,182.54716981132074,45.57546226783308,91.39624527565458,273.6980943469869,344.0,201.0
695,695,434,Medium,343,199,236.4572864321608,89.51461104523193,57.42806434169694,415.48650852262466,467.0,427.0
695,695,434,High,153,76,315.44736842105266,113.50282166675765,88.44172508753735,542.453011754568,551.0,642.0
696,696,436,Low,200,159,182.54716981132074,45.57546226783308,91.39624527565458,273.6980943469869,344.0,202.0
696,696,436,Medium,343,201,236.14427860696517,89.13037686222354,57.88352488251809,414.40503233141226,467.0,428.0
696,696,436,High,153,76,315.44736842105266,113.50282166675765,88.44172508753735,542.453011754568,551.0,643.0
697,697,437,Low,200,159,182.54716981132074,45.57546226783308,91.39624527565458,273.6980943469869,344.0,203.0
697,697,437,Medium,344,202,237.0990099009901,89.93790062684405,57.22320864730199,416.9748111546782,467.0,376.0
697,697,437,High,153,76,315.44736842105266,113.50282166675765,88.44172508753735,542.453011754568,551.0,644.0
698,698,437,Low,200,159,182.54716981132074,45.57546226783308,91.39624527565458,273.6980943469869,344.0,204.0
698,698,437,Medium,344,202,237.0990099009901,89.93790062684405,57.22320864730199,416.9748111546782,467.0,377.0
698,698,437,High,154,76,315.44736842105266,113.50282166675765,88.44172508753735,542.453011754568,551.0,645.0
699,699,439,Low,200,160,182.55,45.43193125279279,91.68613749441442,273.4138625055856,344.0,205.0
699,699,439,Medium,345,203,237.6551724137931,90.06427468535371,57.52662304308569,417.78372178450053,467.0,378.0
699,699,439,High,154,76,315.44736842105266,113.50282166675765,88.44172508753735,542.453011754568,551.0,646.0
700,700,440,Low,200,160,182.55,45.43193125279279,91.68613749441442,273.4138625055856,344.0,206.0
700,700,440,Medium,345,203,237.6551724137931,90.06427468535371,57.52662304308569,417.78372178450053,467.0,379.0
700,700,440,High,155,77,314.97402597402595,112.83009747146535,89.31383103109525,540.6342209169567,551.0,647.0
701,701,441,Low,200,160,182.55,45.43193125279279,91.68613749441442,273.4138625055856,344.0,207.0
701,701,441,Medium,346,204,238.1078431372549,90.07450740356552,57.95882833012385,418.25685794438596,467.0,380.0
701,701,441,High,155,77,314.97402597402595,112.83009747146535,89.31383103109525,540.6342209169567,551.0,648.0
702,702,442,Low,201,160,182.55,45.43193125279279,91.68613749441442,273.4138625055856,344.0,208.0
702,702,442,Medium,346,205,237.7609756097561,89.99061192334253,57.77975176307103,417.74219945644114,467.0,381.0
702,702,442,High,155,77,314.97402597402595,112.83009747146535,89.31383103109525,540.6342209169567,551.0,649.0
703,703,442,Low,201,160,182.55,45.43193125279279,91.68613749441442,273.4138625055856,344.0,209.0
703,703,442,Medium,347,205,237.7609756097561,89.99061192334253,57.77975176307103,417.74219945644114,467.0,382.0
703,703,442,High,155,77,314.97402597402595,112.83009747146535,89.31383103109525,540.6342209169567,551.0,650.0
704,704,445,Low,202,161,182.48447204968943,45.29736548493493,91.88974107981957,273.07920301955926,344.0,210.0
704,704,445,Medium,347,206,236.9368932038835,90.54669135412286,55.84351049563779,418.03027591212924,467.0,383.0
704,704,445,High,155,78,313.0128205128205,113.42535660870337,86.16210729541376,539.8635337302272,551.0,651.0
705,705,445,Low,202,161,182.48447204968943,45.29736548493493,91.88974107981957,273.07920301955926,344.0,211.0
705,705,445,Medium,347,206,236.9368932038835,90.54669135412286,55.84351049563779,418.03027591212924,467.0,384.0
705,705,445,High,156,78,313.0128205128205,113.42535660870337,86.16210729541376,539.8635337302272,551.0,652.0
706,706,446,Low,203,161,182.48447204968943,45.29736548493493,91.88974107981957,273.07920301955926,344.0,212.0
706,706,446,Medium,347,207,237.20772946859904,90.41066146730476,56.386406533989515,418.02905240320854,467.0,385.0
706,706,446,High,156,78,313.0128205128205,113.42535660870337,86.16210729541376,539.8635337302272,551.0,653.0
707,707,447,Low,204,162,182.67283950617283,45.22007335380108,92.23269279857068,273.112986213775,344.0,206.0
707,707,447,Medium,347,207,237.20772946859904,90.41066146730476,56.386406533989515,418.02905240320854,467.0,386.0
707,707,447,High,156,78,313.0128205128205,113.42535660870337,86.16210729541376,539.8635337302272,551.0,654.0
708,708,448,Low,205,162,182.67283950617283,45.22007335380108,92.23269279857068,273.112986213775,344.0,207.0
708,708,448,Medium,347,207,237.20772946859904,90.41066146730476,56.386406533989515,418.02905240320854,467.0,387.0
708,708,448,High,156,79,317.34177215189874,119.08323808030669,79.17529599128537,555.5082483125121,655.0,570.0
709,709,451,Low,205,163,182.65030674846625,45.081207075529896,92.48789259740646,272.812720899526,344.0,208.0
709,709,451,Medium,348,208,237.3125,90.20467032426413,56.90315935147174,417.72184064852826,467.0,388.0
709,709,451,High,156,80,317.2625,118.32927067073622,80.60395865852755,553.9210413414725,655.0,571.0
710,710,452,Low,205,164,182.3841463414634,45.071776348322196,92.24059364481901,272.5276990381078,344.0,209.0
710,710,452,Medium,349,208,237.3125,90.20467032426413,56.90315935147174,417.72184064852826,467.0,389.0
710,710,452,High,156,80,317.2625,118.32927067073622,80.60395865852755,553.9210413414725,655.0,572.0
711,711,454,Low,205,164,182.3841463414634,45.071776348322196,92.24059364481901,272.5276990381078,344.0,210.0
711,711,454,Medium,350,209,237.0909090909091,90.04457423770931,57.00176061549047,417.1800575663277,467.0,390.0
711,711,454,High,156,81,317.85185185185185,117.70695721909463,82.43793741366258,553.2657662900411,655.0,573.0
712,712,454,Low,205,164,182.3841463414634,45.071776348322196,92.24059364481901,272.5276990381078,344.0,211.0
712,712,454,Medium,351,209,237.0909090909091,90.04457423770931,57.00176061549047,417.1800575663277,467.0,391.0
712,712,454,High,156,81,317.85185185185185,117.70695721909463,82.43793741366258,553.2657662900411,655.0,574.0
713,713,454,Low,205,164,182.3841463414634,45.071776348322196,92.24059364481901,272.5276990381078,344.0,212.0
713,713,454,Medium,352,209,237.0909090909091,90.04457423770931,57.00176061549047,417.1800575663277,467.0,392.0
713,713,454,High,156,81,317.85185185185185,117.70695721909463,82.43793741366258,553.2657662900411,655.0,575.0
714,714,455,Low,205,165,182.0969696969697,45.08531536424004,91.92633896848962,272.26760042544976,344.0,213.0
714,714,455,Medium,352,209,237.0909090909091,90.04457423770931,57.00176061549047,417.1800575663277,467.0,393.0
714,714,455,High,157,81,317.85185185185185,117.70695721909463,82.43793741366258,553.2657662900411,655.0,576.0
715,715,456,Low,205,165,182.0969696969697,45.08531536424004,91.92633896848962,272.26760042544976,344.0,214.0
715,715,456,Medium,353,210,236.9,89.8714898563233,57.15702028735342,416.6429797126466,467.0,394.0
715,715,456,High,157,81,317.85185185185185,117.70695721909463,82.43793741366258,553.2657662900411,655.0,577.0
716,716,457,Low,205,165,182.0969696969697,45.08531536424004,91.92633896848962,272.26760042544976,344.0,215.0
716,716,457,Medium,353,211,237.20853080568722,89.76919677029294,57.670137265101346,416.7469243462731,467.0,395.0
716,716,457,High,158,81,317.85185185185185,117.70695721909463,82.43793741366258,553.2657662900411,655.0,578.0
717,717,457,Low,205,165,182.0969696969697,45.08531536424004,91.92633896848962,272.26760042544976,344.0,216.0
717,717,457,Medium,354,211,237.20853080568722,89.76919677029294,57.670137265101346,416.7469243462731,467.0,396.0
717,717,457,High,158,81,317.85185185185185,117.70695721909463,82.43793741366258,553.2657662900411,655.0,579.0
718,718,459,Low,206,166,182.15662650602408,44.95505686395552,92.24651277811304,272.0667402339351,344.0,217.0
718,718,459,Medium,354,212,237.96226415094338,90.22614290268521,57.50997834557296,418.4145499563138,467.0,368.0
718,718,459,High,158,81,317.85185185185185,117.70695721909463,82.43793741366258,553.2657662900411,655.0,580.0
719,719,459,Low,207,166,182.15662650602408,44.95505686395552,92.24651277811304,272.0667402339351,344.0,218.0
719,719,459,Medium,354,212,237.96226415094338,90.22614290268521,57.50997834557296,418.4145499563138,467.0,369.0
719,719,459,High,158,81,317.85185185185185,117.70695721909463,82.43793741366258,553.2657662900411,655.0,581.0
720,720,462,Low,207,166,182.15662650602408,44.95505686395552,92.24651277811304,272.0667402339351,344.0,219.0
720,720,462,Medium,354,213,238.29107981220656,90.14092617118106,58.00922746984443,418.57293215456866,467.0,370.0
720,720,462,High,159,83,318.95180722891564,117.52850236706544,83.89480249478476,554.0088119630466,655.0,582.0
721,721,462,Low,207,166,182.15662650602408,44.95505686395552,92.24651277811304,272.0667402339351,344.0,220.0
721,721,462,Medium,354,213,238.29107981220656,90.14092617118106,58.00922746984443,418.57293215456866,467.0,371.0
721,721,462,High,160,83,318.95180722891564,117.52850236706544,83.89480249478476,554.0088119630466,655.0,583.0
722,722,463,Low,207,166,182.15662650602408,44.95505686395552,92.24651277811304,272.0667402339351,344.0,221.0
722,722,463,Medium,355,213,238.29107981220656,90.14092617118106,58.00922746984443,418.57293215456866,467.0,372.0
722,722,463,High,160,84,319.4404761904762,116.90417775115702,85.63212068816216,553.2488316927902,655.0,584.0
723,723,464,Low,207,166,182.15662650602408,44.95505686395552,92.24651277811304,272.0667402339351,344.0,222.0
723,723,464,Medium,356,214,238.61214953271028,90.05164945744029,58.508850617829694,418.71544844759086,467.0,373.0
723,723,464,High,160,84,319.4404761904762,116.90417775115702,85.63212068816216,553.2488316927902,655.0,585.0
724,724,465,Low,207,166,182.15662650602408,44.95505686395552,92.24651277811304,272.0667402339351,344.0,223.0
724,724,465,Medium,357,215,238.72093023255815,89.85516008289754,59.010610066763064,418.4312503983532,467.0,374.0
724,724,465,High,160,84,319.4404761904762,116.90417775115702,85.63212068816216,553.2488316927902,655.0,586.0
725,725,465,Low,208,166,182.15662650602408,44.95505686395552,92.24651277811304,272.0667402339351,344.0,224.0
725,725,465,Medium,357,215,238.72093023255815,89.85516008289754,59.010610066763064,418.4312503983532,467.0,375.0
725,725,465,High,160,84,319.4404761904762,116.90417775115702,85.63212068816216,553.2488316927902,655.0,587.0
726,726,465,Low,208,166,182.15662650602408,44.95505686395552,92.24651277811304,272.0667402339351,344.0,225.0
726,726,465,Medium,358,215,238.72093023255815,89.85516008289754,59.010610066763064,418.4312503983532,467.0,376.0
726,726,465,High,160,84,319.4404761904762,116.90417775115702,85.63212068816216,553.2488316927902,655.0,588.0
727,727,467,Low,208,167,182.20359281437126,44.82355487186702,92.55648307063723,271.8507025581053,344.0,226.0
727,727,467,Medium,359,216,239.31944444444446,90.07647805739747,59.166488329649525,419.4724005592394,467.0,377.0
727,727,467,High,160,84,319.4404761904762,116.90417775115702,85.63212068816216,553.2488316927902,655.0,589.0
728,728,468,Low,208,168,182.23809523809524,44.6913886191673,92.85531799976064,271.62087247642984,344.0,227.0
728,728,468,Medium,359,216,239.31944444444446,90.07647805739747,59.166488329649525,419.4724005592394,467.0,378.0
728,728,468,High,161,84,319.4404761904762,116.90417775115702,85.63212068816216,553.2488316927902,655.0,590.0
729,729,469,Low,208,168,182.23809523809524,44.6913886191673,92.85531799976064,271.62087247642984,344.0,228.0
729,729,469,Medium,359,216,239.31944444444446,90.07647805739747,59.166488329649525,419.4724005592394,467.0,379.0
729,729,469,High,162,85,321.21176470588233,117.34808762595063,86.51558945398108,555.9079399577836,655.0,591.0
730,730,471,Low,208,168,182.23809523809524,44.6913886191673,92.85531799976064,271.62087247642984,344.0,229.0
730,730,471,Medium,360,217,239.57142857142858,89.9443537554569,59.68272106051478,419.4601360823424,467.0,380.0
730,730,471,High,162,86,319.04651162790697,118.37129093280963,82.30392976228771,555.7890934935263,655.0,592.0
731,731,472,Low,208,168,182.23809523809524,44.6913886191673,92.85531799976064,271.62087247642984,344.0,230.0
731,731,472,Medium,360,218,238.85321100917432,90.36126425188786,58.130682505398596,419.57573951295,467.0,381.0
731,731,472,High,163,86,319.04651162790697,118.37129093280963,82.30392976228771,555.7890934935263,655.0,593.0
732,732,472,Low,209,168,182.23809523809524,44.6913886191673,92.85531799976064,271.62087247642984,344.0,231.0
732,732,472,Medium,360,218,238.85321100917432,90.36126425188786,58.130682505398596,419.57573951295,467.0,382.0
732,732,472,High,163,86,319.04651162790697,118.37129093280963,82.30392976228771,555.7890934935263,655.0,594.0
733,733,473,Low,209,168,182.23809523809524,44.6913886191673,92.85531799976064,271.62087247642984,344.0,232.0
733,733,473,Medium,361,218,238.85321100917432,90.36126425188786,58.130682505398596,419.57573951295,467.0,383.0
733,733,473,High,163,87,320.3103448275862,118.27002120146922,83.77030242464778,556.8503872305247,655.0,595.0
734,734,474,Low,209,168,182.23809523809524,44.6913886191673,92.85531799976064,271.62087247642984,344.0,233.0
734,734,474,Medium,361,219,238.0958904109589,90.84771475723421,56.40046089649047,419.79131992542733,467.0,384.0
734,734,474,High,164,87,320.3103448275862,118.27002120146922,83.77030242464778,556.8503872305247,655.0,596.0
735,735,475,Low,209,169,182.22485207100593,44.558512602699075,93.10782686560778,271.3418772764041,344.0,234.0
735,735,475,Medium,362,219,238.0958904109589,90.84771475723421,56.40046089649047,419.79131992542733,467.0,385.0
735,735,475,High,164,87,320.3103448275862,118.27002120146922,83.77030242464778,556.8503872305247,655.0,597.0
736,736,476,Low,209,170,182.53529411764706,44.610496299531306,93.31430151858444,271.75628671670967,344.0,233.0
736,736,476,Medium,363,219,238.0958904109589,90.84771475723421,56.40046089649047,419.79131992542733,467.0,386.0
736,736,476,High,164,87,320.3103448275862,118.27002120146922,83.77030242464778,556.8503872305247,655.0,598.0
737,737,477,Low,209,170,182.53529411764706,44.610496299531306,93.31430151858444,271.75628671670967,344.0,234.0
737,737,477,Medium,363,220,238.25454545454545,90.67060524251279,56.913334969519866,419.59575593957106,467.0,387.0
737,737,477,High,165,87,320.3103448275862,118.27002120146922,83.77030242464778,556.8503872305247,655.0,599.0
738,738,481,Low,210,171,182.38011695906434,44.525359092759516,93.32939877354531,271.4308351445834,344.0,235.0
738,738,481,Medium,363,223,237.91928251121075,91.08150362277512,55.75627526566052,420.082289756761,467.0,388.0
738,738,481,High,165,87,320.3103448275862,118.27002120146922,83.77030242464778,556.8503872305247,655.0,600.0
739,739,484,Low,210,171,182.38011695906434,44.525359092759516,93.32939877354531,271.4308351445834,344.0,236.0
739,739,484,Medium,364,225,237.13777777777779,91.11748521063952,54.902807356498755,419.3727481990568,467.0,389.0
739,739,484,High,165,88,320.10227272727275,117.60454285665358,84.89318701396559,555.3113584405799,655.0,601.0
740,740,486,Low,211,172,182.36046511627907,44.39572520138252,93.56901471351404,271.1519155190441,344.0,237.0
740,740,486,Medium,364,226,236.6769911504425,91.17829713391185,54.32039688261878,419.03358541826617,467.0,390.0
740,740,486,High,165,88,320.10227272727275,117.60454285665358,84.89318701396559,555.3113584405799,655.0,602.0
741,741,487,Low,211,172,182.36046511627907,44.39572520138252,93.56901471351404,271.1519155190441,344.0,238.0
741,741,487,Medium,365,227,237.2907488986784,91.44510444210678,54.40054001446484,420.18095778289194,467.0,391.0
741,741,487,High,165,88,320.10227272727275,117.60454285665358,84.89318701396559,555.3113584405799,655.0,603.0
742,742,487,Low,212,172,182.36046511627907,44.39572520138252,93.56901471351404,271.1519155190441,344.0,239.0
742,742,487,Medium,365,227,237.2907488986784,91.44510444210678,54.40054001446484,420.18095778289194,467.0,392.0
742,742,487,High,165,88,320.10227272727275,117.60454285665358,84.89318701396559,555.3113584405799,655.0,604.0
743,743,488,Low,213,173,182.53179190751445,44.32380031197664,93.88419128356117,271.1793925314677,344.0,240.0
743,743,488,Medium,365,227,237.2907488986784,91.44510444210678,54.40054001446484,420.18095778289194,467.0,393.0
743,743,488,High,165,88,320.10227272727275,117.60454285665358,84.89318701396559,555.3113584405799,655.0,605.0
744,744,488,Low,213,173,182.53179190751445,44.32380031197664,93.88419128356117,271.1793925314677,344.0,241.0
744,744,488,Medium,366,227,237.2907488986784,91.44510444210678,54.40054001446484,420.18095778289194,467.0,394.0
744,744,488,High,165,88,320.10227272727275,117.60454285665358,84.89318701396559,555.3113584405799,655.0,606.0
745,745,488,Low,213,173,182.53179190751445,44.32380031197664,93.88419128356117,271.1793925314677,344.0,242.0
745,745,488,Medium,367,227,237.2907488986784,91.44510444210678,54.40054001446484,420.18095778289194,467.0,395.0
745,745,488,High,165,88,320.10227272727275,117.60454285665358,84.89318701396559,555.3113584405799,655.0,607.0
746,746,488,Low,213,173,182.53179190751445,44.32380031197664,93.88419128356117,271.1793925314677,344.0,243.0
746,746,488,Medium,367,227,237.2907488986784,91.44510444210678,54.40054001446484,420.18095778289194,467.0,396.0
746,746,488,High,166,88,320.10227272727275,117.60454285665358,84.89318701396559,555.3113584405799,655.0,608.0
747,747,491,Low,214,174,182.52298850574712,44.195663745523525,94.13166101470007,270.9143159967942,344.0,244.0
747,747,491,Medium,367,229,237.87336244541484,91.31095242599666,55.25145759342152,420.4952672974082,467.0,397.0
747,747,491,High,166,88,320.10227272727275,117.60454285665358,84.89318701396559,555.3113584405799,655.0,609.0
748,748,493,Low,214,175,182.25714285714287,44.20858530623124,93.83997224468038,270.67431346960535,344.0,245.0
748,748,493,Medium,368,230,237.87391304347827,91.11136578872915,55.65118146601998,420.09664462093656,467.0,398.0
748,748,493,High,166,88,320.10227272727275,117.60454285665358,84.89318701396559,555.3113584405799,655.0,610.0
749,749,493,Low,214,175,182.25714285714287,44.20858530623124,93.83997224468038,270.67431346960535,344.0,246.0
749,749,493,Medium,368,230,237.87391304347827,91.11136578872915,55.65118146601998,420.09664462093656,467.0,399.0
749,749,493,High,167,88,320.10227272727275,117.60454285665358,84.89318701396559,555.3113584405799,655.0,611.0
750,750,493,Low,214,175,182.25714285714287,44.20858530623124,93.83997224468038,270.67431346960535,344.0,247.0
750,750,493,Medium,368,230,237.87391304347827,91.11136578872915,55.65118146601998,420.09664462093656,467.0,400.0
750,750,493,High,168,88,320.10227272727275,117.60454285665358,84.89318701396559,555.3113584405799,655.0,612.0
751,751,495,Low,214,175,182.25714285714287,44.20858530623124,93.83997224468038,270.67431346960535,344.0,248.0
751,751,495,Medium,369,232,238.375,90.87883506261325,56.6173298747735,420.13267012522647,467.0,401.0
751,751,495,High,168,88,320.10227272727275,117.60454285665358,84.89318701396559,555.3113584405799,655.0,613.0
752,752,495,Low,214,175,182.25714285714287,44.20858530623124,93.83997224468038,270.67431346960535,344.0,249.0
752,752,495,Medium,370,232,238.375,90.87883506261325,56.6173298747735,420.13267012522647,467.0,402.0
752,752,495,High,168,88,320.10227272727275,117.60454285665358,84.89318701396559,555.3113584405799,655.0,614.0
753,753,495,Low,214,175,182.25714285714287,44.20858530623124,93.83997224468038,270.67431346960535,344.0,250.0
753,753,495,Medium,371,232,238.375,90.87883506261325,56.6173298747735,420.13267012522647,467.0,403.0
753,753,495,High,168,88,320.10227272727275,117.60454285665358,84.89318701396559,555.3113584405799,655.0,615.0
754,754,497,Low,214,175,182.25714285714287,44.20858530623124,93.83997224468038,270.67431346960535,344.0,251.0
754,754,497,Medium,372,232,238.375,90.87883506261325,56.6173298747735,420.13267012522647,467.0,404.0
754,754,497,High,168,90,319.9,116.28964709926636,87.32070580146726,552.4792941985327,655.0,616.0
755,755,497,Low,214,175,182.25714285714287,44.20858530623124,93.83997224468038,270.67431346960535,344.0,252.0
755,755,497,Medium,373,232,238.375,90.87883506261325,56.6173298747735,420.13267012522647,467.0,405.0
755,755,497,High,168,90,319.9,116.28964709926636,87.32070580146726,552.4792941985327,655.0,617.0
756,756,498,Low,215,175,182.25714285714287,44.20858530623124,93.83997224468038,270.67431346960535,344.0,253.0
756,756,498,Medium,373,232,238.375,90.87883506261325,56.6173298747735,420.13267012522647,467.0,406.0
756,756,498,High,168,91,320.54945054945057,115.80762436388142,88.93420182168774,552.1646992772135,655.0,618.0
757,757,498,Low,215,175,182.25714285714287,44.20858530623124,93.83997224468038,270.67431346960535,344.0,254.0
757,757,498,Medium,373,232,238.375,90.87883506261325,56.6173298747735,420.13267012522647,467.0,407.0
757,757,498,High,169,91,320.54945054945057,115.80762436388142,88.93420182168774,552.1646992772135,655.0,619.0
758,758,499,Low,216,175,182.25714285714287,44.20858530623124,93.83997224468038,270.67431346960535,344.0,255.0
758,758,499,Medium,373,233,238.1459227467811,90.75015528215577,56.64561218246956,419.64623331109266,467.0,408.0
758,758,499,High,169,91,320.54945054945057,115.80762436388142,88.93420182168774,552.1646992772135,655.0,620.0
759,759,501,Low,217,175,182.25714285714287,44.20858530623124,93.83997224468038,270.67431346960535,344.0,256.0
759,759,501,Medium,373,235,237.7191489361702,90.58809434401095,56.54296024814829,418.8953376241921,467.0,409.0
759,759,501,High,169,91,320.54945054945057,115.80762436388142,88.93420182168774,552.1646992772135,655.0,621.0
760,760,502,Low,218,176,181.9715909090909,44.24457080201531,93.48244930506029,270.4607325131215,344.0,257.0
760,760,502,Medium,373,235,237.7191489361702,90.58809434401095,56.54296024814829,418.8953376241921,467.0,410.0
760,760,502,High,169,91,320.54945054945057,115.80762436388142,88.93420182168774,552.1646992772135,655.0,622.0
761,761,502,Low,218,176,181.9715909090909,44.24457080201531,93.48244930506029,270.4607325131215,344.0,258.0
761,761,502,Medium,374,235,237.7191489361702,90.58809434401095,56.54296024814829,418.8953376241921,467.0,411.0
761,761,502,High,169,91,320.54945054945057,115.80762436388142,88.93420182168774,552.1646992772135,655.0,623.0
762,762,504,Low,218,176,181.9715909090909,44.24457080201531,93.48244930506029,270.4607325131215,344.0,259.0
762,762,504,Medium,375,237,237.40084388185653,91.33368973517263,54.73346441151128,420.0682233522018,467.0,412.0
762,762,504,High,169,91,320.54945054945057,115.80762436388142,88.93420182168774,552.1646992772135,655.0,624.0
763,763,505,Low,218,176,181.9715909090909,44.24457080201531,93.48244930506029,270.4607325131215,344.0,260.0
763,763,505,Medium,376,237,237.40084388185653,91.33368973517263,54.73346441151128,420.0682233522018,467.0,413.0
763,763,505,High,169,92,321.3152173913044,115.4035375072315,90.50814237684136,552.1222924057674,655.0,625.0
764,764,506,Low,219,176,181.9715909090909,44.24457080201531,93.48244930506029,270.4607325131215,344.0,261.0
764,764,506,Medium,376,238,237.8613445378151,91.41726157920223,55.02682137941065,420.6958676962196,467.0,414.0
764,764,506,High,169,92,321.3152173913044,115.4035375072315,90.50814237684136,552.1222924057674,655.0,626.0
765,765,507,Low,220,176,181.9715909090909,44.24457080201531,93.48244930506029,270.4607325131215,344.0,262.0
765,765,507,Medium,376,239,238.02092050209205,91.25835740241972,55.504205697252615,420.5376353069315,467.0,415.0
765,765,507,High,169,92,321.3152173913044,115.4035375072315,90.50814237684136,552.1222924057674,655.0,627.0
766,766,507,Low,221,176,181.9715909090909,44.24457080201531,93.48244930506029,270.4607325131215,344.0,263.0
766,766,507,Medium,376,239,238.02092050209205,91.25835740241972,55.504205697252615,420.5376353069315,467.0,416.0
766,766,507,High,169,92,321.3152173913044,115.4035375072315,90.50814237684136,552.1222924057674,655.0,628.0
767,767,507,Low,222,176,181.9715909090909,44.24457080201531,93.48244930506029,270.4607325131215,344.0,264.0
767,767,507,Medium,376,239,238.02092050209205,91.25835740241972,55.504205697252615,420.5376353069315,467.0,417.0
767,767,507,High,169,92,321.3152173913044,115.4035375072315,90.50814237684136,552.1222924057674,655.0,629.0
768,768,508,Low,222,176,181.9715909090909,44.24457080201531,93.48244930506029,270.4607325131215,344.0,265.0
768,768,508,Medium,377,240,237.625,91.27356118127142,55.07787763745716,420.17212236254284,467.0,418.0
768,768,508,High,169,92,321.3152173913044,115.4035375072315,90.50814237684136,552.1222924057674,655.0,630.0
769,769,509,Low,223,177,182.4463276836158,44.56849555567878,93.30933657225825,271.58331879497337,344.0,240.0
769,769,509,Medium,377,240,237.625,91.27356118127142,55.07787763745716,420.17212236254284,467.0,419.0
769,769,509,High,169,92,321.3152173913044,115.4035375072315,90.50814237684136,552.1222924057674,655.0,631.0
770,770,509,Low,223,177,182.4463276836158,44.56849555567878,93.30933657225825,271.58331879497337,344.0,241.0
770,770,509,Medium,378,240,237.625,91.27356118127142,55.07787763745716,420.17212236254284,467.0,420.0
770,770,509,High,169,92,321.3152173913044,115.4035375072315,90.50814237684136,552.1222924057674,655.0,632.0
771,771,511,Low,223,177,182.4463276836158,44.56849555567878,93.30933657225825,271.58331879497337,344.0,242.0
771,771,511,Medium,379,242,237.23553719008265,90.99590922318093,55.24371874372079,419.2273556364445,467.0,421.0
771,771,511,High,169,92,321.3152173913044,115.4035375072315,90.50814237684136,552.1222924057674,655.0,633.0
772,772,512,Low,223,177,182.4463276836158,44.56849555567878,93.30933657225825,271.58331879497337,344.0,243.0
772,772,512,Medium,380,243,237.57201646090536,90.95906557556478,55.6538853097758,419.4901476120349,467.0,422.0
772,772,512,High,169,92,321.3152173913044,115.4035375072315,90.50814237684136,552.1222924057674,655.0,634.0
773,773,512,Low,223,177,182.4463276836158,44.56849555567878,93.30933657225825,271.58331879497337,344.0,244.0
773,773,512,Medium,380,243,237.57201646090536,90.95906557556478,55.6538853097758,419.4901476120349,467.0,423.0
773,773,512,High,170,92,321.3152173913044,115.4035375072315,90.50814237684136,552.1222924057674,655.0,635.0
774,774,513,Low,223,177,182.4463276836158,44.56849555567878,93.30933657225825,271.58331879497337,344.0,245.0
774,774,513,Medium,381,244,238.11885245901638,91.1727333002755,55.77338585846539,420.4643190595674,467.0,424.0
774,774,513,High,170,92,321.3152173913044,115.4035375072315,90.50814237684136,552.1222924057674,655.0,636.0
775,775,514,Low,223,177,182.4463276836158,44.56849555567878,93.30933657225825,271.58331879497337,344.0,246.0
775,775,514,Medium,382,244,238.11885245901638,91.1727333002755,55.77338585846539,420.4643190595674,467.0,425.0
775,775,514,High,170,93,321.19354838709677,114.78062801108867,91.63229236491944,550.7548044092741,655.0,637.0
776,776,514,Low,223,177,182.4463276836158,44.56849555567878,93.30933657225825,271.58331879497337,344.0,247.0
776,776,514,Medium,382,244,238.11885245901638,91.1727333002755,55.77338585846539,420.4643190595674,467.0,426.0
776,776,514,High,171,93,321.19354838709677,114.78062801108867,91.63229236491944,550.7548044092741,655.0,638.0
777,777,518,Low,224,179,182.79329608938548,44.58833877601964,93.6166185373462,271.96997364142476,344.0,233.0
777,777,518,Medium,382,246,237.84959349593495,90.8918944088076,56.06580467831975,419.63338231355016,467.0,427.0
777,777,518,High,171,93,321.19354838709677,114.78062801108867,91.63229236491944,550.7548044092741,655.0,639.0
778,778,520,Low,224,179,182.79329608938548,44.58833877601964,93.6166185373462,271.96997364142476,344.0,234.0
778,778,520,Medium,383,246,237.84959349593495,90.8918944088076,56.06580467831975,419.63338231355016,467.0,428.0
778,778,520,High,171,95,323.13684210526316,114.34202244277729,94.45279721970857,551.8208869908177,655.0,640.0
779,779,520,Low,224,179,182.79329608938548,44.58833877601964,93.6166185373462,271.96997364142476,344.0,235.0
779,779,520,Medium,383,246,237.84959349593495,90.8918944088076,56.06580467831975,419.63338231355016,467.0,429.0
779,779,520,High,172,95,323.13684210526316,114.34202244277729,94.45279721970857,551.8208869908177,655.0,641.0
780,780,522,Low,224,180,183.0888888888889,44.64012385709085,93.8086411747072,272.3691366030706,344.0,187.0
780,780,522,Medium,384,247,237.80161943319837,90.71010017517088,56.38141908285661,419.2218197835401,467.0,430.0
780,780,522,High,172,95,323.13684210526316,114.34202244277729,94.45279721970857,551.8208869908177,655.0,642.0
781,781,522,Low,224,180,183.0888888888889,44.64012385709085,93.8086411747072,272.3691366030706,344.0,188.0
781,781,522,Medium,384,247,237.80161943319837,90.71010017517088,56.38141908285661,419.2218197835401,467.0,431.0
781,781,522,High,173,95,323.13684210526316,114.34202244277729,94.45279721970857,551.8208869908177,655.0,643.0
782,782,523,Low,225,180,183.0888888888889,44.64012385709085,93.8086411747072,272.3691366030706,344.0,189.0
782,782,523,Medium,384,247,237.80161943319837,90.71010017517088,56.38141908285661,419.2218197835401,467.0,432.0
782,782,523,High,173,96,322.6145833333333,113.8536798556229,94.90722362208751,550.3219430445791,655.0,644.0
783,783,526,Low,225,181,182.75690607734808,44.739449648145055,93.27800678105797,272.2358053736382,344.0,190.0
783,783,526,Medium,385,248,237.8991935483871,90.53933047973942,56.820532588908264,418.9778545078659,467.0,433.0
783,783,526,High,173,97,323.45360824742266,113.5601915119023,96.33322522361806,550.5739912712272,655.0,645.0
784,784,528,Low,225,181,182.75690607734808,44.739449648145055,93.27800678105797,272.2358053736382,344.0,191.0
784,784,528,Medium,385,250,237.696,90.35572039907238,56.984559201855234,418.40744079814476,467.0,434.0
784,784,528,High,174,97,323.45360824742266,113.5601915119023,96.33322522361806,550.5739912712272,655.0,646.0
785,785,528,Low,225,181,182.75690607734808,44.739449648145055,93.27800678105797,272.2358053736382,344.0,192.0
785,785,528,Medium,386,250,237.696,90.35572039907238,56.984559201855234,418.40744079814476,467.0,435.0
785,785,528,High,174,97,323.45360824742266,113.5601915119023,96.33322522361806,550.5739912712272,655.0,647.0
786,786,528,Low,225,181,182.75690607734808,44.739449648145055,93.27800678105797,272.2358053736382,344.0,193.0
786,786,528,Medium,387,250,237.696,90.35572039907238,56.984559201855234,418.40744079814476,467.0,436.0
786,786,528,High,174,97,323.45360824742266,113.5601915119023,96.33322522361806,550.5739912712272,655.0,648.0
787,787,528,Low,225,181,182.75690607734808,44.739449648145055,93.27800678105797,272.2358053736382,344.0,194.0
787,787,528,Medium,388,250,237.696,90.35572039907238,56.984559201855234,418.40744079814476,467.0,437.0
787,787,528,High,174,97,323.45360824742266,113.5601915119023,96.33322522361806,550.5739912712272,655.0,649.0
788,788,528,Low,225,181,182.75690607734808,44.739449648145055,93.27800678105797,272.2358053736382,344.0,195.0
788,788,528,Medium,388,250,237.696,90.35572039907238,56.984559201855234,418.40744079814476,467.0,438.0
788,788,528,High,175,97,323.45360824742266,113.5601915119023,96.33322522361806,550.5739912712272,655.0,650.0
789,789,530,Low,225,181,182.75690607734808,44.739449648145055,93.27800678105797,272.2358053736382,344.0,196.0
789,789,530,Medium,389,250,237.696,90.35572039907238,56.984559201855234,418.40744079814476,467.0,439.0
789,789,530,High,175,99,324.3636363636364,116.55991316945335,91.24381002472967,557.4834627025431,655.0,651.0
790,790,531,Low,226,181,182.75690607734808,44.739449648145055,93.27800678105797,272.2358053736382,344.0,197.0
790,790,531,Medium,389,251,238.22310756972112,90.56068696683114,57.10173363605884,419.3444815033834,467.0,440.0
790,790,531,High,175,99,324.3636363636364,116.55991316945335,91.24381002472967,557.4834627025431,655.0,652.0
791,791,532,Low,226,181,182.75690607734808,44.739449648145055,93.27800678105797,272.2358053736382,344.0,198.0
791,791,532,Medium,390,252,238.5873015873016,90.56482961947367,57.457642348354256,419.71696082624896,467.0,441.0
791,791,532,High,175,99,324.3636363636364,116.55991316945335,91.24381002472967,557.4834627025431,655.0,653.0
792,792,533,Low,226,181,182.75690607734808,44.739449648145055,93.27800678105797,272.2358053736382,344.0,199.0
792,792,533,Medium,391,253,238.5415019762846,90.38789457132357,57.76571283363745,419.31729111893173,467.0,442.0
792,792,533,High,175,99,324.3636363636364,116.55991316945335,91.24381002472967,557.4834627025431,655.0,654.0
793,793,536,Low,227,182,182.83516483516485,44.62817872950914,93.57880737614657,272.0915222941831,344.0,200.0
793,793,536,Medium,391,255,238.44313725490196,90.16090003782509,58.12133717925178,418.76493733055213,467.0,443.0
793,793,536,High,175,99,324.3636363636364,116.55991316945335,91.24381002472967,557.4834627025431,655.0,655.0
794,794,538,Low,228,182,182.83516483516485,44.62817872950914,93.57880737614657,272.0915222941831,344.0,201.0
794,794,538,Medium,391,256,238.94140625,90.33641094013043,58.26858436973913,419.61422813026087,467.0,444.0
794,794,538,High,175,100,324.01,116.02363874432982,91.96272251134036,556.0572774886596,655.0,656.0
795,795,540,Low,228,182,182.83516483516485,44.62817872950914,93.57880737614657,272.0915222941831,344.0,202.0
795,795,540,Medium,392,257,239.15175097276264,90.22283788175662,58.706075209249406,419.5974267362759,467.0,445.0
795,795,540,High,175,101,324.74257425742576,115.67658825063491,93.38939775615594,556.0957507586955,655.0,657.0
796,796,542,Low,228,182,182.83516483516485,44.62817872950914,93.57880737614657,272.0915222941831,344.0,203.0
796,796,542,Medium,393,259,239.4169884169884,90.02848311668127,59.36002218362586,419.47395465035095,467.0,446.0
796,796,542,High,175,101,324.74257425742576,115.67658825063491,93.38939775615594,556.0957507586955,655.0,658.0
797,797,543,Low,229,182,182.83516483516485,44.62817872950914,93.57880737614657,272.0915222941831,344.0,204.0
797,797,543,Medium,393,260,239.45384615384614,89.8564802937832,59.74088556627973,419.16680674141253,467.0,447.0
797,797,543,High,175,101,324.74257425742576,115.67658825063491,93.38939775615594,556.0957507586955,655.0,659.0
798,798,545,Low,229,182,182.83516483516485,44.62817872950914,93.57880737614657,272.0915222941831,344.0,205.0
798,798,545,Medium,393,261,239.67816091954023,89.75670031807871,60.164760283382805,419.19156155569766,467.0,448.0
798,798,545,High,176,102,322.95098039215685,116.51604040773373,89.9188995766894,555.9830612076244,655.0,660.0
799,799,545,Low,230,182,182.83516483516485,44.62817872950914,93.57880737614657,272.0915222941831,344.0,206.0
799,799,545,Medium,393,261,239.67816091954023,89.75670031807871,60.164760283382805,419.19156155569766,467.0,449.0
799,799,545,High,176,102,322.95098039215685,116.51604040773373,89.9188995766894,555.9830612076244,655.0,661.0
800,800,545,Low,231,182,182.83516483516485,44.62817872950914,93.57880737614657,272.0915222941831,344.0,207.0
800,800,545,Medium,393,261,239.67816091954023,89.75670031807871,60.164760283382805,419.19156155569766,467.0,450.0
800,800,545,High,176,102,322.95098039215685,116.51604040773373,89.9188995766894,555.9830612076244,655.0,662.0
801,801,545,Low,232,182,182.83516483516485,44.62817872950914,93.57880737614657,272.0915222941831,344.0,208.0
801,801,545,Medium,393,261,239.67816091954023,89.75670031807871,60.164760283382805,419.19156155569766,467.0,451.0
801,801,545,High,176,102,322.95098039215685,116.51604040773373,89.9188995766894,555.9830612076244,655.0,663.0
802,802,546,Low,233,182,182.83516483516485,44.62817872950914,93.57880737614657,272.0915222941831,344.0,209.0
802,802,546,Medium,393,262,240.12977099236642,89.88233235558116,60.365106281204106,419.89443570352876,467.0,452.0
802,802,546,High,176,102,322.95098039215685,116.51604040773373,89.9188995766894,555.9830612076244,655.0,664.0
803,803,547,Low,233,182,182.83516483516485,44.62817872950914,93.57880737614657,272.0915222941831,344.0,210.0
803,803,547,Medium,394,262,240.12977099236642,89.88233235558116,60.365106281204106,419.89443570352876,467.0,453.0
803,803,547,High,176,103,324.3592233009709,116.8210340958937,90.7171551091835,558.0012914927582,655.0,665.0
804,804,547,Low,233,182,182.83516483516485,44.62817872950914,93.57880737614657,272.0915222941831,344.0,211.0
804,804,547,Medium,395,262,240.12977099236642,89.88233235558116,60.365106281204106,419.89443570352876,467.0,454.0
804,804,547,High,176,103,324.3592233009709,116.8210340958937,90.7171551091835,558.0012914927582,655.0,666.0
805,805,549,Low,233,182,182.83516483516485,44.62817872950914,93.57880737614657,272.0915222941831,344.0,212.0
805,805,549,Medium,395,264,240.875,90.16872386952448,60.53755226095103,421.21244773904897,467.0,455.0
805,805,549,High,177,103,324.3592233009709,116.8210340958937,90.7171551091835,558.0012914927582,655.0,667.0
806,806,549,Low,233,182,182.83516483516485,44.62817872950914,93.57880737614657,272.0915222941831,344.0,213.0
806,806,549,Medium,396,264,240.875,90.16872386952448,60.53755226095103,421.21244773904897,467.0,456.0
806,806,549,High,177,103,324.3592233009709,116.8210340958937,90.7171551091835,558.0012914927582,655.0,668.0
807,807,549,Low,234,182,182.83516483516485,44.62817872950914,93.57880737614657,272.0915222941831,344.0,214.0
807,807,549,Medium,396,264,240.875,90.16872386952448,60.53755226095103,421.21244773904897,467.0,457.0
807,807,549,High,177,103,324.3592233009709,116.8210340958937,90.7171551091835,558.0012914927582,655.0,669.0
808,808,550,Low,234,182,182.83516483516485,44.62817872950914,93.57880737614657,272.0915222941831,344.0,215.0
808,808,550,Medium,397,265,241.0867924528302,90.06380322114714,60.959186010535916,421.2143988951245,467.0,458.0
808,808,550,High,177,103,324.3592233009709,116.8210340958937,90.7171551091835,558.0012914927582,655.0,670.0
809,809,551,Low,235,182,182.83516483516485,44.62817872950914,93.57880737614657,272.0915222941831,344.0,216.0
809,809,551,Medium,397,266,241.906015037594,90.88123393013504,60.14354717732391,423.66848289786407,467.0,422.0
809,809,551,High,177,103,324.3592233009709,116.8210340958937,90.7171551091835,558.0012914927582,655.0,671.0
810,810,553,Low,235,183,182.49180327868854,44.747136792491254,92.99752969370603,271.98607686367103,344.0,217.0
810,810,553,Medium,398,267,242.05992509363296,90.74509952175053,60.56972605013189,423.55012413713405,467.0,423.0
810,810,553,High,177,103,324.3592233009709,116.8210340958937,90.7171551091835,558.0012914927582,655.0,672.0
811,811,553,Low,236,183,182.49180327868854,44.747136792491254,92.99752969370603,271.98607686367103,344.0,218.0
811,811,553,Medium,398,267,242.05992509363296,90.74509952175053,60.56972605013189,423.55012413713405,467.0,424.0
811,811,553,High,177,103,324.3592233009709,116.8210340958937,90.7171551091835,558.0012914927582,655.0,673.0
812,812,554,Low,237,183,182.49180327868854,44.747136792491254,92.99752969370603,271.98607686367103,344.0,219.0
812,812,554,Medium,398,268,242.06716417910448,90.57508299385506,60.916998191394356,423.2173301668146,467.0,425.0
812,812,554,High,177,103,324.3592233009709,116.8210340958937,90.7171551091835,558.0012914927582,655.0,674.0
813,813,557,Low,237,183,182.49180327868854,44.747136792491254,92.99752969370603,271.98607686367103,344.0,220.0
813,813,557,Medium,399,271,242.1180811808118,90.2444872924372,61.6291065959374,422.6070557656862,467.0,426.0
813,813,557,High,177,103,324.3592233009709,116.8210340958937,90.7171551091835,558.0012914927582,655.0,675.0
814,814,557,Low,237,183,182.49180327868854,44.747136792491254,92.99752969370603,271.98607686367103,344.0,221.0
814,814,557,Medium,399,271,242.1180811808118,90.2444872924372,61.6291065959374,422.6070557656862,467.0,427.0
814,814,557,High,178,103,324.3592233009709,116.8210340958937,90.7171551091835,558.0012914927582,655.0,676.0
815,815,558,Low,238,183,182.49180327868854,44.747136792491254,92.99752969370603,271.98607686367103,344.0,222.0
815,815,558,Medium,399,272,241.90441176470588,90.14673390423549,61.610943956234905,422.19787957317686,467.0,428.0
815,815,558,High,178,103,324.3592233009709,116.8210340958937,90.7171551091835,558.0012914927582,655.0,677.0
816,816,559,Low,238,183,182.49180327868854,44.747136792491254,92.99752969370603,271.98607686367103,344.0,223.0
816,816,559,Medium,400,272,241.90441176470588,90.14673390423549,61.610943956234905,422.19787957317686,467.0,429.0
816,816,559,High,178,104,325.4230769230769,116.75771048385164,91.90765595537363,558.9384978907801,655.0,678.0
817,817,561,Low,238,185,181.7891891891892,45.013088578331875,91.76301203252544,271.8153663458529,344.0,224.0
817,817,561,Medium,400,272,241.90441176470588,90.14673390423549,61.610943956234905,422.19787957317686,467.0,430.0
817,817,561,High,179,104,325.4230769230769,116.75771048385164,91.90765595537363,558.9384978907801,655.0,679.0
818,818,563,Low,238,186,181.58602150537635,44.97669809037841,91.63262532461953,271.53941768613316,344.0,225.0
818,818,563,Medium,401,273,241.62637362637363,90.09806524392258,61.43024313852848,421.82250411421876,467.0,431.0
818,818,563,High,179,104,325.4230769230769,116.75771048385164,91.90765595537363,558.9384978907801,655.0,680.0
819,819,564,Low,238,186,181.58602150537635,44.97669809037841,91.63262532461953,271.53941768613316,344.0,226.0
819,819,564,Medium,401,274,242.18613138686132,90.40895096734417,61.36822945217298,423.0040333215496,467.0,432.0
819,819,564,High,180,104,325.4230769230769,116.75771048385164,91.90765595537363,558.9384978907801,655.0,681.0
820,820,565,Low,238,186,181.58602150537635,44.97669809037841,91.63262532461953,271.53941768613316,344.0,227.0
820,820,565,Medium,401,274,242.18613138686132,90.40895096734417,61.36822945217298,423.0040333215496,467.0,433.0
820,820,565,High,181,105,325.752380952381,116.24400571413938,93.26436952410222,558.2403923806597,655.0,682.0
821,821,566,Low,238,186,181.58602150537635,44.97669809037841,91.63262532461953,271.53941768613316,344.0,228.0
821,821,566,Medium,401,274,242.18613138686132,90.40895096734417,61.36822945217298,423.0040333215496,467.0,434.0
821,821,566,High,182,106,326.1981132075472,115.78012164372034,94.63786992010651,557.7583564949879,655.0,683.0
822,822,566,Low,238,186,181.58602150537635,44.97669809037841,91.63262532461953,271.53941768613316,344.0,229.0
822,822,566,Medium,401,274,242.18613138686132,90.40895096734417,61.36822945217298,423.0040333215496,467.0,435.0
822,822,566,High,183,106,326.1981132075472,115.78012164372034,94.63786992010651,557.7583564949879,655.0,684.0
823,823,567,Low,239,186,181.58602150537635,44.97669809037841,91.63262532461953,271.53941768613316,344.0,230.0
823,823,567,Medium,401,274,242.18613138686132,90.40895096734417,61.36822945217298,423.0040333215496,467.0,436.0
823,823,567,High,183,107,326.4299065420561,115.25763693025247,95.91463268155113,556.945180402561,655.0,685.0
824,824,568,Low,239,186,181.58602150537635,44.97669809037841,91.63262532461953,271.53941768613316,344.0,231.0
824,824,568,Medium,402,274,242.18613138686132,90.40895096734417,61.36822945217298,423.0040333215496,467.0,437.0
824,824,568,High,183,108,327.6759259259259,115.44629602325831,96.7833338794093,558.5685179724426,655.0,686.0
825,825,568,Low,240,186,181.58602150537635,44.97669809037841,91.63262532461953,271.53941768613316,344.0,232.0
825,825,568,Medium,402,274,242.18613138686132,90.40895096734417,61.36822945217298,423.0040333215496,467.0,438.0
825,825,568,High,183,108,327.6759259259259,115.44629602325831,96.7833338794093,558.5685179724426,655.0,687.0
826,826,569,Low,240,187,181.86096256684493,45.01292437021621,91.83511382641251,271.88681130727736,344.0,221.0
826,826,569,Medium,403,274,242.18613138686132,90.40895096734417,61.36822945217298,423.0040333215496,467.0,439.0
826,826,569,High,183,108,327.6759259259259,115.44629602325831,96.7833338794093,558.5685179724426,655.0,688.0
827,827,569,Low,240,187,181.86096256684493,45.01292437021621,91.83511382641251,271.88681130727736,344.0,222.0
827,827,569,Medium,403,274,242.18613138686132,90.40895096734417,61.36822945217298,423.0040333215496,467.0,440.0
827,827,569,High,184,108,327.6759259259259,115.44629602325831,96.7833338794093,558.5685179724426,655.0,689.0
828,828,570,Low,240,188,181.75,44.91818170995285,91.9136365800943,271.5863634199057,344.0,223.0
828,828,570,Medium,403,274,242.18613138686132,90.40895096734417,61.36822945217298,423.0040333215496,467.0,441.0
828,828,570,High,185,108,327.6759259259259,115.44629602325831,96.7833338794093,558.5685179724426,655.0,690.0
829,829,570,Low,241,188,181.75,44.91818170995285,91.9136365800943,271.5863634199057,344.0,224.0
829,829,570,Medium,403,274,242.18613138686132,90.40895096734417,61.36822945217298,423.0040333215496,467.0,442.0
829,829,570,High,185,108,327.6759259259259,115.44629602325831,96.7833338794093,558.5685179724426,655.0,691.0
830,830,570,Low,241,188,181.75,44.91818170995285,91.9136365800943,271.5863634199057,344.0,225.0
830,830,570,Medium,403,274,242.18613138686132,90.40895096734417,61.36822945217298,423.0040333215496,467.0,443.0
830,830,570,High,186,108,327.6759259259259,115.44629602325831,96.7833338794093,558.5685179724426,655.0,692.0
831,831,571,Low,241,188,181.75,44.91818170995285,91.9136365800943,271.5863634199057,344.0,226.0
831,831,571,Medium,403,275,241.7418181818182,90.54411089949454,60.65359638282911,422.83003998080727,467.0,444.0
831,831,571,High,187,108,327.6759259259259,115.44629602325831,96.7833338794093,558.5685179724426,655.0,693.0
832,832,571,Low,242,188,181.75,44.91818170995285,91.9136365800943,271.5863634199057,344.0,227.0
832,832,571,Medium,403,275,241.7418181818182,90.54411089949454,60.65359638282911,422.83003998080727,467.0,445.0
832,832,571,High,187,108,327.6759259259259,115.44629602325831,96.7833338794093,558.5685179724426,655.0,694.0
833,833,572,Low,242,188,181.75,44.91818170995285,91.9136365800943,271.5863634199057,344.0,228.0
833,833,572,Medium,404,276,241.3586956521739,90.60318054081033,60.15233457055325,422.56505673379456,467.0,446.0
833,833,572,High,187,108,327.6759259259259,115.44629602325831,96.7833338794093,558.5685179724426,655.0,695.0
834,834,574,Low,242,189,181.7883597883598,44.80166305753537,92.18503367328906,271.3916859034305,344.0,229.0
834,834,574,Medium,404,277,241.5306859205776,90.4841844850199,60.56231695053782,422.4990548906174,467.0,447.0
834,834,574,High,188,108,327.6759259259259,115.44629602325831,96.7833338794093,558.5685179724426,655.0,696.0
835,835,575,Low,242,189,181.7883597883598,44.80166305753537,92.18503367328906,271.3916859034305,344.0,230.0
835,835,575,Medium,405,278,241.5503597122302,90.32130362188528,60.90775246845965,422.19296695600076,467.0,448.0
835,835,575,High,188,108,327.6759259259259,115.44629602325831,96.7833338794093,558.5685179724426,655.0,697.0
836,836,577,Low,242,190,182.04736842105262,44.82538571700598,92.39659698704067,271.6981398550646,344.0,221.0
836,836,577,Medium,405,279,241.11827956989248,90.4471127467523,60.22405407638789,422.01250506339704,467.0,449.0
836,836,577,High,189,108,327.6759259259259,115.44629602325831,96.7833338794093,558.5685179724426,655.0,698.0
837,837,578,Low,243,190,182.04736842105262,44.82538571700598,92.39659698704067,271.6981398550646,344.0,222.0
837,837,578,Medium,405,279,241.11827956989248,90.4471127467523,60.22405407638789,422.01250506339704,467.0,450.0
837,837,578,High,189,109,328.95412844036696,115.68286672664391,97.58839498707914,560.3198618936548,655.0,699.0
838,838,578,Low,243,190,182.04736842105262,44.82538571700598,92.39659698704067,271.6981398550646,344.0,223.0
838,838,578,Medium,405,279,241.11827956989248,90.4471127467523,60.22405407638789,422.01250506339704,467.0,451.0
838,838,578,High,190,109,328.95412844036696,115.68286672664391,97.58839498707914,560.3198618936548,655.0,700.0
839,839,580,Low,243,190,182.04736842105262,44.82538571700598,92.39659698704067,271.6981398550646,344.0,224.0
839,839,580,Medium,406,280,241.07142857142858,90.28827927420011,60.49487002302837,421.6479871198288,467.0,452.0
839,839,580,High,190,110,329.6909090909091,115.40997885516423,98.87095138058064,560.5108668012375,655.0,701.0
840,840,580,Low,243,190,182.04736842105262,44.82538571700598,92.39659698704067,271.6981398550646,344.0,225.0
840,840,580,Medium,406,280,241.07142857142858,90.28827927420011,60.49487002302837,421.6479871198288,467.0,453.0
840,840,580,High,191,110,329.6909090909091,115.40997885516423,98.87095138058064,560.5108668012375,655.0,702.0
841,841,580,Low,243,190,182.04736842105262,44.82538571700598,92.39659698704067,271.6981398550646,344.0,226.0
841,841,580,Medium,406,280,241.07142857142858,90.28827927420011,60.49487002302837,421.6479871198288,467.0,454.0
841,841,580,High,192,110,329.6909090909091,115.40997885516423,98.87095138058064,560.5108668012375,655.0,703.0
842,842,581,Low,243,190,182.04736842105262,44.82538571700598,92.39659698704067,271.6981398550646,344.0,227.0
842,842,581,Medium,406,280,241.07142857142858,90.28827927420011,60.49487002302837,421.6479871198288,467.0,455.0
842,842,581,High,193,111,328.54954954954957,115.51180488580842,97.52593977793273,559.5731593211664,655.0,704.0
843,843,581,Low,243,190,182.04736842105262,44.82538571700598,92.39659698704067,271.6981398550646,344.0,228.0
843,843,581,Medium,406,280,241.07142857142858,90.28827927420011,60.49487002302837,421.6479871198288,467.0,456.0
843,843,581,High,194,111,328.54954954954957,115.51180488580842,97.52593977793273,559.5731593211664,655.0,705.0
844,844,581,Low,243,190,182.04736842105262,44.82538571700598,92.39659698704067,271.6981398550646,344.0,229.0
844,844,581,Medium,407,280,241.07142857142858,90.28827927420011,60.49487002302837,421.6479871198288,467.0,457.0
844,844,581,High,194,111,328.54954954954957,115.51180488580842,97.52593977793273,559.5731593211664,655.0,706.0
845,845,582,Low,243,191,181.81151832460733,44.825933204815236,92.15965191497686,271.4633847342378,344.0,230.0
845,845,582,Medium,407,280,241.07142857142858,90.28827927420011,60.49487002302837,421.6479871198288,467.0,458.0
845,845,582,High,195,111,328.54954954954957,115.51180488580842,97.52593977793273,559.5731593211664,655.0,707.0
846,846,582,Low,243,191,181.81151832460733,44.825933204815236,92.15965191497686,271.4633847342378,344.0,231.0
846,846,582,Medium,408,280,241.07142857142858,90.28827927420011,60.49487002302837,421.6479871198288,467.0,459.0
846,846,582,High,195,111,328.54954954954957,115.51180488580842,97.52593977793273,559.5731593211664,655.0,708.0
847,847,582,Low,244,191,181.81151832460733,44.825933204815236,92.15965191497686,271.4633847342378,344.0,232.0
847,847,582,Medium,408,280,241.07142857142858,90.28827927420011,60.49487002302837,421.6479871198288,467.0,460.0
847,847,582,High,195,111,328.54954954954957,115.51180488580842,97.52593977793273,559.5731593211664,655.0,709.0
848,848,585,Low,244,191,181.81151832460733,44.825933204815236,92.15965191497686,271.4633847342378,344.0,233.0
848,848,585,Medium,408,282,241.20567375886526,90.00518116604759,61.195311426770076,421.2160360909604,467.0,461.0
848,848,585,High,196,112,330.3125,116.49405747903164,97.32438504193672,563.3006149580633,655.0,710.0
849,849,585,Low,244,191,181.81151832460733,44.825933204815236,92.15965191497686,271.4633847342378,344.0,234.0
849,849,585,Medium,409,282,241.20567375886526,90.00518116604759,61.195311426770076,421.2160360909604,467.0,462.0
849,849,585,High,196,112,330.3125,116.49405747903164,97.32438504193672,563.3006149580633,655.0,711.0
850,850,585,Low,244,191,181.81151832460733,44.825933204815236,92.15965191497686,271.4633847342378,344.0,235.0
850,850,585,Medium,410,282,241.20567375886526,90.00518116604759,61.195311426770076,421.2160360909604,467.0,463.0
850,850,585,High,196,112,330.3125,116.49405747903164,97.32438504193672,563.3006149580633,655.0,712.0
851,851,588,Low,244,192,182.09375,44.87914617926799,92.33545764146402,271.852042358536,344.0,227.0
851,851,588,Medium,411,283,241.15901060070672,89.84888504427012,61.46124051216648,420.856780689247,467.0,464.0
851,851,588,High,196,113,328.7433628318584,117.16622645085589,94.41090993014663,563.0758157335702,655.0,713.0
852,852,590,Low,245,192,182.09375,44.87914617926799,92.33545764146402,271.852042358536,344.0,228.0
852,852,590,Medium,411,284,240.93309859154928,89.77076674168237,61.39156510818455,420.474632074914,467.0,465.0
852,852,590,High,196,114,332.12280701754383,122.09992573551091,87.92295554652202,576.3226584885656,714.0,474.0
853,853,590,Low,245,192,182.09375,44.87914617926799,92.33545764146402,271.852042358536,344.0,229.0
853,853,590,Medium,412,284,240.93309859154928,89.77076674168237,61.39156510818455,420.474632074914,467.0,466.0
853,853,590,High,196,114,332.12280701754383,122.09992573551091,87.92295554652202,576.3226584885656,714.0,475.0
854,854,591,Low,245,193,182.25906735751295,44.821000857585126,92.6170656423427,271.9010690726832,344.0,230.0
854,854,591,Medium,413,284,240.93309859154928,89.77076674168237,61.39156510818455,420.474632074914,467.0,467.0
854,854,591,High,196,114,332.12280701754383,122.09992573551091,87.92295554652202,576.3226584885656,714.0,476.0
855,855,593,Low,245,193,182.25906735751295,44.821000857585126,92.6170656423427,271.9010690726832,344.0,231.0
855,855,593,Medium,414,285,241.13684210526316,89.67856651848025,61.77970906830265,420.4939751422237,467.0,468.0
855,855,593,High,196,115,333.31304347826085,122.23147190111116,88.85009967603852,577.7759872804832,714.0,477.0
856,856,595,Low,245,194,182.51546391752578,44.84714705537537,92.82116980677503,272.2097580282765,344.0,221.0
856,856,595,Medium,414,286,241.5979020979021,89.86002289606662,61.87785630576886,421.3179478900354,467.0,469.0
856,856,595,High,197,115,333.31304347826085,122.23147190111116,88.85009967603852,577.7759872804832,714.0,478.0
857,857,596,Low,246,195,182.25641025641025,44.87744936239269,92.50151153162487,272.0113089811956,344.0,222.0
857,857,596,Medium,414,286,241.5979020979021,89.86002289606662,61.87785630576886,421.3179478900354,467.0,470.0
857,857,596,High,197,115,333.31304347826085,122.23147190111116,88.85009967603852,577.7759872804832,714.0,479.0
858,858,598,Low,246,197,181.86294416243655,44.909847307302584,92.04324954783138,271.6826387770417,344.0,223.0
858,858,598,Medium,415,286,241.5979020979021,89.86002289606662,61.87785630576886,421.3179478900354,467.0,471.0
858,858,598,High,197,115,333.31304347826085,122.23147190111116,88.85009967603852,577.7759872804832,714.0,480.0
859,859,599,Low,247,197,181.86294416243655,44.909847307302584,92.04324954783138,271.6826387770417,344.0,224.0
859,859,599,Medium,415,287,241.42857142857142,89.74864445115134,61.931282526268745,420.9258603308741,467.0,472.0
859,859,599,High,197,115,333.31304347826085,122.23147190111116,88.85009967603852,577.7759872804832,714.0,481.0
860,860,599,Low,248,197,181.86294416243655,44.909847307302584,92.04324954783138,271.6826387770417,344.0,225.0
860,860,599,Medium,415,287,241.42857142857142,89.74864445115134,61.931282526268745,420.9258603308741,467.0,473.0
860,860,599,High,197,115,333.31304347826085,122.23147190111116,88.85009967603852,577.7759872804832,714.0,482.0
861,861,600,Low,248,198,181.989898989899,44.83132401778599,92.32725095432701,271.652547025471,344.0,226.0
861,861,600,Medium,415,287,241.42857142857142,89.74864445115134,61.931282526268745,420.9258603308741,467.0,474.0
861,861,600,High,198,115,333.31304347826085,122.23147190111116,88.85009967603852,577.7759872804832,714.0,483.0
862,862,601,Low,249,199,182.0251256281407,44.7207313218253,92.5836629844901,271.4665882717913,344.0,227.0
862,862,601,Medium,415,287,241.42857142857142,89.74864445115134,61.931282526268745,420.9258603308741,467.0,475.0
862,862,601,High,198,115,333.31304347826085,122.23147190111116,88.85009967603852,577.7759872804832,714.0,484.0
863,863,601,Low,250,199,182.0251256281407,44.7207313218253,92.5836629844901,271.4665882717913,344.0,228.0
863,863,601,Medium,415,287,241.42857142857142,89.74864445115134,61.931282526268745,420.9258603308741,467.0,476.0
863,863,601,High,198,115,333.31304347826085,122.23147190111116,88.85009967603852,577.7759872804832,714.0,485.0
864,864,605,Low,250,201,182.24378109452735,44.62034596046787,93.0030891735916,271.4844730154631,344.0,205.0
864,864,605,Medium,415,289,241.88581314878894,90.4324723480391,61.020868452710744,422.75075784486717,467.0,477.0
864,864,605,High,199,115,333.31304347826085,122.23147190111116,88.85009967603852,577.7759872804832,714.0,486.0
865,865,606,Low,251,201,182.24378109452735,44.62034596046787,93.0030891735916,271.4844730154631,344.0,206.0
865,865,606,Medium,415,290,242.09655172413792,90.34718303786757,61.40218564840279,422.79091779987306,467.0,478.0
865,865,606,High,199,115,333.31304347826085,122.23147190111116,88.85009967603852,577.7759872804832,714.0,487.0
866,866,607,Low,251,202,182.36633663366337,44.54328160078365,93.27977343209606,271.45289983523065,344.0,173.0
866,866,607,Medium,416,290,242.09655172413792,90.34718303786757,61.40218564840279,422.79091779987306,467.0,479.0
866,866,607,High,199,115,333.31304347826085,122.23147190111116,88.85009967603852,577.7759872804832,714.0,488.0
867,867,607,Low,251,202,182.36633663366337,44.54328160078365,93.27977343209606,271.45289983523065,344.0,174.0
867,867,607,Medium,417,290,242.09655172413792,90.34718303786757,61.40218564840279,422.79091779987306,467.0,480.0
867,867,607,High,199,115,333.31304347826085,122.23147190111116,88.85009967603852,577.7759872804832,714.0,489.0
868,868,607,Low,251,202,182.36633663366337,44.54328160078365,93.27977343209606,271.45289983523065,344.0,175.0
868,868,607,Medium,417,290,242.09655172413792,90.34718303786757,61.40218564840279,422.79091779987306,467.0,481.0
868,868,607,High,200,115,333.31304347826085,122.23147190111116,88.85009967603852,577.7759872804832,714.0,490.0
869,869,608,Low,251,202,182.36633663366337,44.54328160078365,93.27977343209606,271.45289983523065,344.0,176.0
869,869,608,Medium,417,291,242.03780068728523,90.19684573184325,61.64410922359872,422.43149215097174,467.0,482.0
869,869,608,High,201,115,333.31304347826085,122.23147190111116,88.85009967603852,577.7759872804832,714.0,491.0
870,870,613,Low,252,202,182.36633663366337,44.54328160078365,93.27977343209606,271.45289983523065,344.0,177.0
870,870,613,Medium,417,293,241.4334470989761,90.18569033097255,61.06206643703101,421.80482776092117,467.0,483.0
870,870,613,High,201,118,333.97457627118644,120.76858295997683,92.43741035123278,575.5117421911401,714.0,492.0
871,871,614,Low,252,202,182.36633663366337,44.54328160078365,93.27977343209606,271.45289983523065,344.0,178.0
871,871,614,Medium,418,294,241.2721088435374,90.07414903972412,61.12381076408917,421.42040692298565,467.0,484.0
871,871,614,High,201,118,333.97457627118644,120.76858295997683,92.43741035123278,575.5117421911401,714.0,493.0
872,872,615,Low,252,202,182.36633663366337,44.54328160078365,93.27977343209606,271.45289983523065,344.0,179.0
872,872,615,Medium,419,295,241.69152542372882,90.20892094318161,61.2736835373656,422.109367310092,467.0,485.0
872,872,615,High,201,118,333.97457627118644,120.76858295997683,92.43741035123278,575.5117421911401,714.0,494.0
873,873,616,Low,252,203,182.13300492610838,44.55708369341905,93.01883753927028,271.2471723129465,344.0,180.0
873,873,616,Medium,420,295,241.69152542372882,90.20892094318161,61.2736835373656,422.109367310092,467.0,486.0
873,873,616,High,201,118,333.97457627118644,120.76858295997683,92.43741035123278,575.5117421911401,714.0,495.0
874,874,616,Low,252,203,182.13300492610838,44.55708369341905,93.01883753927028,271.2471723129465,344.0,181.0
874,874,616,Medium,420,295,241.69152542372882,90.20892094318161,61.2736835373656,422.109367310092,467.0,487.0
874,874,616,High,202,118,333.97457627118644,120.76858295997683,92.43741035123278,575.5117421911401,714.0,496.0
875,875,617,Low,252,203,182.13300492610838,44.55708369341905,93.01883753927028,271.2471723129465,344.0,182.0
875,875,617,Medium,421,295,241.69152542372882,90.20892094318161,61.2736835373656,422.109367310092,467.0,488.0
875,875,617,High,202,119,334.52941176470586,120.4079804445527,93.71345087560044,575.3453726538113,714.0,497.0
876,876,618,Low,252,203,182.13300492610838,44.55708369341905,93.01883753927028,271.2471723129465,344.0,183.0
876,876,618,Medium,422,296,242.25675675675674,90.57942458186243,61.09790759303189,423.4156059204816,467.0,489.0
876,876,618,High,202,119,334.52941176470586,120.4079804445527,93.71345087560044,575.3453726538113,714.0,498.0
877,877,618,Low,253,203,182.13300492610838,44.55708369341905,93.01883753927028,271.2471723129465,344.0,184.0
877,877,618,Medium,422,296,242.25675675675674,90.57942458186243,61.09790759303189,423.4156059204816,467.0,490.0
877,877,618,High,202,119,334.52941176470586,120.4079804445527,93.71345087560044,575.3453726538113,714.0,499.0
878,878,618,Low,253,203,182.13300492610838,44.55708369341905,93.01883753927028,271.2471723129465,344.0,185.0
878,878,618,Medium,423,296,242.25675675675674,90.57942458186243,61.09790759303189,423.4156059204816,467.0,491.0
878,878,618,High,202,119,334.52941176470586,120.4079804445527,93.71345087560044,575.3453726538113,714.0,500.0
879,879,622,Low,253,203,182.13300492610838,44.55708369341905,93.01883753927028,271.2471723129465,344.0,186.0
879,879,622,Medium,423,300,242.63,90.31357357510753,62.002852849784944,423.257147150215,467.0,492.0
879,879,622,High,203,119,334.52941176470586,120.4079804445527,93.71345087560044,575.3453726538113,714.0,501.0
880,880,624,Low,253,203,182.13300492610838,44.55708369341905,93.01883753927028,271.2471723129465,344.0,187.0
880,880,624,Medium,424,301,242.58471760797343,90.16634792983092,62.25202174831159,422.91741346763524,467.0,493.0
880,880,624,High,203,120,334.0,120.04116940842079,93.91766118315843,574.0823388168416,714.0,502.0
881,881,624,Low,253,203,182.13300492610838,44.55708369341905,93.01883753927028,271.2471723129465,344.0,188.0
881,881,624,Medium,425,301,242.58471760797343,90.16634792983092,62.25202174831159,422.91741346763524,467.0,494.0
881,881,624,High,203,120,334.0,120.04116940842079,93.91766118315843,574.0823388168416,714.0,503.0
882,882,625,Low,253,204,181.84803921568627,44.63316761455319,92.5817039865799,271.11437444479265,344.0,189.0
882,882,625,Medium,426,301,242.58471760797343,90.16634792983092,62.25202174831159,422.91741346763524,467.0,495.0
882,882,625,High,203,120,334.0,120.04116940842079,93.91766118315843,574.0823388168416,714.0,504.0
883,883,625,Low,253,204,181.84803921568627,44.63316761455319,92.5817039865799,271.11437444479265,344.0,190.0
883,883,625,Medium,427,301,242.58471760797343,90.16634792983092,62.25202174831159,422.91741346763524,467.0,496.0
883,883,625,High,203,120,334.0,120.04116940842079,93.91766118315843,574.0823388168416,714.0,505.0
884,884,627,Low,253,204,181.84803921568627,44.63316761455319,92.5817039865799,271.11437444479265,344.0,191.0
884,884,627,Medium,427,302,242.7019867549669,90.0395110540754,62.62296464681609,422.7810088631177,467.0,497.0
884,884,627,High,204,121,335.42148760330576,120.55826752142966,94.30495256044645,576.538022646165,714.0,408.0
885,885,628,Low,254,204,181.84803921568627,44.63316761455319,92.5817039865799,271.11437444479265,344.0,192.0
885,885,628,Medium,427,302,242.7019867549669,90.0395110540754,62.62296464681609,422.7810088631177,467.0,498.0
885,885,628,High,204,122,333.59016393442624,121.75111818166312,90.08792757110001,577.0924002977524,714.0,409.0
886,886,630,Low,254,205,181.42926829268293,44.92554976314485,91.57816876639323,271.28036781897265,344.0,193.0
886,886,630,Medium,428,303,242.78547854785478,89.9020632715521,62.98135200475059,422.58960509095897,467.0,499.0
886,886,630,High,204,122,333.59016393442624,121.75111818166312,90.08792757110001,577.0924002977524,714.0,410.0
887,887,631,Low,254,206,181.22815533980582,44.90870287209151,91.4107495956228,271.04556108398884,344.0,194.0
887,887,631,Medium,428,303,242.78547854785478,89.9020632715521,62.98135200475059,422.58960509095897,467.0,500.0
887,887,631,High,205,122,333.59016393442624,121.75111818166312,90.08792757110001,577.0924002977524,714.0,411.0
888,888,631,Low,255,206,181.22815533980582,44.90870287209151,91.4107495956228,271.04556108398884,344.0,195.0
888,888,631,Medium,428,303,242.78547854785478,89.9020632715521,62.98135200475059,422.58960509095897,467.0,501.0
888,888,631,High,205,122,333.59016393442624,121.75111818166312,90.08792757110001,577.0924002977524,714.0,412.0
889,889,631,Low,256,206,181.22815533980582,44.90870287209151,91.4107495956228,271.04556108398884,344.0,196.0
889,889,631,Medium,428,303,242.78547854785478,89.9020632715521,62.98135200475059,422.58960509095897,467.0,502.0
889,889,631,High,205,122,333.59016393442624,121.75111818166312,90.08792757110001,577.0924002977524,714.0,413.0
890,890,632,Low,256,206,181.22815533980582,44.90870287209151,91.4107495956228,271.04556108398884,344.0,197.0
890,890,632,Medium,429,303,242.78547854785478,89.9020632715521,62.98135200475059,422.58960509095897,467.0,503.0
890,890,632,High,205,123,333.5609756097561,121.25154359953484,91.05788841068642,576.0640628088258,714.0,414.0
891,891,633,Low,256,207,181.18840579710144,44.80321873047994,91.58196833614156,270.7948432580613,344.0,198.0
891,891,633,Medium,429,303,242.78547854785478,89.9020632715521,62.98135200475059,422.58960509095897,467.0,504.0
891,891,633,High,206,123,333.5609756097561,121.25154359953484,91.05788841068642,576.0640628088258,714.0,415.0
892,892,634,Low,257,208,181.20673076923077,44.69564875107892,91.81543326707293,270.5980282713886,344.0,199.0
892,892,634,Medium,429,303,242.78547854785478,89.9020632715521,62.98135200475059,422.58960509095897,467.0,505.0
892,892,634,High,206,123,333.5609756097561,121.25154359953484,91.05788841068642,576.0640628088258,714.0,416.0
893,893,635,Low,258,208,181.20673076923077,44.69564875107892,91.81543326707293,270.5980282713886,344.0,200.0
893,893,635,Medium,429,304,242.8815789473684,89.76922625809608,63.343126431176245,422.4200314635606,467.0,506.0
893,893,635,High,206,123,333.5609756097561,121.25154359953484,91.05788841068642,576.0640628088258,714.0,417.0
894,894,637,Low,258,209,181.25837320574163,44.59432784768676,92.06971751036811,270.4470289011152,344.0,201.0
894,894,637,Medium,429,305,243.47868852459015,90.22610690202382,63.026474720542524,423.9309023286378,467.0,507.0
894,894,637,High,207,123,333.5609756097561,121.25154359953484,91.05788841068642,576.0640628088258,714.0,418.0
895,895,639,Low,258,209,181.25837320574163,44.59432784768676,92.06971751036811,270.4470289011152,344.0,202.0
895,895,639,Medium,430,306,243.62091503267973,90.11242570281424,63.39606362705126,423.8457664383082,467.0,508.0
895,895,639,High,207,124,332.9758064516129,120.93332596357648,91.10915452445997,574.8424583787659,714.0,419.0
896,896,643,Low,258,210,181.04285714285714,44.5970054075294,91.84884632779834,270.23686795791593,344.0,203.0
896,896,643,Medium,430,308,243.4512987012987,89.84561984578883,63.76005900972103,423.14253839287636,467.0,509.0
896,896,643,High,208,125,333.192,120.46895571192843,92.25408857614315,574.1299114238568,714.0,420.0
897,897,644,Low,259,211,180.81042654028437,44.61861756740927,91.57319140546583,270.0476616751029,344.0,204.0
897,897,644,Medium,430,308,243.4512987012987,89.84561984578883,63.76005900972103,423.14253839287636,467.0,510.0
897,897,644,High,208,125,333.192,120.46895571192843,92.25408857614315,574.1299114238568,714.0,421.0
898,898,645,Low,260,211,180.81042654028437,44.61861756740927,91.57319140546583,270.0476616751029,344.0,205.0
898,898,645,Medium,430,309,243.3430420711974,89.71983155263192,63.90337896593357,422.78270517646126,467.0,511.0
898,898,645,High,208,125,333.192,120.46895571192843,92.25408857614315,574.1299114238568,714.0,422.0
899,899,645,Low,260,211,180.81042654028437,44.61861756740927,91.57319140546583,270.0476616751029,344.0,206.0
899,899,645,Medium,431,309,243.3430420711974,89.71983155263192,63.90337896593357,422.78270517646126,467.0,512.0
899,899,645,High,208,125,333.192,120.46895571192843,92.25408857614315,574.1299114238568,714.0,423.0
900,900,647,Low,260,211,180.81042654028437,44.61861756740927,91.57319140546583,270.0476616751029,344.0,207.0
900,900,647,Medium,432,311,243.5144694533762,89.55664426437069,64.40118092463482,422.6277579821176,467.0,513.0
900,900,647,High,208,125,333.192,120.46895571192843,92.25408857614315,574.1299114238568,714.0,424.0
901,901,647,Low,260,211,180.81042654028437,44.61861756740927,91.57319140546583,270.0476616751029,344.0,208.0
901,901,647,Medium,433,311,243.5144694533762,89.55664426437069,64.40118092463482,422.6277579821176,467.0,514.0
901,901,647,High,208,125,333.192,120.46895571192843,92.25408857614315,574.1299114238568,714.0,425.0
902,902,647,Low,261,211,180.81042654028437,44.61861756740927,91.57319140546583,270.0476616751029,344.0,209.0
902,902,647,Medium,433,311,243.5144694533762,89.55664426437069,64.40118092463482,422.6277579821176,467.0,515.0
902,902,647,High,208,125,333.192,120.46895571192843,92.25408857614315,574.1299114238568,714.0,426.0
903,903,647,Low,262,211,180.81042654028437,44.61861756740927,91.57319140546583,270.0476616751029,344.0,210.0
903,903,647,Medium,433,311,243.5144694533762,89.55664426437069,64.40118092463482,422.6277579821176,467.0,516.0
903,903,647,High,208,125,333.192,120.46895571192843,92.25408857614315,574.1299114238568,714.0,427.0
904,904,649,Low,262,212,180.6556603773585,44.569763367902695,91.5161336415531,269.7951871131639,344.0,211.0
904,904,649,Medium,433,311,243.5144694533762,89.55664426437069,64.40118092463482,422.6277579821176,467.0,517.0
904,904,649,High,209,126,333.1507936507937,119.98700379359875,93.17678606359618,573.1248012379912,714.0,428.0
905,905,650,Low,262,212,180.6556603773585,44.569763367902695,91.5161336415531,269.7951871131639,344.0,212.0
905,905,650,Medium,434,312,243.39423076923077,89.43776707201273,64.51869662520531,422.26976491325627,467.0,518.0
905,905,650,High,209,126,333.1507936507937,119.98700379359875,93.17678606359618,573.1248012379912,714.0,429.0
906,906,651,Low,263,213,180.57746478873239,44.47916471273249,91.6191353632674,269.5357942141974,344.0,213.0
906,906,651,Medium,434,312,243.39423076923077,89.43776707201273,64.51869662520531,422.26976491325627,467.0,519.0
906,906,651,High,209,126,333.1507936507937,119.98700379359875,93.17678606359618,573.1248012379912,714.0,430.0
907,907,651,Low,263,213,180.57746478873239,44.47916471273249,91.6191353632674,269.5357942141974,344.0,214.0
907,907,651,Medium,435,312,243.39423076923077,89.43776707201273,64.51869662520531,422.26976491325627,467.0,520.0
907,907,651,High,209,126,333.1507936507937,119.98700379359875,93.17678606359618,573.1248012379912,714.0,431.0
908,908,652,Low,263,214,180.19626168224298,44.72365629025381,90.74894910173536,269.6435742627506,344.0,215.0
908,908,652,Medium,435,312,243.39423076923077,89.43776707201273,64.51869662520531,422.26976491325627,467.0,521.0
908,908,652,High,210,126,333.1507936507937,119.98700379359875,93.17678606359618,573.1248012379912,714.0,432.0
909,909,652,Low,263,214,180.19626168224298,44.72365629025381,90.74894910173536,269.6435742627506,344.0,216.0
909,909,652,Medium,435,312,243.39423076923077,89.43776707201273,64.51869662520531,422.26976491325627,467.0,522.0
909,909,652,High,211,126,333.1507936507937,119.98700379359875,93.17678606359618,573.1248012379912,714.0,433.0
910,910,652,Low,263,214,180.19626168224298,44.72365629025381,90.74894910173536,269.6435742627506,344.0,217.0
910,910,652,Medium,435,312,243.39423076923077,89.43776707201273,64.51869662520531,422.26976491325627,467.0,523.0
910,910,652,High,212,126,333.1507936507937,119.98700379359875,93.17678606359618,573.1248012379912,714.0,434.0
911,911,652,Low,263,214,180.19626168224298,44.72365629025381,90.74894910173536,269.6435742627506,344.0,218.0
911,911,652,Medium,436,312,243.39423076923077,89.43776707201273,64.51869662520531,422.26976491325627,467.0,524.0
911,911,652,High,212,126,333.1507936507937,119.98700379359875,93.17678606359618,573.1248012379912,714.0,435.0
912,912,654,Low,263,216,180.4351851851852,44.60165251879584,91.23188014759351,269.63849022277685,344.0,216.0
912,912,654,Medium,437,312,243.39423076923077,89.43776707201273,64.51869662520531,422.26976491325627,467.0,525.0
912,912,654,High,212,126,333.1507936507937,119.98700379359875,93.17678606359618,573.1248012379912,714.0,436.0
913,913,656,Low,264,216,180.4351851851852,44.60165251879584,91.23188014759351,269.63849022277685,344.0,217.0
913,913,656,Medium,437,314,243.2484076433121,89.17281610245134,64.90277543840944,421.5940398482148,467.0,526.0
913,913,656,High,212,126,333.1507936507937,119.98700379359875,93.17678606359618,573.1248012379912,714.0,437.0
914,914,656,Low,264,216,180.4351851851852,44.60165251879584,91.23188014759351,269.63849022277685,344.0,218.0
914,914,656,Medium,437,314,243.2484076433121,89.17281610245134,64.90277543840944,421.5940398482148,467.0,527.0
914,914,656,High,213,126,333.1507936507937,119.98700379359875,93.17678606359618,573.1248012379912,714.0,438.0
915,915,656,Low,265,216,180.4351851851852,44.60165251879584,91.23188014759351,269.63849022277685,344.0,219.0
915,915,656,Medium,437,314,243.2484076433121,89.17281610245134,64.90277543840944,421.5940398482148,467.0,528.0
915,915,656,High,213,126,333.1507936507937,119.98700379359875,93.17678606359618,573.1248012379912,714.0,439.0
916,916,658,Low,266,216,180.4351851851852,44.60165251879584,91.23188014759351,269.63849022277685,344.0,220.0
916,916,658,Medium,437,316,243.48417721518987,89.0091652296348,65.46584675592027,421.5025076744595,467.0,529.0
916,916,658,High,213,126,333.1507936507937,119.98700379359875,93.17678606359618,573.1248012379912,714.0,440.0
917,917,659,Low,266,216,180.4351851851852,44.60165251879584,91.23188014759351,269.63849022277685,344.0,221.0
917,917,659,Medium,438,317,243.76971608832807,89.0135139305314,65.74268822726526,421.7967439493909,467.0,530.0
917,917,659,High,213,126,333.1507936507937,119.98700379359875,93.17678606359618,573.1248012379912,714.0,441.0
918,918,663,Low,266,217,180.14746543778801,44.69968105704795,90.74810332369212,269.5468275518839,344.0,222.0
918,918,663,Medium,439,319,243.8871473354232,88.7980171690645,66.29111299729422,421.48318167355217,467.0,531.0
918,918,663,High,213,127,331.3070866141732,121.30261985753631,88.70184689910059,573.9123263292458,714.0,442.0
919,919,663,Low,266,217,180.14746543778801,44.69968105704795,90.74810332369212,269.5468275518839,344.0,223.0
919,919,663,Medium,439,319,243.8871473354232,88.7980171690645,66.29111299729422,421.48318167355217,467.0,532.0
919,919,663,High,214,127,331.3070866141732,121.30261985753631,88.70184689910059,573.9123263292458,714.0,443.0
920,920,664,Low,266,217,180.14746543778801,44.69968105704795,90.74810332369212,269.5468275518839,344.0,224.0
920,920,664,Medium,439,320,244.5875,89.53953173289834,65.50843653420333,423.6665634657967,468.0,533.0
920,920,664,High,215,127,331.3070866141732,121.30261985753631,88.70184689910059,573.9123263292458,714.0,444.0
921,921,666,Low,266,217,180.14746543778801,44.69968105704795,90.74810332369212,269.5468275518839,344.0,225.0
921,921,666,Medium,439,321,245.18068535825546,90.02901477178796,65.12265581467955,425.2387149018314,468.0,534.0
921,921,666,High,216,128,331.2109375,120.82900342386968,89.55293065226064,572.8689443477393,714.0,445.0
922,922,669,Low,266,218,180.3119266055046,44.66262620672036,90.98667419206387,269.6371790189453,344.0,226.0
922,922,669,Medium,440,322,246.08074534161491,91.32813559273289,63.42447415614913,428.7370165270807,535.0,427.0
922,922,669,High,216,129,331.1085271317829,120.36171008607748,90.38510695962796,571.8319473039379,714.0,446.0
923,923,669,Low,266,218,180.3119266055046,44.66262620672036,90.98667419206387,269.6371790189453,344.0,227.0
923,923,669,Medium,440,322,246.08074534161491,91.32813559273289,63.42447415614913,428.7370165270807,535.0,428.0
923,923,669,High,217,129,331.1085271317829,120.36171008607748,90.38510695962796,571.8319473039379,714.0,447.0
924,924,669,Low,267,218,180.3119266055046,44.66262620672036,90.98667419206387,269.6371790189453,344.0,228.0
924,924,669,Medium,440,322,246.08074534161491,91.32813559273289,63.42447415614913,428.7370165270807,535.0,429.0
924,924,669,High,217,129,331.1085271317829,120.36171008607748,90.38510695962796,571.8319473039379,714.0,448.0
925,925,669,Low,267,218,180.3119266055046,44.66262620672036,90.98667419206387,269.6371790189453,344.0,229.0
925,925,669,Medium,441,322,246.08074534161491,91.32813559273289,63.42447415614913,428.7370165270807,535.0,430.0
925,925,669,High,217,129,331.1085271317829,120.36171008607748,90.38510695962796,571.8319473039379,714.0,449.0
926,926,669,Low,267,218,180.3119266055046,44.66262620672036,90.98667419206387,269.6371790189453,344.0,230.0
926,926,669,Medium,441,322,246.08074534161491,91.32813559273289,63.42447415614913,428.7370165270807,535.0,431.0
926,926,669,High,218,129,331.1085271317829,120.36171008607748,90.38510695962796,571.8319473039379,714.0,450.0
927,927,671,Low,267,219,180.07305936073058,44.70006213951248,90.67293508170562,269.4731836397556,344.0,231.0
927,927,671,Medium,442,323,246.26315789473685,91.24512463073697,63.772908633262915,428.75340715621076,535.0,432.0
927,927,671,High,218,129,331.1085271317829,120.36171008607748,90.38510695962796,571.8319473039379,714.0,451.0
928,928,674,Low,267,219,180.07305936073058,44.70006213951248,90.67293508170562,269.4731836397556,344.0,232.0
928,928,674,Medium,442,323,246.26315789473685,91.24512463073697,63.772908633262915,428.75340715621076,535.0,433.0
928,928,674,High,219,132,329.8863636363636,121.06509811076457,87.7561674148345,572.0165598578927,714.0,452.0
929,929,675,Low,267,219,180.07305936073058,44.70006213951248,90.67293508170562,269.4731836397556,344.0,233.0
929,929,675,Medium,442,324,246.37654320987653,91.12662679269016,64.12328962449621,428.6297967952569,535.0,434.0
929,929,675,High,220,132,329.8863636363636,121.06509811076457,87.7561674148345,572.0165598578927,714.0,453.0
930,930,675,Low,267,219,180.07305936073058,44.70006213951248,90.67293508170562,269.4731836397556,344.0,234.0
930,930,675,Medium,443,324,246.37654320987653,91.12662679269016,64.12328962449621,428.6297967952569,535.0,435.0
930,930,675,High,220,132,329.8863636363636,121.06509811076457,87.7561674148345,572.0165598578927,714.0,454.0
931,931,676,Low,267,219,180.07305936073058,44.70006213951248,90.67293508170562,269.4731836397556,344.0,235.0
931,931,676,Medium,444,325,246.0123076923077,91.22252589557704,63.56725590115363,428.4573594834618,535.0,436.0
931,931,676,High,220,132,329.8863636363636,121.06509811076457,87.7561674148345,572.0165598578927,714.0,455.0
932,932,676,Low,267,219,180.07305936073058,44.70006213951248,90.67293508170562,269.4731836397556,344.0,236.0
932,932,676,Medium,444,325,246.0123076923077,91.22252589557704,63.56725590115363,428.4573594834618,535.0,437.0
932,932,676,High,221,132,329.8863636363636,121.06509811076457,87.7561674148345,572.0165598578927,714.0,456.0
933,933,676,Low,267,219,180.07305936073058,44.70006213951248,90.67293508170562,269.4731836397556,344.0,237.0
933,933,676,Medium,444,325,246.0123076923077,91.22252589557704,63.56725590115363,428.4573594834618,535.0,438.0
933,933,676,High,222,132,329.8863636363636,121.06509811076457,87.7561674148345,572.0165598578927,714.0,457.0
934,934,677,Low,267,219,180.07305936073058,44.70006213951248,90.67293508170562,269.4731836397556,344.0,238.0
934,934,677,Medium,445,325,246.0123076923077,91.22252589557704,63.56725590115363,428.4573594834618,535.0,439.0
934,934,677,High,222,133,330.34586466165416,120.7220100637412,88.90184453417177,571.7898847891365,714.0,458.0
935,935,680,Low,267,221,180.06787330316743,44.856639414333216,90.354594474501,269.7811521318339,344.0,203.0
935,935,680,Medium,446,326,246.2883435582822,91.21833310513041,63.85167734802138,428.72500976854303,535.0,440.0
935,935,680,High,222,133,330.34586466165416,120.7220100637412,88.90184453417177,571.7898847891365,714.0,459.0
936,936,682,Low,267,221,180.06787330316743,44.856639414333216,90.354594474501,269.7811521318339,344.0,204.0
936,936,682,Medium,447,328,245.7621951219512,92.20880193114152,61.344591259668164,430.17979898423425,535.0,441.0
936,936,682,High,222,133,330.34586466165416,120.7220100637412,88.90184453417177,571.7898847891365,714.0,460.0
937,937,682,Low,268,221,180.06787330316743,44.856639414333216,90.354594474501,269.7811521318339,344.0,205.0
937,937,682,Medium,447,328,245.7621951219512,92.20880193114152,61.344591259668164,430.17979898423425,535.0,442.0
937,937,682,High,222,133,330.34586466165416,120.7220100637412,88.90184453417177,571.7898847891365,714.0,461.0
938,938,682,Low,268,221,180.06787330316743,44.856639414333216,90.354594474501,269.7811521318339,344.0,206.0
938,938,682,Medium,448,328,245.7621951219512,92.20880193114152,61.344591259668164,430.17979898423425,535.0,443.0
938,938,682,High,222,133,330.34586466165416,120.7220100637412,88.90184453417177,571.7898847891365,714.0,462.0
939,939,682,Low,268,221,180.06787330316743,44.856639414333216,90.354594474501,269.7811521318339,344.0,207.0
939,939,682,Medium,449,328,245.7621951219512,92.20880193114152,61.344591259668164,430.17979898423425,535.0,444.0
939,939,682,High,222,133,330.34586466165416,120.7220100637412,88.90184453417177,571.7898847891365,714.0,463.0
940,940,683,Low,269,222,179.63063063063063,45.226714551277865,89.1772015280749,270.08405973318634,344.0,208.0
940,940,683,Medium,449,328,245.7621951219512,92.20880193114152,61.344591259668164,430.17979898423425,535.0,445.0
940,940,683,High,222,133,330.34586466165416,120.7220100637412,88.90184453417177,571.7898847891365,714.0,464.0
941,941,683,Low,270,222,179.63063063063063,45.226714551277865,89.1772015280749,270.08405973318634,344.0,209.0
941,941,683,Medium,449,328,245.7621951219512,92.20880193114152,61.344591259668164,430.17979898423425,535.0,446.0
941,941,683,High,222,133,330.34586466165416,120.7220100637412,88.90184453417177,571.7898847891365,714.0,465.0
942,942,684,Low,270,223,179.62331838565024,45.124869730759286,89.37357892413166,269.8730578471688,344.0,210.0
942,942,684,Medium,450,328,245.7621951219512,92.20880193114152,61.344591259668164,430.17979898423425,535.0,447.0
942,942,684,High,222,133,330.34586466165416,120.7220100637412,88.90184453417177,571.7898847891365,714.0,466.0
943,943,684,Low,270,223,179.62331838565024,45.124869730759286,89.37357892413166,269.8730578471688,344.0,211.0
943,943,684,Medium,451,328,245.7621951219512,92.20880193114152,61.344591259668164,430.17979898423425,535.0,448.0
943,943,684,High,222,133,330.34586466165416,120.7220100637412,88.90184453417177,571.7898847891365,714.0,467.0
944,944,684,Low,270,223,179.62331838565024,45.124869730759286,89.37357892413166,269.8730578471688,344.0,212.0
944,944,684,Medium,452,328,245.7621951219512,92.20880193114152,61.344591259668164,430.17979898423425,535.0,449.0
944,944,684,High,222,133,330.34586466165416,120.7220100637412,88.90184453417177,571.7898847891365,714.0,468.0
945,945,684,Low,271,223,179.62331838565024,45.124869730759286,89.37357892413166,269.8730578471688,344.0,213.0
945,945,684,Medium,452,328,245.7621951219512,92.20880193114152,61.344591259668164,430.17979898423425,535.0,450.0
945,945,684,High,222,133,330.34586466165416,120.7220100637412,88.90184453417177,571.7898847891365,714.0,469.0
946,946,685,Low,271,223,179.62331838565024,45.124869730759286,89.37357892413166,269.8730578471688,344.0,214.0
946,946,685,Medium,453,329,245.95440729483283,92.13412009510625,61.686167104620324,430.22264748504534,535.0,451.0
946,946,685,High,222,133,330.34586466165416,120.7220100637412,88.90184453417177,571.7898847891365,714.0,470.0
947,947,686,Low,271,224,179.55803571428572,45.03417962215888,89.48967646996796,269.6263949586035,344.0,215.0
947,947,686,Medium,453,329,245.95440729483283,92.13412009510625,61.686167104620324,430.22264748504534,535.0,452.0
947,947,686,High,223,133,330.34586466165416,120.7220100637412,88.90184453417177,571.7898847891365,714.0,471.0
948,948,686,Low,271,224,179.55803571428572,45.03417962215888,89.48967646996796,269.6263949586035,344.0,216.0
948,948,686,Medium,454,329,245.95440729483283,92.13412009510625,61.686167104620324,430.22264748504534,535.0,453.0
948,948,686,High,223,133,330.34586466165416,120.7220100637412,88.90184453417177,571.7898847891365,714.0,472.0
949,949,687,Low,271,225,179.41333333333333,44.98593827916831,89.44145677499671,269.38520989166994,344.0,217.0
949,949,687,Medium,454,329,245.95440729483283,92.13412009510625,61.686167104620324,430.22264748504534,535.0,454.0
949,949,687,High,224,133,330.34586466165416,120.7220100637412,88.90184453417177,571.7898847891365,714.0,473.0
950,950,691,Low,272,226,179.29646017699116,44.92023237142536,89.45599543414045,269.1369249198419,344.0,218.0
950,950,691,Medium,454,331,246.12990936555892,91.89169207505107,62.34652521545678,429.91329351566105,535.0,455.0
950,950,691,High,224,134,330.6044776119403,120.30456454547738,89.99534852098554,571.213606702895,714.0,474.0
951,951,691,Low,272,226,179.29646017699116,44.92023237142536,89.45599543414045,269.1369249198419,344.0,219.0
951,951,691,Medium,455,331,246.12990936555892,91.89169207505107,62.34652521545678,429.91329351566105,535.0,456.0
951,951,691,High,224,134,330.6044776119403,120.30456454547738,89.99534852098554,571.213606702895,714.0,475.0
952,952,692,Low,272,226,179.29646017699116,44.92023237142536,89.45599543414045,269.1369249198419,344.0,220.0
952,952,692,Medium,456,332,245.8343373493976,91.910699608809,62.012938131779606,429.6557365670156,535.0,457.0
952,952,692,High,224,134,330.6044776119403,120.30456454547738,89.99534852098554,571.213606702895,714.0,476.0
953,953,694,Low,272,227,179.44493392070484,44.87652980970232,89.6918743013002,269.19799354010945,344.0,221.0
953,953,694,Medium,456,333,246.4204204204204,92.39326536801741,61.63388968438559,431.20695115645526,535.0,458.0
953,953,694,High,225,134,330.6044776119403,120.30456454547738,89.99534852098554,571.213606702895,714.0,477.0
954,954,695,Low,273,227,179.44493392070484,44.87652980970232,89.6918743013002,269.19799354010945,344.0,222.0
954,954,695,Medium,456,334,246.6437125748503,92.34464434241951,61.95442389001127,431.33300125968935,535.0,459.0
954,954,695,High,225,134,330.6044776119403,120.30456454547738,89.99534852098554,571.213606702895,714.0,478.0
955,955,696,Low,274,227,179.44493392070484,44.87652980970232,89.6918743013002,269.19799354010945,344.0,223.0
955,955,696,Medium,456,334,246.6437125748503,92.34464434241951,61.95442389001127,431.33300125968935,535.0,460.0
955,955,696,High,225,135,330.1111111111111,119.99183222617704,90.12744665875701,570.0947755634652,714.0,479.0
956,956,697,Low,275,228,179.49122807017545,44.78302967087892,89.92516872841762,269.0572874119333,344.0,224.0
956,956,697,Medium,456,334,246.6437125748503,92.34464434241951,61.95442389001127,431.33300125968935,535.0,461.0
956,956,697,High,225,135,330.1111111111111,119.99183222617704,90.12744665875701,570.0947755634652,714.0,480.0
957,957,698,Low,275,228,179.49122807017545,44.78302967087892,89.92516872841762,269.0572874119333,344.0,225.0
957,957,698,Medium,457,335,246.41492537313434,92.30133748930602,61.812250394522295,431.0176003517464,535.0,462.0
957,957,698,High,225,135,330.1111111111111,119.99183222617704,90.12744665875701,570.0947755634652,714.0,481.0
958,958,698,Low,276,228,179.49122807017545,44.78302967087892,89.92516872841762,269.0572874119333,344.0,226.0
958,958,698,Medium,457,335,246.41492537313434,92.30133748930602,61.812250394522295,431.0176003517464,535.0,463.0
958,958,698,High,225,135,330.1111111111111,119.99183222617704,90.12744665875701,570.0947755634652,714.0,482.0
959,959,700,Low,277,230,179.62608695652173,44.612834401715055,90.40041815309162,268.85175575995186,344.0,227.0
959,959,700,Medium,457,335,246.41492537313434,92.30133748930602,61.812250394522295,431.0176003517464,535.0,464.0
959,959,700,High,225,135,330.1111111111111,119.99183222617704,90.12744665875701,570.0947755634652,714.0,483.0
960,960,702,Low,277,230,179.62608695652173,44.612834401715055,90.40041815309162,268.85175575995186,344.0,228.0
960,960,702,Medium,458,336,247.0654761904762,92.93172842378574,61.20201934290472,432.9289330380477,535.0,414.0
960,960,702,High,225,136,331.13235294117646,120.13836521854964,90.85562250407719,571.4090833782757,714.0,484.0
961,961,702,Low,277,230,179.62608695652173,44.612834401715055,90.40041815309162,268.85175575995186,344.0,229.0
961,961,702,Medium,459,336,247.0654761904762,92.93172842378574,61.20201934290472,432.9289330380477,535.0,415.0
961,961,702,High,225,136,331.13235294117646,120.13836521854964,90.85562250407719,571.4090833782757,714.0,485.0
962,962,703,Low,278,230,179.62608695652173,44.612834401715055,90.40041815309162,268.85175575995186,344.0,230.0
962,962,703,Medium,459,337,247.2166172106825,92.83480571217841,61.547005786325684,432.8862286350393,535.0,416.0
962,962,703,High,225,136,331.13235294117646,120.13836521854964,90.85562250407719,571.4090833782757,714.0,486.0
963,963,703,Low,278,230,179.62608695652173,44.612834401715055,90.40041815309162,268.85175575995186,344.0,231.0
963,963,703,Medium,459,337,247.2166172106825,92.83480571217841,61.547005786325684,432.8862286350393,535.0,417.0
963,963,703,High,226,136,331.13235294117646,120.13836521854964,90.85562250407719,571.4090833782757,714.0,487.0
964,964,703,Low,278,230,179.62608695652173,44.612834401715055,90.40041815309162,268.85175575995186,344.0,232.0
964,964,703,Medium,460,337,247.2166172106825,92.83480571217841,61.547005786325684,432.8862286350393,535.0,418.0
964,964,703,High,226,136,331.13235294117646,120.13836521854964,90.85562250407719,571.4090833782757,714.0,488.0
965,965,703,Low,278,230,179.62608695652173,44.612834401715055,90.40041815309162,268.85175575995186,344.0,233.0
965,965,703,Medium,460,337,247.2166172106825,92.83480571217841,61.547005786325684,432.8862286350393,535.0,419.0
965,965,703,High,227,136,331.13235294117646,120.13836521854964,90.85562250407719,571.4090833782757,714.0,489.0
966,966,704,Low,278,230,179.62608695652173,44.612834401715055,90.40041815309162,268.85175575995186,344.0,234.0
966,966,704,Medium,461,337,247.2166172106825,92.83480571217841,61.547005786325684,432.8862286350393,535.0,420.0
966,966,704,High,227,137,330.3868613138686,120.01349484017487,90.35987163351888,570.4138509942184,714.0,490.0
967,967,705,Low,279,230,179.62608695652173,44.612834401715055,90.40041815309162,268.85175575995186,344.0,235.0
967,967,705,Medium,461,338,247.33136094674558,92.72096692730616,61.889427092133246,432.7732948013579,535.0,421.0
967,967,705,High,227,137,330.3868613138686,120.01349484017487,90.35987163351888,570.4138509942184,714.0,491.0
968,968,707,Low,279,230,179.62608695652173,44.612834401715055,90.40041815309162,268.85175575995186,344.0,236.0
968,968,707,Medium,462,338,247.33136094674558,92.72096692730616,61.889427092133246,432.7732948013579,535.0,422.0
968,968,707,High,227,139,331.0071942446043,119.38905445927355,92.2290853260572,569.7853031631514,714.0,492.0
969,969,708,Low,279,230,179.62608695652173,44.612834401715055,90.40041815309162,268.85175575995186,344.0,237.0
969,969,708,Medium,463,339,247.44837758112095,92.60876935561313,62.23083886989468,432.6659162923472,535.0,423.0
969,969,708,High,227,139,331.0071942446043,119.38905445927355,92.2290853260572,569.7853031631514,714.0,493.0
970,970,708,Low,279,230,179.62608695652173,44.612834401715055,90.40041815309162,268.85175575995186,344.0,238.0
970,970,708,Medium,464,339,247.44837758112095,92.60876935561313,62.23083886989468,432.6659162923472,535.0,424.0
970,970,708,High,227,139,331.0071942446043,119.38905445927355,92.2290853260572,569.7853031631514,714.0,494.0
971,971,709,Low,280,230,179.62608695652173,44.612834401715055,90.40041815309162,268.85175575995186,344.0,239.0
971,971,709,Medium,464,340,247.7264705882353,92.61414167525373,62.49818723772782,432.9547539387428,535.0,425.0
971,971,709,High,227,139,331.0071942446043,119.38905445927355,92.2290853260572,569.7853031631514,714.0,495.0
972,972,710,Low,280,231,179.73593073593074,44.54703873312831,90.64185326967412,268.83000820218734,344.0,240.0
972,972,710,Medium,465,340,247.7264705882353,92.61414167525373,62.49818723772782,432.9547539387428,535.0,426.0
972,972,710,High,227,139,331.0071942446043,119.38905445927355,92.2290853260572,569.7853031631514,714.0,496.0
973,973,712,Low,280,231,179.73593073593074,44.54703873312831,90.64185326967412,268.83000820218734,344.0,241.0
973,973,712,Medium,466,342,248.26023391812865,92.78752316490127,62.6851875883261,433.8352802479312,535.0,427.0
973,973,712,High,227,139,331.0071942446043,119.38905445927355,92.2290853260572,569.7853031631514,714.0,497.0
974,974,714,Low,280,231,179.73593073593074,44.54703873312831,90.64185326967412,268.83000820218734,344.0,242.0
974,974,714,Medium,466,342,248.26023391812865,92.78752316490127,62.6851875883261,433.8352802479312,535.0,428.0
974,974,714,High,228,141,331.43971631205676,118.83105467092622,93.77760697020432,569.1018256539091,714.0,498.0
975,975,714,Low,280,231,179.73593073593074,44.54703873312831,90.64185326967412,268.83000820218734,344.0,243.0
975,975,714,Medium,466,342,248.26023391812865,92.78752316490127,62.6851875883261,433.8352802479312,535.0,429.0
975,975,714,High,229,141,331.43971631205676,118.83105467092622,93.77760697020432,569.1018256539091,714.0,499.0
976,976,716,Low,280,231,179.73593073593074,44.54703873312831,90.64185326967412,268.83000820218734,344.0,244.0
976,976,716,Medium,467,343,248.79008746355686,93.1699837199009,62.45012002375506,435.13005490335865,535.0,396.0
976,976,716,High,229,142,332.6267605633803,119.25082982329766,94.12510091678496,571.1284202099756,714.0,491.0
977,977,717,Low,280,232,180.01724137931035,44.65655040031384,90.70414057868267,269.33034217993804,344.0,200.0
977,977,717,Medium,468,343,248.79008746355686,93.1699837199009,62.45012002375506,435.13005490335865,535.0,397.0
977,977,717,High,229,142,332.6267605633803,119.25082982329766,94.12510091678496,571.1284202099756,714.0,492.0
978,978,719,Low,280,233,179.84978540772534,44.63345652942526,90.58287234887482,269.1166984665758,344.0,201.0
978,978,719,Medium,469,344,249.19767441860466,93.34069633468314,62.516281749238374,435.87906708797095,535.0,398.0
978,978,719,High,229,142,332.6267605633803,119.25082982329766,94.12510091678496,571.1284202099756,714.0,493.0
979,979,720,Low,281,233,179.84978540772534,44.63345652942526,90.58287234887482,269.1166984665758,344.0,202.0
979,979,720,Medium,469,344,249.19767441860466,93.34069633468314,62.516281749238374,435.87906708797095,535.0,399.0
979,979,720,High,229,143,330.94405594405595,120.52185683511004,89.90034227383586,571.987769614276,714.0,494.0
980,980,721,Low,281,233,179.84978540772534,44.63345652942526,90.58287234887482,269.1166984665758,344.0,203.0
980,980,721,Medium,469,345,249.38840579710146,93.27223149206453,62.84394281297239,435.9328687812305,535.0,400.0
980,980,721,High,230,143,330.94405594405595,120.52185683511004,89.90034227383586,571.987769614276,714.0,495.0
981,981,721,Low,281,233,179.84978540772534,44.63345652942526,90.58287234887482,269.1166984665758,344.0,204.0
981,981,721,Medium,469,345,249.38840579710146,93.27223149206453,62.84394281297239,435.9328687812305,535.0,401.0
981,981,721,High,231,143,330.94405594405595,120.52185683511004,89.90034227383586,571.987769614276,714.0,496.0
982,982,722,Low,282,233,179.84978540772534,44.63345652942526,90.58287234887482,269.1166984665758,344.0,205.0
982,982,722,Medium,469,346,248.98265895953756,93.4422536697422,62.09815162005316,435.86716629902196,535.0,402.0
982,982,722,High,231,143,330.94405594405595,120.52185683511004,89.90034227383586,571.987769614276,714.0,497.0
983,983,722,Low,282,233,179.84978540772534,44.63345652942526,90.58287234887482,269.1166984665758,344.0,206.0
983,983,722,Medium,470,346,248.98265895953756,93.4422536697422,62.09815162005316,435.86716629902196,535.0,403.0
983,983,722,High,231,143,330.94405594405595,120.52185683511004,89.90034227383586,571.987769614276,714.0,498.0
984,984,723,Low,283,233,179.84978540772534,44.63345652942526,90.58287234887482,269.1166984665758,344.0,207.0
984,984,723,Medium,470,346,248.98265895953756,93.4422536697422,62.09815162005316,435.86716629902196,535.0,404.0
984,984,723,High,231,144,330.9861111111111,120.10077272834513,90.78456565442082,571.1876565678014,714.0,499.0
985,985,723,Low,283,233,179.84978540772534,44.63345652942526,90.58287234887482,269.1166984665758,344.0,208.0
985,985,723,Medium,470,346,248.98265895953756,93.4422536697422,62.09815162005316,435.86716629902196,535.0,405.0
985,985,723,High,232,144,330.9861111111111,120.10077272834513,90.78456565442082,571.1876565678014,714.0,500.0
986,986,723,Low,283,233,179.84978540772534,44.63345652942526,90.58287234887482,269.1166984665758,344.0,209.0
986,986,723,Medium,471,346,248.98265895953756,93.4422536697422,62.09815162005316,435.86716629902196,535.0,406.0
986,986,723,High,232,144,330.9861111111111,120.10077272834513,90.78456565442082,571.1876565678014,714.0,501.0
987,987,723,Low,283,233,179.84978540772534,44.63345652942526,90.58287234887482,269.1166984665758,344.0,210.0
987,987,723,Medium,472,346,248.98265895953756,93.4422536697422,62.09815162005316,435.86716629902196,535.0,407.0
987,987,723,High,232,144,330.9861111111111,120.10077272834513,90.78456565442082,571.1876565678014,714.0,502.0
988,988,725,Low,283,234,179.9145299145299,44.548584203082164,90.81736150836558,269.0116983206942,344.0,211.0
988,988,725,Medium,473,347,249.4063400576369,93.64031087602801,62.125718305580875,436.6869618096929,535.0,408.0
988,988,725,High,232,144,330.9861111111111,120.10077272834513,90.78456565442082,571.1876565678014,714.0,503.0
989,989,728,Low,283,235,179.9063829787234,44.45346844194914,90.99944609482512,268.8133198626217,344.0,212.0
989,989,728,Medium,474,349,249.6676217765043,93.8332686775171,62.0010844214701,437.3341591315385,535.0,399.0
989,989,728,High,232,144,330.9861111111111,120.10077272834513,90.78456565442082,571.1876565678014,714.0,504.0
990,990,728,Low,284,235,179.9063829787234,44.45346844194914,90.99944609482512,268.8133198626217,344.0,213.0
990,990,728,Medium,474,349,249.6676217765043,93.8332686775171,62.0010844214701,437.3341591315385,535.0,400.0
990,990,728,High,232,144,330.9861111111111,120.10077272834513,90.78456565442082,571.1876565678014,714.0,505.0
991,991,729,Low,285,236,179.90254237288136,44.35882499808762,91.18489237670612,268.6201923690566,344.0,214.0
991,991,729,Medium,474,349,249.6676217765043,93.8332686775171,62.0010844214701,437.3341591315385,535.0,401.0
991,991,729,High,232,144,330.9861111111111,120.10077272834513,90.78456565442082,571.1876565678014,714.0,506.0
992,992,730,Low,286,236,179.90254237288136,44.35882499808762,91.18489237670612,268.6201923690566,344.0,215.0
992,992,730,Medium,474,350,249.21714285714285,94.07698939967601,61.06316405779083,437.3711216564949,535.0,402.0
992,992,730,High,232,144,330.9861111111111,120.10077272834513,90.78456565442082,571.1876565678014,714.0,507.0
993,993,731,Low,287,236,179.90254237288136,44.35882499808762,91.18489237670612,268.6201923690566,344.0,216.0
993,993,731,Medium,474,350,249.21714285714285,94.07698939967601,61.06316405779083,437.3711216564949,535.0,403.0
993,993,731,High,232,145,330.6137931034483,119.76697201735918,91.07984906872994,570.1477371381667,714.0,508.0
994,994,733,Low,287,236,179.90254237288136,44.35882499808762,91.18489237670612,268.6201923690566,344.0,217.0
994,994,733,Medium,474,352,249.5625,94.06860297424994,61.42529405150012,437.69970594849985,535.0,404.0
994,994,733,High,233,145,330.6137931034483,119.76697201735918,91.07984906872994,570.1477371381667,714.0,509.0
995,995,733,Low,287,236,179.90254237288136,44.35882499808762,91.18489237670612,268.6201923690566,344.0,218.0
995,995,733,Medium,474,352,249.5625,94.06860297424994,61.42529405150012,437.69970594849985,535.0,405.0
995,995,733,High,234,145,330.6137931034483,119.76697201735918,91.07984906872994,570.1477371381667,714.0,510.0
996,996,733,Low,287,236,179.90254237288136,44.35882499808762,91.18489237670612,268.6201923690566,344.0,219.0
996,996,733,Medium,474,352,249.5625,94.06860297424994,61.42529405150012,437.69970594849985,535.0,406.0
996,996,733,High,235,145,330.6137931034483,119.76697201735918,91.07984906872994,570.1477371381667,714.0,511.0
997,997,733,Low,288,236,179.90254237288136,44.35882499808762,91.18489237670612,268.6201923690566,344.0,220.0
997,997,733,Medium,474,352,249.5625,94.06860297424994,61.42529405150012,437.69970594849985,535.0,407.0
997,997,733,High,235,145,330.6137931034483,119.76697201735918,91.07984906872994,570.1477371381667,714.0,512.0
998,998,733,Low,288,236,179.90254237288136,44.35882499808762,91.18489237670612,268.6201923690566,344.0,221.0
998,998,733,Medium,474,352,249.5625,94.06860297424994,61.42529405150012,437.69970594849985,535.0,408.0
998,998,733,High,236,145,330.6137931034483,119.76697201735918,91.07984906872994,570.1477371381667,714.0,513.0
999,999,734,Low,289,236,179.90254237288136,44.35882499808762,91.18489237670612,268.6201923690566,344.0,222.0
999,999,734,Medium,474,353,249.39093484419263,93.99017796532323,61.410578913546175,437.37129077483905,535.0,409.0
999,999,734,High,236,145,330.6137931034483,119.76697201735918,91.07984906872994,570.1477371381667,714.0,514.0
1000,1000,735,Low,289,236,179.90254237288136,44.35882499808762,91.18489237670612,268.6201923690566,344.0,223.0
1000,1000,735,Medium,475,353,249.39093484419263,93.99017796532323,61.410578913546175,437.37129077483905,535.0,410.0
1000,1000,735,High,236,146,330.54794520547944,119.35591990529146,91.83610539489652,569.2597850160623,714.0,515.0
1001,1000,735,Low,289,236,179.90254237288136,44.35882499808762,91.18489237670612,268.6201923690566,344.0,224.0
1001,1000,735,Medium,475,353,249.39093484419263,93.99017796532323,61.410578913546175,437.37129077483905,535.0,411.0
1001,1000,735,High,236,146,330.54794520547944,119.35591990529146,91.83610539489652,569.2597850160623,714.0,516.0
1002,1000,735,Low,289,236,179.90254237288136,44.35882499808762,91.18489237670612,268.6201923690566,344.0,225.0
1002,1000,735,Medium,475,353,249.39093484419263,93.99017796532323,61.410578913546175,437.37129077483905,535.0,412.0
1002,1000,735,High,236,146,330.54794520547944,119.35591990529146,91.83610539489652,569.2597850160623,714.0,517.0
1003,1000,735,Low,289,236,179.90254237288136,44.35882499808762,91.18489237670612,268.6201923690566,344.0,226.0
1003,1000,735,Medium,475,353,249.39093484419263,93.99017796532323,61.410578913546175,437.37129077483905,535.0,413.0
1003,1000,735,High,236,146,330.54794520547944,119.35591990529146,91.83610539489652,569.2597850160623,714.0,518.0
1004,1000,736,Low,289,237,179.8987341772152,44.264783493347586,91.36916719052003,268.42830116391036,344.0,227.0
1004,1000,736,Medium,475,353,249.39093484419263,93.99017796532323,61.410578913546175,437.37129077483905,535.0,414.0
1004,1000,736,High,236,146,330.54794520547944,119.35591990529146,91.83610539489652,569.2597850160623,714.0,519.0
1005,1000,737,Low,289,237,179.8987341772152,44.264783493347586,91.36916719052003,268.42830116391036,344.0,228.0
1005,1000,737,Medium,475,354,249.57909604519773,93.92369703596066,61.731701973276415,437.42649011711904,535.0,415.0
1005,1000,737,High,236,146,330.54794520547944,119.35591990529146,91.83610539489652,569.2597850160623,714.0,520.0
1006,1000,738,Low,289,237,179.8987341772152,44.264783493347586,91.36916719052003,268.42830116391036,344.0,229.0
1006,1000,738,Medium,475,354,249.57909604519773,93.92369703596066,61.731701973276415,437.42649011711904,535.0,416.0
1006,1000,738,High,236,147,331.578231292517,119.60058672429435,92.3770578439283,570.7794047411057,714.0,521.0
1007,1000,738,Low,289,237,179.8987341772152,44.264783493347586,91.36916719052003,268.42830116391036,344.0,230.0
1007,1000,738,Medium,475,354,249.57909604519773,93.92369703596066,61.731701973276415,437.42649011711904,535.0,417.0
1007,1000,738,High,236,147,331.578231292517,119.60058672429435,92.3770578439283,570.7794047411057,714.0,522.0
1008,1000,738,Low,289,237,179.8987341772152,44.264783493347586,91.36916719052003,268.42830116391036,344.0,231.0
1008,1000,738,Medium,475,354,249.57909604519773,93.92369703596066,61.731701973276415,437.42649011711904,535.0,418.0
1008,1000,738,High,236,147,331.578231292517,119.60058672429435,92.3770578439283,570.7794047411057,714.0,523.0
1009,1000,739,Low,289,237,179.8987341772152,44.264783493347586,91.36916719052003,268.42830116391036,344.0,232.0
1009,1000,739,Medium,475,355,249.53521126760563,93.7945872858445,61.94603669591663,437.12438583929463,535.0,419.0
1009,1000,739,High,236,147,331.578231292517,119.60058672429435,92.3770578439283,570.7794047411057,714.0,524.0
1010,1000,740,Low,289,237,179.8987341772152,44.264783493347586,91.36916719052003,268.42830116391036,344.0,233.0
1010,1000,740,Medium,475,355,249.53521126760563,93.7945872858445,61.94603669591663,437.12438583929463,535.0,420.0
1010,1000,740,High,236,148,331.8310810810811,119.23277345382004,93.365534173441,570.2966279887212,714.0,525.0
1011,1000,741,Low,289,238,179.6386554621849,44.35315335498234,90.93234875222021,268.34496217214956,344.0,234.0
1011,1000,741,Medium,475,355,249.53521126760563,93.7945872858445,61.94603669591663,437.12438583929463,535.0,421.0
1011,1000,741,High,236,148,331.8310810810811,119.23277345382004,93.365534173441,570.2966279887212,714.0,526.0
1012,1000,742,Low,289,238,179.6386554621849,44.35315335498234,90.93234875222021,268.34496217214956,344.0,235.0
1012,1000,742,Medium,475,355,249.53521126760563,93.7945872858445,61.94603669591663,437.12438583929463,535.0,422.0
1012,1000,742,High,236,149,332.38926174496646,119.024453052519,94.34035563992848,570.4381678500044,714.0,527.0
1013,1000,742,Low,289,238,179.6386554621849,44.35315335498234,90.93234875222021,268.34496217214956,344.0,236.0
1013,1000,742,Medium,475,355,249.53521126760563,93.7945872858445,61.94603669591663,437.12438583929463,535.0,423.0
1013,1000,742,High,236,149,332.38926174496646,119.024453052519,94.34035563992848,570.4381678500044,714.0,528.0
1014,1000,745,Low,289,240,179.70416666666668,44.23454016078052,91.23508634510564,268.17324698822773,344.0,237.0
1014,1000,745,Medium,475,356,249.8370786516854,93.83540505064789,62.16626855038962,437.5078887529812,535.0,424.0
1014,1000,745,High,236,149,332.38926174496646,119.024453052519,94.34035563992848,570.4381678500044,714.0,529.0
1015,1000,749,Low,289,242,179.67768595041323,44.14493573038195,91.38781448964933,267.96755741117715,344.0,238.0
1015,1000,749,Medium,475,358,249.83240223463687,93.57807962535867,62.676242983919536,436.98856148535424,535.0,425.0
1015,1000,749,High,236,149,332.38926174496646,119.024453052519,94.34035563992848,570.4381678500044,714.0,530.0
1016,1000,749,Low,289,242,179.67768595041323,44.14493573038195,91.38781448964933,267.96755741117715,344.0,239.0
1016,1000,749,Medium,475,358,249.83240223463687,93.57807962535867,62.676242983919536,436.98856148535424,535.0,426.0
1016,1000,749,High,236,149,332.38926174496646,119.024453052519,94.34035563992848,570.4381678500044,714.0,531.0
1017,1000,750,Low,289,243,179.92592592592592,44.223262766297225,91.47940039333147,268.37245145852035,344.0,223.0
1017,1000,750,Medium,475,358,249.83240223463687,93.57807962535867,62.676242983919536,436.98856148535424,535.0,427.0
1017,1000,750,High,236,149,332.38926174496646,119.024453052519,94.34035563992848,570.4381678500044,714.0,532.0
1018,1000,752,Low,289,244,179.68032786885246,44.29860635499652,91.08311515885941,268.2775405788455,344.0,224.0
1018,1000,752,Medium,475,359,249.83286908077994,93.4472930064697,62.93828306784053,436.72745509371936,535.0,428.0
1018,1000,752,High,236,149,332.38926174496646,119.024453052519,94.34035563992848,570.4381678500044,714.0,533.0
1019,1000,753,Low,289,244,179.68032786885246,44.29860635499652,91.08311515885941,268.2775405788455,344.0,225.0
1019,1000,753,Medium,475,360,249.87222222222223,93.32004000703313,63.23214220815598,436.5123022362885,535.0,429.0
1019,1000,753,High,236,149,332.38926174496646,119.024453052519,94.34035563992848,570.4381678500044,714.0,534.0
1020,1000,753,Low,289,244,179.68032786885246,44.29860635499652,91.08311515885941,268.2775405788455,344.0,226.0
1020,1000,753,Medium,475,360,249.87222222222223,93.32004000703313,63.23214220815598,436.5123022362885,535.0,430.0
1020,1000,753,High,236,149,332.38926174496646,119.024453052519,94.34035563992848,570.4381678500044,714.0,535.0
1021,1000,754,Low,289,244,179.68032786885246,44.29860635499652,91.08311515885941,268.2775405788455,344.0,227.0
1021,1000,754,Medium,475,361,249.99445983379502,93.21927538097813,63.555909071838755,436.4330105957513,535.0,431.0
1021,1000,754,High,236,149,332.38926174496646,119.024453052519,94.34035563992848,570.4381678500044,714.0,536.0
1022,1000,755,Low,289,244,179.68032786885246,44.29860635499652,91.08311515885941,268.2775405788455,344.0,228.0
1022,1000,755,Medium,475,361,249.99445983379502,93.21927538097813,63.555909071838755,436.4330105957513,535.0,432.0
1022,1000,755,High,236,150,333.0733333333333,118.91986454518519,95.23360424296294,570.9130624237036,714.0,537.0
1023,1000,755,Low,289,244,179.68032786885246,44.29860635499652,91.08311515885941,268.2775405788455,344.0,229.0
1023,1000,755,Medium,475,361,249.99445983379502,93.21927538097813,63.555909071838755,436.4330105957513,535.0,433.0
1023,1000,755,High,236,150,333.0733333333333,118.91986454518519,95.23360424296294,570.9130624237036,714.0,538.0
1024,1000,756,Low,289,245,179.74285714285713,44.21857038861744,91.30571636562226,268.179997920092,344.0,230.0
1024,1000,756,Medium,475,361,249.99445983379502,93.21927538097813,63.555909071838755,436.4330105957513,535.0,434.0
1024,1000,756,High,236,150,333.0733333333333,118.91986454518519,95.23360424296294,570.9130624237036,714.0,539.0
1025,1000,756,Low,289,245,179.74285714285713,44.21857038861744,91.30571636562226,268.179997920092,344.0,231.0
1025,1000,756,Medium,475,361,249.99445983379502,93.21927538097813,63.555909071838755,436.4330105957513,535.0,435.0
1025,1000,756,High,236,150,333.0733333333333,118.91986454518519,95.23360424296294,570.9130624237036,714.0,540.0
1026,1000,757,Low,289,246,179.6910569105691,44.135714647548305,91.41962761547249,267.9624862056657,344.0,232.0
1026,1000,757,Medium,475,361,249.99445983379502,93.21927538097813,63.555909071838755,436.4330105957513,535.0,436.0
1026,1000,757,High,236,150,333.0733333333333,118.91986454518519,95.23360424296294,570.9130624237036,714.0,541.0
1027,1000,759,Low,289,247,179.4655870445344,44.188227172976326,91.08913269858175,267.84204139048705,344.0,233.0
1027,1000,759,Medium,475,362,249.9696132596685,93.0912736172018,63.78706602526492,436.15216049407206,535.0,437.0
1027,1000,759,High,236,150,333.0733333333333,118.91986454518519,95.23360424296294,570.9130624237036,714.0,542.0
1028,1000,761,Low,289,249,179.25301204819277,44.08876037375295,91.07549130068688,267.4305327956987,344.0,234.0
1028,1000,761,Medium,475,362,249.9696132596685,93.0912736172018,63.78706602526492,436.15216049407206,535.0,438.0
1028,1000,761,High,236,150,333.0733333333333,118.91986454518519,95.23360424296294,570.9130624237036,714.0,543.0
1029,1000,762,Low,289,249,179.25301204819277,44.08876037375295,91.07549130068688,267.4305327956987,344.0,235.0
1029,1000,762,Medium,475,362,249.9696132596685,93.0912736172018,63.78706602526492,436.15216049407206,535.0,439.0
1029,1000,762,High,236,151,331.6953642384106,119.7262429254051,92.2428783876004,571.1478500892208,714.0,544.0
1030,1000,762,Low,289,249,179.25301204819277,44.08876037375295,91.07549130068688,267.4305327956987,344.0,236.0
1030,1000,762,Medium,475,362,249.9696132596685,93.0912736172018,63.78706602526492,436.15216049407206,535.0,440.0
1030,1000,762,High,236,151,331.6953642384106,119.7262429254051,92.2428783876004,571.1478500892208,714.0,545.0
1031,1000,762,Low,289,249,179.25301204819277,44.08876037375295,91.07549130068688,267.4305327956987,344.0,237.0
1031,1000,762,Medium,475,362,249.9696132596685,93.0912736172018,63.78706602526492,436.15216049407206,535.0,441.0
1031,1000,762,High,236,151,331.6953642384106,119.7262429254051,92.2428783876004,571.1478500892208,714.0,546.0
1032,1000,762,Low,289,249,179.25301204819277,44.08876037375295,91.07549130068688,267.4305327956987,344.0,238.0
1032,1000,762,Medium,475,362,249.9696132596685,93.0912736172018,63.78706602526492,436.15216049407206,535.0,442.0
1032,1000,762,High,236,151,331.6953642384106,119.7262429254051,92.2428783876004,571.1478500892208,714.0,547.0
1033,1000,763,Low,289,249,179.25301204819277,44.08876037375295,91.07549130068688,267.4305327956987,344.0,239.0
1033,1000,763,Medium,475,363,250.3388429752066,93.22839717350918,63.882048628188244,436.79563732222493,535.0,443.0
1033,1000,763,High,236,151,331.6953642384106,119.7262429254051,92.2428783876004,571.1478500892208,714.0,548.0
1034,1000,764,Low,289,249,179.25301204819277,44.08876037375295,91.07549130068688,267.4305327956987,344.0,240.0
1034,1000,764,Medium,475,364,250.47252747252747,93.13482518324625,64.20287710603498,436.74217783902,535.0,444.0
1034,1000,764,High,236,151,331.6953642384106,119.7262429254051,92.2428783876004,571.1478500892208,714.0,549.0
1035,1000,765,Low,289,250,179.108,44.05983901076601,90.98832197846798,267.22767802153203,344.0,241.0
1035,1000,765,Medium,475,364,250.47252747252747,93.13482518324625,64.20287710603498,436.74217783902,535.0,445.0
1035,1000,765,High,236,151,331.6953642384106,119.7262429254051,92.2428783876004,571.1478500892208,714.0,550.0
1036,1000,767,Low,289,251,179.02788844621514,43.98994452285095,91.04799940051325,267.00777749191707,344.0,242.0
1036,1000,767,Medium,475,365,251.0082191780822,93.56820065608704,63.8718178659081,438.1446204902563,535.0,381.0
1036,1000,767,High,236,151,331.6953642384106,119.7262429254051,92.2428783876004,571.1478500892208,714.0,551.0
1037,1000,768,Low,289,251,179.02788844621514,43.98994452285095,91.04799940051325,267.00777749191707,344.0,243.0
1037,1000,768,Medium,475,365,251.0082191780822,93.56820065608704,63.8718178659081,438.1446204902563,535.0,382.0
1037,1000,768,High,236,152,333.05263157894734,120.49669773572367,92.0592361075,574.0460270503947,714.0,552.0
1038,1000,769,Low,289,252,179.1706349206349,43.96066979515094,91.24929533033303,267.0919745109368,344.0,244.0
1038,1000,769,Medium,475,365,251.0082191780822,93.56820065608704,63.8718178659081,438.1446204902563,535.0,383.0
1038,1000,769,High,236,152,333.05263157894734,120.49669773572367,92.0592361075,574.0460270503947,714.0,553.0
1039,1000,769,Low,289,252,179.1706349206349,43.96066979515094,91.24929533033303,267.0919745109368,344.0,245.0
1039,1000,769,Medium,475,365,251.0082191780822,93.56820065608704,63.8718178659081,438.1446204902563,535.0,384.0
1039,1000,769,High,236,152,333.05263157894734,120.49669773572367,92.0592361075,574.0460270503947,714.0,554.0
1040,1000,770,Low,289,252,179.1706349206349,43.96066979515094,91.24929533033303,267.0919745109368,344.0,246.0
1040,1000,770,Medium,475,366,251.12021857923497,93.46450077520113,64.19121702883271,438.0492201296372,535.0,385.0
1040,1000,770,High,236,152,333.05263157894734,120.49669773572367,92.0592361075,574.0460270503947,714.0,555.0
1041,1000,771,Low,289,252,179.1706349206349,43.96066979515094,91.24929533033303,267.0919745109368,344.0,247.0
1041,1000,771,Medium,475,367,250.8801089918256,93.45000599069118,63.980097010443245,437.780120973208,535.0,386.0
1041,1000,771,High,236,152,333.05263157894734,120.49669773572367,92.0592361075,574.0460270503947,714.0,556.0
1042,1000,773,Low,289,252,179.1706349206349,43.96066979515094,91.24929533033303,267.0919745109368,344.0,248.0
1042,1000,773,Medium,475,369,251.17073170731706,93.28605847744144,64.59861475243417,437.74284866219995,535.0,387.0
1042,1000,773,High,236,152,333.05263157894734,120.49669773572367,92.0592361075,574.0460270503947,714.0,557.0
1043,1000,773,Low,289,252,179.1706349206349,43.96066979515094,91.24929533033303,267.0919745109368,344.0,249.0
1043,1000,773,Medium,475,369,251.17073170731706,93.28605847744144,64.59861475243417,437.74284866219995,535.0,388.0
1043,1000,773,High,236,152,333.05263157894734,120.49669773572367,92.0592361075,574.0460270503947,714.0,558.0
1044,1000,774,Low,289,252,179.1706349206349,43.96066979515094,91.24929533033303,267.0919745109368,344.0,250.0
1044,1000,774,Medium,475,370,251.0162162162162,93.20696879372618,64.60227862876386,437.43015380366853,535.0,389.0
1044,1000,774,High,236,152,333.05263157894734,120.49669773572367,92.0592361075,574.0460270503947,714.0,559.0
1045,1000,774,Low,289,252,179.1706349206349,43.96066979515094,91.24929533033303,267.0919745109368,344.0,251.0
1045,1000,774,Medium,475,370,251.0162162162162,93.20696879372618,64.60227862876386,437.43015380366853,535.0,390.0
1045,1000,774,High,236,152,333.05263157894734,120.49669773572367,92.0592361075,574.0460270503947,714.0,560.0
1046,1000,775,Low,289,252,179.1706349206349,43.96066979515094,91.24929533033303,267.0919745109368,344.0,252.0
1046,1000,775,Medium,475,371,251.13477088948787,93.10893447789817,64.91690193369152,437.3526398452842,535.0,391.0
1046,1000,775,High,236,152,333.05263157894734,120.49669773572367,92.0592361075,574.0460270503947,714.0,561.0
1047,1000,777,Low,289,253,179.05533596837944,43.911672947151914,91.23199007407561,266.87868186268327,344.0,253.0
1047,1000,777,Medium,475,371,251.13477088948787,93.10893447789817,64.91690193369152,437.3526398452842,535.0,392.0
1047,1000,777,High,236,153,334.54901960784315,121.51759354840624,91.51383251103067,577.5842067046556,714.0,532.0
1048,1000,777,Low,289,253,179.05533596837944,43.911672947151914,91.23199007407561,266.87868186268327,344.0,254.0
1048,1000,777,Medium,475,371,251.13477088948787,93.10893447789817,64.91690193369152,437.3526398452842,535.0,393.0
1048,1000,777,High,236,153,334.54901960784315,121.51759354840624,91.51383251103067,577.5842067046556,714.0,533.0
1049,1000,777,Low,289,253,179.05533596837944,43.911672947151914,91.23199007407561,266.87868186268327,344.0,255.0
1049,1000,777,Medium,475,371,251.13477088948787,93.10893447789817,64.91690193369152,437.3526398452842,535.0,394.0
1049,1000,777,High,236,153,334.54901960784315,121.51759354840624,91.51383251103067,577.5842067046556,714.0,534.0
1050,1000,778,Low,289,253,179.05533596837944,43.911672947151914,91.23199007407561,266.87868186268327,344.0,256.0
1050,1000,778,Medium,475,371,251.13477088948787,93.10893447789817,64.91690193369152,437.3526398452842,535.0,395.0
1050,1000,778,High,236,154,335.0194805194805,121.26045380603155,92.49857290741741,577.5403881315436,714.0,535.0
1051,1000,778,Low,289,253,179.05533596837944,43.911672947151914,91.23199007407561,266.87868186268327,344.0,257.0
1051,1000,778,Medium,475,371,251.13477088948787,93.10893447789817,64.91690193369152,437.3526398452842,535.0,396.0
1051,1000,778,High,236,154,335.0194805194805,121.26045380603155,92.49857290741741,577.5403881315436,714.0,536.0
1052,1000,779,Low,289,253,179.05533596837944,43.911672947151914,91.23199007407561,266.87868186268327,344.0,258.0
1052,1000,779,Medium,475,372,251.21774193548387,92.99713589919548,65.2234701370929,437.21201373387487,535.0,397.0
1052,1000,779,High,236,154,335.0194805194805,121.26045380603155,92.49857290741741,577.5403881315436,714.0,537.0
1053,1000,780,Low,289,254,179.37007874015748,44.11094585097097,91.14818703821554,267.5919704420994,344.0,221.0
1053,1000,780,Medium,475,372,251.21774193548387,92.99713589919548,65.2234701370929,437.21201373387487,535.0,398.0
1053,1000,780,High,236,154,335.0194805194805,121.26045380603155,92.49857290741741,577.5403881315436,714.0,538.0
1054,1000,780,Low,289,254,179.37007874015748,44.11094585097097,91.14818703821554,267.5919704420994,344.0,222.0
1054,1000,780,Medium,475,372,251.21774193548387,92.99713589919548,65.2234701370929,437.21201373387487,535.0,399.0
1054,1000,780,High,236,154,335.0194805194805,121.26045380603155,92.49857290741741,577.5403881315436,714.0,539.0
1055,1000,780,Low,289,254,179.37007874015748,44.11094585097097,91.14818703821554,267.5919704420994,344.0,223.0
1055,1000,780,Medium,475,372,251.21774193548387,92.99713589919548,65.2234701370929,437.21201373387487,535.0,400.0
1055,1000,780,High,236,154,335.0194805194805,121.26045380603155,92.49857290741741,577.5403881315436,714.0,540.0
1056,1000,780,Low,289,254,179.37007874015748,44.11094585097097,91.14818703821554,267.5919704420994,344.0,224.0
1056,1000,780,Medium,475,372,251.21774193548387,92.99713589919548,65.2234701370929,437.21201373387487,535.0,401.0
1056,1000,780,High,236,154,335.0194805194805,121.26045380603155,92.49857290741741,577.5403881315436,714.0,541.0
1057,1000,780,Low,289,254,179.37007874015748,44.11094585097097,91.14818703821554,267.5919704420994,344.0,225.0
1057,1000,780,Medium,475,372,251.21774193548387,92.99713589919548,65.2234701370929,437.21201373387487,535.0,402.0
1057,1000,780,High,236,154,335.0194805194805,121.26045380603155,92.49857290741741,577.5403881315436,714.0,542.0
1058,1000,783,Low,289,255,179.42352941176472,44.03230108312889,91.35892724550693,267.4881315780225,344.0,226.0
1058,1000,783,Medium,475,374,251.14438502673798,92.77168207592871,65.60102087488056,436.68774917859537,535.0,403.0
1058,1000,783,High,236,154,335.0194805194805,121.26045380603155,92.49857290741741,577.5403881315436,714.0,543.0
1059,1000,784,Low,289,255,179.42352941176472,44.03230108312889,91.35892724550693,267.4881315780225,344.0,227.0
1059,1000,784,Medium,475,375,251.06133333333332,92.66153101351321,65.7382713063069,436.38439536035975,535.0,404.0
1059,1000,784,High,236,154,335.0194805194805,121.26045380603155,92.49857290741741,577.5403881315436,714.0,544.0
1060,1000,784,Low,289,255,179.42352941176472,44.03230108312889,91.35892724550693,267.4881315780225,344.0,228.0
1060,1000,784,Medium,475,375,251.06133333333332,92.66153101351321,65.7382713063069,436.38439536035975,535.0,405.0
1060,1000,784,High,236,154,335.0194805194805,121.26045380603155,92.49857290741741,577.5403881315436,714.0,545.0
1061,1000,786,Low,289,256,179.6171875,44.054978324771405,91.50723085045719,267.7271441495428,344.0,214.0
1061,1000,786,Medium,475,376,251.2845744680851,92.63909254782831,66.00638937242849,436.56275956374174,535.0,406.0
1061,1000,786,High,236,154,335.0194805194805,121.26045380603155,92.49857290741741,577.5403881315436,714.0,546.0
1062,1000,787,Low,289,257,179.49805447470817,44.010308142100584,91.477438190507,267.51867075890937,344.0,215.0
1062,1000,787,Medium,475,376,251.2845744680851,92.63909254782831,66.00638937242849,436.56275956374174,535.0,407.0
1062,1000,787,High,236,154,335.0194805194805,121.26045380603155,92.49857290741741,577.5403881315436,714.0,547.0
1063,1000,791,Low,289,257,179.49805447470817,44.010308142100584,91.477438190507,267.51867075890937,344.0,216.0
1063,1000,791,Medium,475,380,251.59736842105264,92.31181238312669,66.97374365479925,436.220993187306,535.0,408.0
1063,1000,791,High,236,154,335.0194805194805,121.26045380603155,92.49857290741741,577.5403881315436,714.0,548.0
1064,1000,791,Low,289,257,179.49805447470817,44.010308142100584,91.477438190507,267.51867075890937,344.0,217.0
1064,1000,791,Medium,475,380,251.59736842105264,92.31181238312669,66.97374365479925,436.220993187306,535.0,409.0
1064,1000,791,High,236,154,335.0194805194805,121.26045380603155,92.49857290741741,577.5403881315436,714.0,549.0
1065,1000,792,Low,289,258,179.58527131782947,43.94693581395441,91.69139968992064,267.4791429457383,344.0,218.0
1065,1000,792,Medium,475,380,251.59736842105264,92.31181238312669,66.97374365479925,436.220993187306,535.0,410.0
1065,1000,792,High,236,154,335.0194805194805,121.26045380603155,92.49857290741741,577.5403881315436,714.0,550.0
1066,1000,793,Low,289,258,179.58527131782947,43.94693581395441,91.69139968992064,267.4791429457383,344.0,219.0
1066,1000,793,Medium,475,381,252.01574803149606,92.55126467775645,66.91321867598316,437.11827738700896,535.0,404.0
1066,1000,793,High,236,154,335.0194805194805,121.26045380603155,92.49857290741741,577.5403881315436,714.0,551.0
1067,1000,793,Low,289,258,179.58527131782947,43.94693581395441,91.69139968992064,267.4791429457383,344.0,220.0
1067,1000,793,Medium,475,381,252.01574803149606,92.55126467775645,66.91321867598316,437.11827738700896,535.0,405.0
1067,1000,793,High,236,154,335.0194805194805,121.26045380603155,92.49857290741741,577.5403881315436,714.0,552.0
1068,1000,796,Low,289,259,179.47876447876448,43.89516374292226,91.68843699291996,267.269091964609,344.0,221.0
1068,1000,796,Medium,475,382,252.41884816753927,92.76489324142175,66.88906168469578,437.94863465038276,535.0,405.0
1068,1000,796,High,236,155,336.01935483870966,121.50546302547718,93.00842878775529,579.030280889664,714.0,553.0
1069,1000,798,Low,289,260,179.43076923076924,43.81717694631863,91.79641533813198,267.0651231234065,344.0,222.0
1069,1000,798,Medium,475,382,252.41884816753927,92.76489324142175,66.88906168469578,437.94863465038276,535.0,406.0
1069,1000,798,High,236,156,336.62820512820514,121.35138091901216,93.92544329018082,579.3309669662294,714.0,554.0
1070,1000,799,Low,289,260,179.43076923076924,43.81717694631863,91.79641533813198,267.0651231234065,344.0,223.0
1070,1000,799,Medium,475,382,252.41884816753927,92.76489324142175,66.88906168469578,437.94863465038276,535.0,407.0
1070,1000,799,High,236,157,336.7515923566879,120.97168857443761,94.80821520781271,578.6949695055631,714.0,555.0
1071,1000,799,Low,289,260,179.43076923076924,43.81717694631863,91.79641533813198,267.0651231234065,344.0,224.0
1071,1000,799,Medium,475,382,252.41884816753927,92.76489324142175,66.88906168469578,437.94863465038276,535.0,408.0
1071,1000,799,High,236,157,336.7515923566879,120.97168857443761,94.80821520781271,578.6949695055631,714.0,556.0
1072,1000,800,Low,289,260,179.43076923076924,43.81717694631863,91.79641533813198,267.0651231234065,344.0,225.0
1072,1000,800,Medium,475,383,252.65274151436032,92.75640583601901,67.13992984232229,438.16555318639837,535.0,409.0
1072,1000,800,High,236,157,336.7515923566879,120.97168857443761,94.80821520781271,578.6949695055631,714.0,557.0
1073,1000,802,Low,289,260,179.43076923076924,43.81717694631863,91.79641533813198,267.0651231234065,344.0,226.0
1073,1000,802,Medium,475,384,252.45833333333334,92.71353636840529,67.03126059652277,437.8854060701439,535.0,410.0
1073,1000,802,High,236,158,335.5822784810127,121.47827334193762,92.62573179713743,578.538825164888,714.0,558.0
1074,1000,804,Low,289,260,179.43076923076924,43.81717694631863,91.79641533813198,267.0651231234065,344.0,227.0
1074,1000,804,Medium,475,385,252.85714285714286,92.92281102895997,67.01152079922292,438.7027649150628,535.0,411.0
1074,1000,804,High,236,159,335.29559748427675,121.14718286945036,93.00123174537603,577.5899632231775,714.0,559.0
1075,1000,804,Low,289,260,179.43076923076924,43.81717694631863,91.79641533813198,267.0651231234065,344.0,228.0
1075,1000,804,Medium,475,385,252.85714285714286,92.92281102895997,67.01152079922292,438.7027649150628,535.0,412.0
1075,1000,804,High,236,159,335.29559748427675,121.14718286945036,93.00123174537603,577.5899632231775,714.0,560.0
1076,1000,805,Low,289,260,179.43076923076924,43.81717694631863,91.79641533813198,267.0651231234065,344.0,229.0
1076,1000,805,Medium,475,386,252.87564766839378,92.80276573196248,67.27011620446882,438.48117913231874,535.0,413.0
1076,1000,805,High,236,159,335.29559748427675,121.14718286945036,93.00123174537603,577.5899632231775,714.0,561.0
1077,1000,806,Low,289,260,179.43076923076924,43.81717694631863,91.79641533813198,267.0651231234065,344.0,230.0
1077,1000,806,Medium,475,387,252.76485788113695,92.70809951239403,67.34865885634889,438.181056905925,535.0,414.0
1077,1000,806,High,236,159,335.29559748427675,121.14718286945036,93.00123174537603,577.5899632231775,714.0,562.0
1078,1000,807,Low,289,261,179.62835249042146,43.84917112590747,91.93001023860653,267.3266947422364,344.0,218.0
1078,1000,807,Medium,475,387,252.76485788113695,92.70809951239403,67.34865885634889,438.181056905925,535.0,415.0
1078,1000,807,High,236,159,335.29559748427675,121.14718286945036,93.00123174537603,577.5899632231775,714.0,563.0
1079,1000,808,Low,289,262,179.6679389312977,43.769778701022545,92.12838152925261,267.20749633334276,344.0,219.0
1079,1000,808,Medium,475,387,252.76485788113695,92.70809951239403,67.34865885634889,438.181056905925,535.0,416.0
1079,1000,808,High,236,159,335.29559748427675,121.14718286945036,93.00123174537603,577.5899632231775,714.0,564.0
1080,1000,809,Low,289,263,179.72623574144487,43.696397434495374,92.33344087245412,267.11903061043563,344.0,220.0
1080,1000,809,Medium,475,387,252.76485788113695,92.70809951239403,67.34865885634889,438.181056905925,535.0,417.0
1080,1000,809,High,236,159,335.29559748427675,121.14718286945036,93.00123174537603,577.5899632231775,714.0,565.0
1081,1000,809,Low,289,263,179.72623574144487,43.696397434495374,92.33344087245412,267.11903061043563,344.0,221.0
1081,1000,809,Medium,475,387,252.76485788113695,92.70809951239403,67.34865885634889,438.181056905925,535.0,418.0
1081,1000,809,High,236,159,335.29559748427675,121.14718286945036,93.00123174537603,577.5899632231775,714.0,566.0
1082,1000,809,Low,289,263,179.72623574144487,43.696397434495374,92.33344087245412,267.11903061043563,344.0,222.0
1082,1000,809,Medium,475,387,252.76485788113695,92.70809951239403,67.34865885634889,438.181056905925,535.0,419.0
1082,1000,809,High,236,159,335.29559748427675,121.14718286945036,93.00123174537603,577.5899632231775,714.0,567.0
1083,1000,812,Low,289,263,179.72623574144487,43.696397434495374,92.33344087245412,267.11903061043563,344.0,223.0
1083,1000,812,Medium,475,390,252.87948717948717,92.55948321430007,67.76052075088703,437.9984536080873,535.0,420.0
1083,1000,812,High,236,159,335.29559748427675,121.14718286945036,93.00123174537603,577.5899632231775,714.0,568.0
1084,1000,814,Low,289,264,179.5909090909091,43.66863724709438,92.25363459672033,266.9281835850978,344.0,224.0
1084,1000,814,Medium,475,391,253.05626598465474,92.50680864960269,68.04264868544936,438.0698832838601,535.0,421.0
1084,1000,814,High,236,159,335.29559748427675,121.14718286945036,93.00123174537603,577.5899632231775,714.0,569.0
1085,1000,814,Low,289,264,179.5909090909091,43.66863724709438,92.25363459672033,266.9281835850978,344.0,225.0
1085,1000,814,Medium,475,391,253.05626598465474,92.50680864960269,68.04264868544936,438.0698832838601,535.0,422.0
1085,1000,814,High,236,159,335.29559748427675,121.14718286945036,93.00123174537603,577.5899632231775,714.0,570.0
1086,1000,816,Low,289,264,179.5909090909091,43.66863724709438,92.25363459672033,266.9281835850978,344.0,226.0
1086,1000,816,Medium,475,392,253.3112244897959,92.5262391844996,68.2587461207967,438.36370285879514,535.0,423.0
1086,1000,816,High,236,160,334.95625,120.841876351655,93.27249729669,576.6400027033101,714.0,571.0
1087,1000,819,Low,289,265,179.5622641509434,43.58834735519612,92.38556944055117,266.7389588613356,344.0,227.0
1087,1000,819,Medium,475,394,253.62436548223351,92.3981649203036,68.82803564162631,438.42069532284074,535.0,424.0
1087,1000,819,High,236,160,334.95625,120.841876351655,93.27249729669,576.6400027033101,714.0,572.0
1088,1000,821,Low,289,265,179.5622641509434,43.58834735519612,92.38556944055117,266.7389588613356,344.0,228.0
1088,1000,821,Medium,475,396,253.83838383838383,92.22511885743211,69.38814612351962,438.28862155324805,535.0,425.0
1088,1000,821,High,236,160,334.95625,120.841876351655,93.27249729669,576.6400027033101,714.0,573.0
1089,1000,822,Low,289,265,179.5622641509434,43.58834735519612,92.38556944055117,266.7389588613356,344.0,229.0
1089,1000,822,Medium,475,396,253.83838383838383,92.22511885743211,69.38814612351962,438.28862155324805,535.0,426.0
1089,1000,822,High,236,161,336.44099378881987,121.92789081668812,92.58521215544363,580.2967754221961,714.0,473.0
1090,1000,824,Low,289,266,179.51127819548873,43.51397373325222,92.48333072898428,266.53922566199316,344.0,230.0
1090,1000,824,Medium,475,396,253.83838383838383,92.22511885743211,69.38814612351962,438.28862155324805,535.0,427.0
1090,1000,824,High,236,162,336.28395061728395,121.5650769735091,93.15379667026576,579.4141045643021,714.0,474.0
1091,1000,824,Low,289,266,179.51127819548873,43.51397373325222,92.48333072898428,266.53922566199316,344.0,231.0
1091,1000,824,Medium,475,396,253.83838383838383,92.22511885743211,69.38814612351962,438.28862155324805,535.0,428.0
1091,1000,824,High,236,162,336.28395061728395,121.5650769735091,93.15379667026576,579.4141045643021,714.0,475.0
1092,1000,826,Low,289,266,179.51127819548873,43.51397373325222,92.48333072898428,266.53922566199316,344.0,232.0
1092,1000,826,Medium,475,398,253.5929648241206,92.06141937743071,69.47012606925918,437.715803578982,535.0,429.0
1092,1000,826,High,236,162,336.28395061728395,121.5650769735091,93.15379667026576,579.4141045643021,714.0,476.0
1093,1000,826,Low,289,266,179.51127819548873,43.51397373325222,92.48333072898428,266.53922566199316,344.0,233.0
1093,1000,826,Medium,475,398,253.5929648241206,92.06141937743071,69.47012606925918,437.715803578982,535.0,430.0
1093,1000,826,High,236,162,336.28395061728395,121.5650769735091,93.15379667026576,579.4141045643021,714.0,477.0
1094,1000,827,Low,289,267,179.42696629213484,43.45394787444289,92.51907054324906,266.33486204102064,344.0,234.0
1094,1000,827,Medium,475,398,253.5929648241206,92.06141937743071,69.47012606925918,437.715803578982,535.0,431.0
1094,1000,827,High,236,162,336.28395061728395,121.5650769735091,93.15379667026576,579.4141045643021,714.0,478.0
1095,1000,827,Low,289,267,179.42696629213484,43.45394787444289,92.51907054324906,266.33486204102064,344.0,235.0
1095,1000,827,Medium,475,398,253.5929648241206,92.06141937743071,69.47012606925918,437.715803578982,535.0,432.0
1095,1000,827,High,236,162,336.28395061728395,121.5650769735091,93.15379667026576,579.4141045643021,714.0,479.0
1096,1000,828,Low,289,267,179.42696629213484,43.45394787444289,92.51907054324906,266.33486204102064,344.0,236.0
1096,1000,828,Medium,475,399,254.00501253132833,92.31334542554299,69.37832168024235,438.63170338241434,535.0,433.0
1096,1000,828,High,236,162,336.28395061728395,121.5650769735091,93.15379667026576,579.4141045643021,714.0,480.0
1097,1000,828,Low,289,267,179.42696629213484,43.45394787444289,92.51907054324906,266.33486204102064,344.0,237.0
1097,1000,828,Medium,475,399,254.00501253132833,92.31334542554299,69.37832168024235,438.63170338241434,535.0,434.0
1097,1000,828,High,236,162,336.28395061728395,121.5650769735091,93.15379667026576,579.4141045643021,714.0,481.0
1098,1000,828,Low,289,267,179.42696629213484,43.45394787444289,92.51907054324906,266.33486204102064,344.0,238.0
1098,1000,828,Medium,475,399,254.00501253132833,92.31334542554299,69.37832168024235,438.63170338241434,535.0,435.0
1098,1000,828,High,236,162,336.28395061728395,121.5650769735091,93.15379667026576,579.4141045643021,714.0,482.0
1099,1000,828,Low,289,267,179.42696629213484,43.45394787444289,92.51907054324906,266.33486204102064,344.0,239.0
1099,1000,828,Medium,475,399,254.00501253132833,92.31334542554299,69.37832168024235,438.63170338241434,535.0,436.0
1099,1000,828,High,236,162,336.28395061728395,121.5650769735091,93.15379667026576,579.4141045643021,714.0,483.0
1100,1000,829,Low,289,267,179.42696629213484,43.45394787444289,92.51907054324906,266.33486204102064,344.0,240.0
1100,1000,829,Medium,475,399,254.00501253132833,92.31334542554299,69.37832168024235,438.63170338241434,535.0,437.0
1100,1000,829,High,236,163,336.13496932515335,121.20422085189057,93.72652762137221,578.5434110289345,714.0,484.0
1101,1000,829,Low,289,267,179.42696629213484,43.45394787444289,92.51907054324906,266.33486204102064,344.0,241.0
1101,1000,829,Medium,475,399,254.00501253132833,92.31334542554299,69.37832168024235,438.63170338241434,535.0,438.0
1101,1000,829,High,236,163,336.13496932515335,121.20422085189057,93.72652762137221,578.5434110289345,714.0,485.0
1102,1000,830,Low,289,267,179.42696629213484,43.45394787444289,92.51907054324906,266.33486204102064,344.0,242.0
1102,1000,830,Medium,475,400,254.2775,92.35851738244125,69.5604652351175,438.9945347648825,535.0,439.0
1102,1000,830,High,236,163,336.13496932515335,121.20422085189057,93.72652762137221,578.5434110289345,714.0,486.0
1103,1000,832,Low,289,268,179.49253731343285,43.38577862383426,92.72098006576432,266.2640945611014,344.0,243.0
1103,1000,832,Medium,475,401,254.6059850374065,92.47723700505858,69.65151102728933,439.56045904752364,535.0,440.0
1103,1000,832,High,236,163,336.13496932515335,121.20422085189057,93.72652762137221,578.5434110289345,714.0,487.0
1104,1000,832,Low,289,268,179.49253731343285,43.38577862383426,92.72098006576432,266.2640945611014,344.0,244.0
1104,1000,832,Medium,475,401,254.6059850374065,92.47723700505858,69.65151102728933,439.56045904752364,535.0,441.0
1104,1000,832,High,236,163,336.13496932515335,121.20422085189057,93.72652762137221,578.5434110289345,714.0,488.0
1105,1000,832,Low,289,268,179.49253731343285,43.38577862383426,92.72098006576432,266.2640945611014,344.0,245.0
1105,1000,832,Medium,475,401,254.6059850374065,92.47723700505858,69.65151102728933,439.56045904752364,535.0,442.0
1105,1000,832,High,236,163,336.13496932515335,121.20422085189057,93.72652762137221,578.5434110289345,714.0,489.0
1106,1000,834,Low,289,268,179.49253731343285,43.38577862383426,92.72098006576432,266.2640945611014,344.0,246.0
1106,1000,834,Medium,475,403,254.62531017369727,92.26220505808259,70.1009000575321,439.14972028986244,535.0,443.0
1106,1000,834,High,236,163,336.13496932515335,121.20422085189057,93.72652762137221,578.5434110289345,714.0,490.0
1107,1000,835,Low,289,268,179.49253731343285,43.38577862383426,92.72098006576432,266.2640945611014,344.0,247.0
1107,1000,835,Medium,475,404,255.09405940594058,92.62808080814331,69.83789778965397,440.3502210222272,535.0,438.0
1107,1000,835,High,236,163,336.13496932515335,121.20422085189057,93.72652762137221,578.5434110289345,714.0,491.0
1108,1000,836,Low,289,268,179.49253731343285,43.38577862383426,92.72098006576432,266.2640945611014,344.0,248.0
1108,1000,836,Medium,475,404,255.09405940594058,92.62808080814331,69.83789778965397,440.3502210222272,535.0,439.0
1108,1000,836,High,236,164,335.8414634146341,120.89030362068631,94.0608561732615,577.6220706560067,714.0,492.0
1109,1000,837,Low,289,268,179.49253731343285,43.38577862383426,92.72098006576432,266.2640945611014,344.0,249.0
1109,1000,837,Medium,475,405,254.91358024691357,92.58464116940202,69.74429790810953,440.08286258571763,535.0,440.0
1109,1000,837,High,236,164,335.8414634146341,120.89030362068631,94.0608561732615,577.6220706560067,714.0,493.0
1110,1000,837,Low,289,268,179.49253731343285,43.38577862383426,92.72098006576432,266.2640945611014,344.0,250.0
1110,1000,837,Medium,475,405,254.91358024691357,92.58464116940202,69.74429790810953,440.08286258571763,535.0,441.0
1110,1000,837,High,236,164,335.8414634146341,120.89030362068631,94.0608561732615,577.6220706560067,714.0,494.0
1111,1000,837,Low,289,268,179.49253731343285,43.38577862383426,92.72098006576432,266.2640945611014,344.0,251.0
1111,1000,837,Medium,475,405,254.91358024691357,92.58464116940202,69.74429790810953,440.08286258571763,535.0,442.0
1111,1000,837,High,236,164,335.8414634146341,120.89030362068631,94.0608561732615,577.6220706560067,714.0,495.0
1112,1000,838,Low,289,268,179.49253731343285,43.38577862383426,92.72098006576432,266.2640945611014,344.0,252.0
1112,1000,838,Medium,475,405,254.91358024691357,92.58464116940202,69.74429790810953,440.08286258571763,535.0,443.0
1112,1000,838,High,236,165,336.4727272727273,120.79364401569231,94.88543924134268,578.0600153041119,714.0,496.0
1113,1000,838,Low,289,268,179.49253731343285,43.38577862383426,92.72098006576432,266.2640945611014,344.0,253.0
1113,1000,838,Medium,475,405,254.91358024691357,92.58464116940202,69.74429790810953,440.08286258571763,535.0,444.0
1113,1000,838,High,236,165,336.4727272727273,120.79364401569231,94.88543924134268,578.0600153041119,714.0,497.0
1114,1000,840,Low,289,268,179.49253731343285,43.38577862383426,92.72098006576432,266.2640945611014,344.0,254.0
1114,1000,840,Medium,475,407,254.7862407862408,92.39357348352311,69.99909381919457,439.573387753287,535.0,445.0
1114,1000,840,High,236,165,336.4727272727273,120.79364401569231,94.88543924134268,578.0600153041119,714.0,498.0
1115,1000,841,Low,289,268,179.49253731343285,43.38577862383426,92.72098006576432,266.2640945611014,344.0,255.0
1115,1000,841,Medium,475,407,254.7862407862408,92.39357348352311,69.99909381919457,439.573387753287,535.0,446.0
1115,1000,841,High,236,166,335.83734939759034,120.70496483559418,94.42741972640198,577.2472790687787,714.0,499.0
1116,1000,841,Low,289,268,179.49253731343285,43.38577862383426,92.72098006576432,266.2640945611014,344.0,256.0
1116,1000,841,Medium,475,407,254.7862407862408,92.39357348352311,69.99909381919457,439.573387753287,535.0,447.0
1116,1000,841,High,236,166,335.83734939759034,120.70496483559418,94.42741972640198,577.2472790687787,714.0,500.0
1117,1000,841,Low,289,268,179.49253731343285,43.38577862383426,92.72098006576432,266.2640945611014,344.0,257.0
1117,1000,841,Medium,475,407,254.7862407862408,92.39357348352311,69.99909381919457,439.573387753287,535.0,448.0
1117,1000,841,High,236,166,335.83734939759034,120.70496483559418,94.42741972640198,577.2472790687787,714.0,501.0
1118,1000,842,Low,289,268,179.49253731343285,43.38577862383426,92.72098006576432,266.2640945611014,344.0,258.0
1118,1000,842,Medium,475,407,254.7862407862408,92.39357348352311,69.99909381919457,439.573387753287,535.0,449.0
1118,1000,842,High,236,167,335.01197604790417,120.81260945240035,93.38675714310347,576.6371949527049,714.0,502.0
1119,1000,844,Low,289,269,179.3457249070632,43.37165177337503,92.60242136031313,266.0890284538132,344.0,259.0
1119,1000,844,Medium,475,408,254.74264705882354,92.28419913601068,70.17424878680217,439.3110453308449,535.0,450.0
1119,1000,844,High,236,167,335.01197604790417,120.81260945240035,93.38675714310347,576.6371949527049,714.0,503.0
1120,1000,844,Low,289,269,179.3457249070632,43.37165177337503,92.60242136031313,266.0890284538132,344.0,260.0
1120,1000,844,Medium,475,408,254.74264705882354,92.28419913601068,70.17424878680217,439.3110453308449,535.0,451.0
1120,1000,844,High,236,167,335.01197604790417,120.81260945240035,93.38675714310347,576.6371949527049,714.0,504.0
1121,1000,844,Low,289,269,179.3457249070632,43.37165177337503,92.60242136031313,266.0890284538132,344.0,261.0
1121,1000,844,Medium,475,408,254.74264705882354,92.28419913601068,70.17424878680217,439.3110453308449,535.0,452.0
1121,1000,844,High,236,167,335.01197604790417,120.81260945240035,93.38675714310347,576.6371949527049,714.0,505.0
1122,1000,844,Low,289,269,179.3457249070632,43.37165177337503,92.60242136031313,266.0890284538132,344.0,262.0
1122,1000,844,Medium,475,408,254.74264705882354,92.28419913601068,70.17424878680217,439.3110453308449,535.0,453.0
1122,1000,844,High,236,167,335.01197604790417,120.81260945240035,93.38675714310347,576.6371949527049,714.0,506.0
1123,1000,844,Low,289,269,179.3457249070632,43.37165177337503,92.60242136031313,266.0890284538132,344.0,263.0
1123,1000,844,Medium,475,408,254.74264705882354,92.28419913601068,70.17424878680217,439.3110453308449,535.0,454.0
1123,1000,844,High,236,167,335.01197604790417,120.81260945240035,93.38675714310347,576.6371949527049,714.0,507.0
1124,1000,844,Low,289,269,179.3457249070632,43.37165177337503,92.60242136031313,266.0890284538132,344.0,264.0
1124,1000,844,Medium,475,408,254.74264705882354,92.28419913601068,70.17424878680217,439.3110453308449,535.0,455.0
1124,1000,844,High,236,167,335.01197604790417,120.81260945240035,93.38675714310347,576.6371949527049,714.0,508.0
1125,1000,845,Low,289,269,179.3457249070632,43.37165177337503,92.60242136031313,266.0890284538132,344.0,265.0
1125,1000,845,Medium,475,409,254.58190709046454,92.22834389135654,70.12521930775145,439.03859487317766,535.0,456.0
1125,1000,845,High,236,167,335.01197604790417,120.81260945240035,93.38675714310347,576.6371949527049,714.0,509.0
1126,1000,847,Low,289,270,179.35185185185185,43.29107732246974,92.76969720691237,265.9340064967913,344.0,266.0
1126,1000,847,Medium,475,410,254.45853658536586,92.14939230141817,70.15975198252951,438.75732118820224,535.0,457.0
1126,1000,847,High,236,167,335.01197604790417,120.81260945240035,93.38675714310347,576.6371949527049,714.0,510.0
1127,1000,848,Low,289,271,179.67527675276753,43.5376135531635,92.60004964644052,266.7505038590945,344.0,186.0
1127,1000,848,Medium,475,410,254.45853658536586,92.14939230141817,70.15975198252951,438.75732118820224,535.0,458.0
1127,1000,848,High,236,167,335.01197604790417,120.81260945240035,93.38675714310347,576.6371949527049,714.0,511.0
1128,1000,851,Low,289,272,179.6691176470588,43.45733032948737,92.75445698808407,266.58377830603354,344.0,187.0
1128,1000,851,Medium,475,411,254.21654501216545,92.16760617502194,69.88133266212157,438.55175736220934,535.0,459.0
1128,1000,851,High,236,168,334.17857142857144,120.93375835276196,92.31105472304753,576.0460881340954,714.0,512.0
1129,1000,851,Low,289,272,179.6691176470588,43.45733032948737,92.75445698808407,266.58377830603354,344.0,188.0
1129,1000,851,Medium,475,411,254.21654501216545,92.16760617502194,69.88133266212157,438.55175736220934,535.0,460.0
1129,1000,851,High,236,168,334.17857142857144,120.93375835276196,92.31105472304753,576.0460881340954,714.0,513.0
1130,1000,852,Low,289,272,179.6691176470588,43.45733032948737,92.75445698808407,266.58377830603354,344.0,189.0
1130,1000,852,Medium,475,411,254.21654501216545,92.16760617502194,69.88133266212157,438.55175736220934,535.0,461.0
1130,1000,852,High,236,169,335.2426035502959,121.36414738040085,92.51430878949418,577.9708983110976,714.0,477.0
1131,1000,855,Low,289,273,179.5018315018315,43.465344929823836,92.57114164218383,266.4325213614792,344.0,190.0
1131,1000,855,Medium,475,413,254.37046004842614,91.97279989969743,70.42486024903127,438.316059847821,535.0,462.0
1131,1000,855,High,236,169,335.2426035502959,121.36414738040085,92.51430878949418,577.9708983110976,714.0,478.0
1132,1000,855,Low,289,273,179.5018315018315,43.465344929823836,92.57114164218383,266.4325213614792,344.0,191.0
1132,1000,855,Medium,475,413,254.37046004842614,91.97279989969743,70.42486024903127,438.316059847821,535.0,463.0
1132,1000,855,High,236,169,335.2426035502959,121.36414738040085,92.51430878949418,577.9708983110976,714.0,479.0
1133,1000,856,Low,289,274,179.36496350364965,43.4447779522159,92.47540759921785,266.2545194080815,344.0,192.0
1133,1000,856,Medium,475,413,254.37046004842614,91.97279989969743,70.42486024903127,438.316059847821,535.0,464.0
1133,1000,856,High,236,169,335.2426035502959,121.36414738040085,92.51430878949418,577.9708983110976,714.0,480.0
1134,1000,856,Low,289,274,179.36496350364965,43.4447779522159,92.47540759921785,266.2545194080815,344.0,193.0
1134,1000,856,Medium,475,413,254.37046004842614,91.97279989969743,70.42486024903127,438.316059847821,535.0,465.0
1134,1000,856,High,236,169,335.2426035502959,121.36414738040085,92.51430878949418,577.9708983110976,714.0,481.0
1135,1000,856,Low,289,274,179.36496350364965,43.4447779522159,92.47540759921785,266.2545194080815,344.0,194.0
1135,1000,856,Medium,475,413,254.37046004842614,91.97279989969743,70.42486024903127,438.316059847821,535.0,466.0
1135,1000,856,High,236,169,335.2426035502959,121.36414738040085,92.51430878949418,577.9708983110976,714.0,482.0
1136,1000,858,Low,289,274,179.36496350364965,43.4447779522159,92.47540759921785,266.2545194080815,344.0,195.0
1136,1000,858,Medium,475,415,254.90843373493976,92.09400417523834,70.72042538446308,439.09644208541647,535.0,467.0
1136,1000,858,High,236,169,335.2426035502959,121.36414738040085,92.51430878949418,577.9708983110976,714.0,483.0
1137,1000,858,Low,289,274,179.36496350364965,43.4447779522159,92.47540759921785,266.2545194080815,344.0,196.0
1137,1000,858,Medium,475,415,254.90843373493976,92.09400417523834,70.72042538446308,439.09644208541647,535.0,468.0
1137,1000,858,High,236,169,335.2426035502959,121.36414738040085,92.51430878949418,577.9708983110976,714.0,484.0
1138,1000,858,Low,289,274,179.36496350364965,43.4447779522159,92.47540759921785,266.2545194080815,344.0,197.0
1138,1000,858,Medium,475,415,254.90843373493976,92.09400417523834,70.72042538446308,439.09644208541647,535.0,469.0
1138,1000,858,High,236,169,335.2426035502959,121.36414738040085,92.51430878949418,577.9708983110976,714.0,485.0
1139,1000,858,Low,289,274,179.36496350364965,43.4447779522159,92.47540759921785,266.2545194080815,344.0,198.0
1139,1000,858,Medium,475,415,254.90843373493976,92.09400417523834,70.72042538446308,439.09644208541647,535.0,470.0
1139,1000,858,High,236,169,335.2426035502959,121.36414738040085,92.51430878949418,577.9708983110976,714.0,486.0
1140,1000,859,Low,289,275,179.28,43.388309502213325,92.50338099557335,266.05661900442664,344.0,199.0
1140,1000,859,Medium,475,415,254.90843373493976,92.09400417523834,70.72042538446308,439.09644208541647,535.0,471.0
1140,1000,859,High,236,169,335.2426035502959,121.36414738040085,92.51430878949418,577.9708983110976,714.0,487.0
1141,1000,859,Low,289,275,179.28,43.388309502213325,92.50338099557335,266.05661900442664,344.0,200.0
1141,1000,859,Medium,475,415,254.90843373493976,92.09400417523834,70.72042538446308,439.09644208541647,535.0,472.0
1141,1000,859,High,236,169,335.2426035502959,121.36414738040085,92.51430878949418,577.9708983110976,714.0,488.0
1142,1000,859,Low,289,275,179.28,43.388309502213325,92.50338099557335,266.05661900442664,344.0,201.0
1142,1000,859,Medium,475,415,254.90843373493976,92.09400417523834,70.72042538446308,439.09644208541647,535.0,473.0
1142,1000,859,High,236,169,335.2426035502959,121.36414738040085,92.51430878949418,577.9708983110976,714.0,489.0
1143,1000,859,Low,289,275,179.28,43.388309502213325,92.50338099557335,266.05661900442664,344.0,202.0
1143,1000,859,Medium,475,415,254.90843373493976,92.09400417523834,70.72042538446308,439.09644208541647,535.0,474.0
1143,1000,859,High,236,169,335.2426035502959,121.36414738040085,92.51430878949418,577.9708983110976,714.0,490.0
1144,1000,860,Low,289,276,179.27173913043478,43.30956726406751,92.65260460229976,265.89087365856983,344.0,203.0
1144,1000,860,Medium,475,415,254.90843373493976,92.09400417523834,70.72042538446308,439.09644208541647,535.0,475.0
1144,1000,860,High,236,169,335.2426035502959,121.36414738040085,92.51430878949418,577.9708983110976,714.0,491.0
1145,1000,862,Low,289,276,179.27173913043478,43.30956726406751,92.65260460229976,265.89087365856983,344.0,204.0
1145,1000,862,Medium,475,416,254.77403846153845,92.02381514200593,70.7264081775266,438.8216687455503,535.0,476.0
1145,1000,862,High,236,170,335.6,121.09424174838121,93.4115165032376,577.7884834967624,714.0,492.0
1146,1000,863,Low,289,276,179.27173913043478,43.30956726406751,92.65260460229976,265.89087365856983,344.0,205.0
1146,1000,863,Medium,475,417,254.8872901678657,91.94223341417825,71.0028233395092,438.77175699622217,535.0,477.0
1146,1000,863,High,236,170,335.6,121.09424174838121,93.4115165032376,577.7884834967624,714.0,493.0
1147,1000,863,Low,289,276,179.27173913043478,43.30956726406751,92.65260460229976,265.89087365856983,344.0,206.0
1147,1000,863,Medium,475,417,254.8872901678657,91.94223341417825,71.0028233395092,438.77175699622217,535.0,478.0
1147,1000,863,High,236,170,335.6,121.09424174838121,93.4115165032376,577.7884834967624,714.0,494.0
1148,1000,863,Low,289,276,179.27173913043478,43.30956726406751,92.65260460229976,265.89087365856983,344.0,207.0
1148,1000,863,Medium,475,417,254.8872901678657,91.94223341417825,71.0028233395092,438.77175699622217,535.0,479.0
1148,1000,863,High,236,170,335.6,121.09424174838121,93.4115165032376,577.7884834967624,714.0,495.0
1149,1000,863,Low,289,276,179.27173913043478,43.30956726406751,92.65260460229976,265.89087365856983,344.0,208.0
1149,1000,863,Medium,475,417,254.8872901678657,91.94223341417825,71.0028233395092,438.77175699622217,535.0,480.0
1149,1000,863,High,236,170,335.6,121.09424174838121,93.4115165032376,577.7884834967624,714.0,496.0
1150,1000,863,Low,289,276,179.27173913043478,43.30956726406751,92.65260460229976,265.89087365856983,344.0,209.0
1150,1000,863,Medium,475,417,254.8872901678657,91.94223341417825,71.0028233395092,438.77175699622217,535.0,481.0
1150,1000,863,High,236,170,335.6,121.09424174838121,93.4115165032376,577.7884834967624,714.0,497.0
1151,1000,868,Low,289,277,179.3826714801444,43.27044364040351,92.84178419933738,265.92355876095144,344.0,197.0
1151,1000,868,Medium,475,419,254.854415274463,91.96832353743578,70.91776819959145,438.79106234933454,535.0,482.0
1151,1000,868,High,236,172,336.0406976744186,120.60783472064172,94.82502823313516,577.256367115702,714.0,498.0
1152,1000,869,Low,289,277,179.3826714801444,43.27044364040351,92.84178419933738,265.92355876095144,344.0,198.0
1152,1000,869,Medium,475,419,254.854415274463,91.96832353743578,70.91776819959145,438.79106234933454,535.0,483.0
1152,1000,869,High,236,173,335.80924855491327,120.2952449620456,95.21875863082207,576.3997384790044,714.0,499.0
1153,1000,871,Low,289,279,179.44802867383513,43.124922955442415,93.1981827629503,265.69787458471995,344.0,199.0
1153,1000,871,Medium,475,419,254.854415274463,91.96832353743578,70.91776819959145,438.79106234933454,535.0,484.0
1153,1000,871,High,236,173,335.80924855491327,120.2952449620456,95.21875863082207,576.3997384790044,714.0,500.0
1154,1000,871,Low,289,279,179.44802867383513,43.124922955442415,93.1981827629503,265.69787458471995,344.0,200.0
1154,1000,871,Medium,475,419,254.854415274463,91.96832353743578,70.91776819959145,438.79106234933454,535.0,485.0
1154,1000,871,High,236,173,335.80924855491327,120.2952449620456,95.21875863082207,576.3997384790044,714.0,501.0
1155,1000,871,Low,289,279,179.44802867383513,43.124922955442415,93.1981827629503,265.69787458471995,344.0,201.0
1155,1000,871,Medium,475,419,254.854415274463,91.96832353743578,70.91776819959145,438.79106234933454,535.0,486.0
1155,1000,871,High,236,173,335.80924855491327,120.2952449620456,95.21875863082207,576.3997384790044,714.0,502.0
1156,1000,872,Low,289,279,179.44802867383513,43.124922955442415,93.1981827629503,265.69787458471995,344.0,202.0
1156,1000,872,Medium,475,419,254.854415274463,91.96832353743578,70.91776819959145,438.79106234933454,535.0,487.0
1156,1000,872,High,236,174,335.68390804597703,119.95846137857554,95.76698528882596,575.6008308031281,714.0,503.0
1157,1000,873,Low,289,279,179.44802867383513,43.124922955442415,93.1981827629503,265.69787458471995,344.0,203.0
1157,1000,873,Medium,475,419,254.854415274463,91.96832353743578,70.91776819959145,438.79106234933454,535.0,488.0
1157,1000,873,High,236,175,336.18285714285713,119.79523114708248,96.59239484869218,575.7733194370221,714.0,504.0
1158,1000,874,Low,289,279,179.44802867383513,43.124922955442415,93.1981827629503,265.69787458471995,344.0,204.0
1158,1000,874,Medium,475,419,254.854415274463,91.96832353743578,70.91776819959145,438.79106234933454,535.0,489.0
1158,1000,874,High,236,176,336.09090909090907,119.45869687779232,97.17351533532442,575.0083028464937,714.0,505.0
1159,1000,875,Low,289,280,179.4,43.055070178787965,93.28985964242408,265.51014035757595,344.0,205.0
1159,1000,875,Medium,475,419,254.854415274463,91.96832353743578,70.91776819959145,438.79106234933454,535.0,490.0
1159,1000,875,High,236,176,336.09090909090907,119.45869687779232,97.17351533532442,575.0083028464937,714.0,506.0
1160,1000,876,Low,289,280,179.4,43.055070178787965,93.28985964242408,265.51014035757595,344.0,206.0
1160,1000,876,Medium,475,420,254.94761904761904,91.87836786312137,71.1908833213763,438.7043547738618,535.0,491.0
1160,1000,876,High,236,176,336.09090909090907,119.45869687779232,97.17351533532442,575.0083028464937,714.0,507.0
1161,1000,876,Low,289,280,179.4,43.055070178787965,93.28985964242408,265.51014035757595,344.0,207.0
1161,1000,876,Medium,475,420,254.94761904761904,91.87836786312137,71.1908833213763,438.7043547738618,535.0,492.0
1161,1000,876,High,236,176,336.09090909090907,119.45869687779232,97.17351533532442,575.0083028464937,714.0,508.0
1162,1000,877,Low,289,280,179.4,43.055070178787965,93.28985964242408,265.51014035757595,344.0,208.0
1162,1000,877,Medium,475,420,254.94761904761904,91.87836786312137,71.1908833213763,438.7043547738618,535.0,493.0
1162,1000,877,High,236,177,336.24858757062145,119.13731244552945,97.97396267956256,574.5232124616804,714.0,509.0
1163,1000,878,Low,289,281,179.34519572953738,42.98793501895267,93.36932569163204,265.32106576744275,344.0,209.0
1163,1000,878,Medium,475,420,254.94761904761904,91.87836786312137,71.1908833213763,438.7043547738618,535.0,494.0
1163,1000,878,High,236,177,336.24858757062145,119.13731244552945,97.97396267956256,574.5232124616804,714.0,510.0
1164,1000,880,Low,289,281,179.34519572953738,42.98793501895267,93.36932569163204,265.32106576744275,344.0,210.0
1164,1000,880,Medium,475,422,254.8175355450237,91.67946006187785,71.45861542126801,438.1764556687794,535.0,495.0
1164,1000,880,High,236,177,336.24858757062145,119.13731244552945,97.97396267956256,574.5232124616804,714.0,511.0
1165,1000,880,Low,289,281,179.34519572953738,42.98793501895267,93.36932569163204,265.32106576744275,344.0,211.0
1165,1000,880,Medium,475,422,254.8175355450237,91.67946006187785,71.45861542126801,438.1764556687794,535.0,496.0
1165,1000,880,High,236,177,336.24858757062145,119.13731244552945,97.97396267956256,574.5232124616804,714.0,512.0
1166,1000,880,Low,289,281,179.34519572953738,42.98793501895267,93.36932569163204,265.32106576744275,344.0,212.0
1166,1000,880,Medium,475,422,254.8175355450237,91.67946006187785,71.45861542126801,438.1764556687794,535.0,497.0
1166,1000,880,High,236,177,336.24858757062145,119.13731244552945,97.97396267956256,574.5232124616804,714.0,513.0
1167,1000,883,Low,289,282,179.4468085106383,42.9452892916141,93.5562299274101,265.3373870938665,344.0,213.0
1167,1000,883,Medium,475,424,255.04245283018867,91.78666852946412,71.46911577126042,438.6157898891169,535.0,498.0
1167,1000,883,High,236,177,336.24858757062145,119.13731244552945,97.97396267956256,574.5232124616804,714.0,514.0
1168,1000,885,Low,289,282,179.4468085106383,42.9452892916141,93.5562299274101,265.3373870938665,344.0,214.0
1168,1000,885,Medium,475,425,255.24705882352941,91.77534942116127,71.69635998120688,438.7977576658519,535.0,499.0
1168,1000,885,High,236,178,336.25280898876406,118.80030302029837,98.65220294816731,573.8534150293608,714.0,515.0
1169,1000,885,Low,289,282,179.4468085106383,42.9452892916141,93.5562299274101,265.3373870938665,344.0,215.0
1169,1000,885,Medium,475,425,255.24705882352941,91.77534942116127,71.69635998120688,438.7977576658519,535.0,500.0
1169,1000,885,High,236,178,336.25280898876406,118.80030302029837,98.65220294816731,573.8534150293608,714.0,516.0
1170,1000,887,Low,289,283,179.57243816254416,42.921140991757014,93.73015617903013,265.4147201460582,344.0,216.0
1170,1000,887,Medium,475,426,255.55164319248826,91.88262799194048,71.7863872086073,439.31689917636925,535.0,501.0
1170,1000,887,High,236,178,336.25280898876406,118.80030302029837,98.65220294816731,573.8534150293608,714.0,517.0
1171,1000,888,Low,289,283,179.57243816254416,42.921140991757014,93.73015617903013,265.4147201460582,344.0,217.0
1171,1000,888,Medium,475,426,255.55164319248826,91.88262799194048,71.7863872086073,439.31689917636925,535.0,502.0
1171,1000,888,High,236,179,336.7262569832402,118.63534883031657,99.45555932260706,573.9969546438733,714.0,518.0
1172,1000,889,Low,289,283,179.57243816254416,42.921140991757014,93.73015617903013,265.4147201460582,344.0,218.0
1172,1000,889,Medium,475,426,255.55164319248826,91.88262799194048,71.7863872086073,439.31689917636925,535.0,503.0
1172,1000,889,High,236,180,337.45,118.70131874846926,100.04736250306146,574.8526374969385,714.0,519.0
1173,1000,891,Low,289,283,179.57243816254416,42.921140991757014,93.73015617903013,265.4147201460582,344.0,219.0
1173,1000,891,Medium,475,427,255.70023419203747,91.82607091896347,72.04809235411054,439.3523760299644,535.0,504.0
1173,1000,891,High,236,181,336.5524861878453,118.9854041324494,98.58167792294651,574.5232944527442,714.0,520.0
1174,1000,894,Low,289,283,179.57243816254416,42.921140991757014,93.73015617903013,265.4147201460582,344.0,220.0
1174,1000,894,Medium,475,429,255.86480186480188,91.86789782464821,72.12900621550546,439.6005975140983,535.0,505.0
1174,1000,894,High,236,182,337.14835164835165,118.92824789106747,99.29185586621671,575.0048474304866,714.0,521.0
1175,1000,895,Low,289,283,179.57243816254416,42.921140991757014,93.73015617903013,265.4147201460582,344.0,221.0
1175,1000,895,Medium,475,429,255.86480186480188,91.86789782464821,72.12900621550546,439.6005975140983,535.0,506.0
1175,1000,895,High,236,183,337.6502732240437,118.79527170554925,100.05972981294519,575.2408166351422,714.0,522.0
1176,1000,895,Low,289,283,179.57243816254416,42.921140991757014,93.73015617903013,265.4147201460582,344.0,222.0
1176,1000,895,Medium,475,429,255.86480186480188,91.86789782464821,72.12900621550546,439.6005975140983,535.0,507.0
1176,1000,895,High,236,183,337.6502732240437,118.79527170554925,100.05972981294519,575.2408166351422,714.0,523.0
1177,1000,898,Low,289,283,179.57243816254416,42.921140991757014,93.73015617903013,265.4147201460582,344.0,223.0
1177,1000,898,Medium,475,431,255.79350348027842,91.72464635197429,72.34421077632985,439.242796184227,535.0,508.0
1177,1000,898,High,236,184,337.66847826086956,118.47050720518199,100.72746385050559,574.6094926712335,714.0,524.0
1178,1000,900,Low,289,283,179.57243816254416,42.921140991757014,93.73015617903013,265.4147201460582,344.0,224.0
1178,1000,900,Medium,475,432,255.7060185185185,91.63621793271075,72.433582653097,438.97845438394,535.0,509.0
1178,1000,900,High,236,185,338.68108108108106,118.94820264244596,100.78467579618913,576.577486365973,714.0,507.0
1179,1000,903,Low,289,283,179.57243816254416,42.921140991757014,93.73015617903013,265.4147201460582,344.0,225.0
1179,1000,903,Medium,475,433,255.94919168591224,91.66985956834606,72.60947254922013,439.28891082260435,535.0,510.0
1179,1000,903,High,236,187,338.88770053475935,118.39642362622165,102.09485328231605,575.6805477872026,714.0,508.0
1180,1000,903,Low,289,283,179.57243816254416,42.921140991757014,93.73015617903013,265.4147201460582,344.0,226.0
1180,1000,903,Medium,475,433,255.94919168591224,91.66985956834606,72.60947254922013,439.28891082260435,535.0,511.0
1180,1000,903,High,236,187,338.88770053475935,118.39642362622165,102.09485328231605,575.6805477872026,714.0,509.0
1181,1000,906,Low,289,283,179.57243816254416,42.921140991757014,93.73015617903013,265.4147201460582,344.0,227.0
1181,1000,906,Medium,475,436,256.4288990825688,91.66539346081174,73.09811216094533,439.7596860041923,535.0,512.0
1181,1000,906,High,236,187,338.88770053475935,118.39642362622165,102.09485328231605,575.6805477872026,714.0,510.0
1182,1000,906,Low,289,283,179.57243816254416,42.921140991757014,93.73015617903013,265.4147201460582,344.0,228.0
1182,1000,906,Medium,475,436,256.4288990825688,91.66539346081174,73.09811216094533,439.7596860041923,535.0,513.0
1182,1000,906,High,236,187,338.88770053475935,118.39642362622165,102.09485328231605,575.6805477872026,714.0,511.0
1183,1000,907,Low,289,283,179.57243816254416,42.921140991757014,93.73015617903013,265.4147201460582,344.0,229.0
1183,1000,907,Medium,475,437,257.0183066361556,92.3855336081452,72.24723941986522,441.78937385244603,535.0,447.0
1183,1000,907,High,236,187,338.88770053475935,118.39642362622165,102.09485328231605,575.6805477872026,714.0,512.0
1184,1000,907,Low,289,283,179.57243816254416,42.921140991757014,93.73015617903013,265.4147201460582,344.0,230.0
1184,1000,907,Medium,475,437,257.0183066361556,92.3855336081452,72.24723941986522,441.78937385244603,535.0,448.0
1184,1000,907,High,236,187,338.88770053475935,118.39642362622165,102.09485328231605,575.6805477872026,714.0,513.0
1185,1000,907,Low,289,283,179.57243816254416,42.921140991757014,93.73015617903013,265.4147201460582,344.0,231.0
1185,1000,907,Medium,475,437,257.0183066361556,92.3855336081452,72.24723941986522,441.78937385244603,535.0,449.0
1185,1000,907,High,236,187,338.88770053475935,118.39642362622165,102.09485328231605,575.6805477872026,714.0,514.0
1186,1000,908,Low,289,283,179.57243816254416,42.921140991757014,93.73015617903013,265.4147201460582,344.0,232.0
1186,1000,908,Medium,475,438,256.98858447488584,92.28186528863405,72.42485389761774,441.552315052154,535.0,450.0
1186,1000,908,High,236,187,338.88770053475935,118.39642362622165,102.09485328231605,575.6805477872026,714.0,515.0
1187,1000,908,Low,289,283,179.57243816254416,42.921140991757014,93.73015617903013,265.4147201460582,344.0,233.0
1187,1000,908,Medium,475,438,256.98858447488584,92.28186528863405,72.42485389761774,441.552315052154,535.0,451.0
1187,1000,908,High,236,187,338.88770053475935,118.39642362622165,102.09485328231605,575.6805477872026,714.0,516.0
1188,1000,908,Low,289,283,179.57243816254416,42.921140991757014,93.73015617903013,265.4147201460582,344.0,234.0
1188,1000,908,Medium,475,438,256.98858447488584,92.28186528863405,72.42485389761774,441.552315052154,535.0,452.0
1188,1000,908,High,236,187,338.88770053475935,118.39642362622165,102.09485328231605,575.6805477872026,714.0,517.0
1189,1000,909,Low,289,284,179.7605633802817,42.962376436607585,93.83581050706653,265.68531625349686,344.0,235.0
1189,1000,909,Medium,475,438,256.98858447488584,92.28186528863405,72.42485389761774,441.552315052154,535.0,453.0
1189,1000,909,High,236,187,338.88770053475935,118.39642362622165,102.09485328231605,575.6805477872026,714.0,518.0
1190,1000,909,Low,289,284,179.7605633802817,42.962376436607585,93.83581050706653,265.68531625349686,344.0,236.0
1190,1000,909,Medium,475,438,256.98858447488584,92.28186528863405,72.42485389761774,441.552315052154,535.0,454.0
1190,1000,909,High,236,187,338.88770053475935,118.39642362622165,102.09485328231605,575.6805477872026,714.0,519.0
1191,1000,910,Low,289,284,179.7605633802817,42.962376436607585,93.83581050706653,265.68531625349686,344.0,237.0
1191,1000,910,Medium,475,439,256.8633257403189,92.2138149638802,72.43569581255849,441.2909556680793,535.0,455.0
1191,1000,910,High,236,187,338.88770053475935,118.39642362622165,102.09485328231605,575.6805477872026,714.0,520.0
1192,1000,910,Low,289,284,179.7605633802817,42.962376436607585,93.83581050706653,265.68531625349686,344.0,238.0
1192,1000,910,Medium,475,439,256.8633257403189,92.2138149638802,72.43569581255849,441.2909556680793,535.0,456.0
1192,1000,910,High,236,187,338.88770053475935,118.39642362622165,102.09485328231605,575.6805477872026,714.0,521.0
1193,1000,910,Low,289,284,179.7605633802817,42.962376436607585,93.83581050706653,265.68531625349686,344.0,239.0
1193,1000,910,Medium,475,439,256.8633257403189,92.2138149638802,72.43569581255849,441.2909556680793,535.0,457.0
1193,1000,910,High,236,187,338.88770053475935,118.39642362622165,102.09485328231605,575.6805477872026,714.0,522.0
1194,1000,911,Low,289,284,179.7605633802817,42.962376436607585,93.83581050706653,265.68531625349686,344.0,240.0
1194,1000,911,Medium,475,440,257.32045454545454,92.60649617704618,72.10746219136217,442.5334468995469,535.0,422.0
1194,1000,911,High,236,187,338.88770053475935,118.39642362622165,102.09485328231605,575.6805477872026,714.0,523.0
1195,1000,912,Low,289,285,179.84912280701755,42.9127230993943,94.02367660822895,265.6745690058061,344.0,241.0
1195,1000,912,Medium,475,440,257.32045454545454,92.60649617704618,72.10746219136217,442.5334468995469,535.0,423.0
1195,1000,912,High,236,187,338.88770053475935,118.39642362622165,102.09485328231605,575.6805477872026,714.0,524.0
1196,1000,912,Low,289,285,179.84912280701755,42.9127230993943,94.02367660822895,265.6745690058061,344.0,242.0
1196,1000,912,Medium,475,440,257.32045454545454,92.60649617704618,72.10746219136217,442.5334468995469,535.0,424.0
1196,1000,912,High,236,187,338.88770053475935,118.39642362622165,102.09485328231605,575.6805477872026,714.0,525.0
1197,1000,913,Low,289,285,179.84912280701755,42.9127230993943,94.02367660822895,265.6745690058061,344.0,243.0
1197,1000,913,Medium,475,440,257.32045454545454,92.60649617704618,72.10746219136217,442.5334468995469,535.0,425.0
1197,1000,913,High,236,188,339.6223404255319,118.50829042436632,102.60575957679924,576.6389212742645,714.0,526.0
1198,1000,914,Low,289,285,179.84912280701755,42.9127230993943,94.02367660822895,265.6745690058061,344.0,244.0
1198,1000,914,Medium,475,440,257.32045454545454,92.60649617704618,72.10746219136217,442.5334468995469,535.0,426.0
1198,1000,914,High,236,189,340.3121693121693,118.57255122629186,103.16706685958559,577.457271764753,714.0,527.0
1199,1000,914,Low,289,285,179.84912280701755,42.9127230993943,94.02367660822895,265.6745690058061,344.0,245.0
1199,1000,914,Medium,475,440,257.32045454545454,92.60649617704618,72.10746219136217,442.5334468995469,535.0,427.0
1199,1000,914,High,236,189,340.3121693121693,118.57255122629186,103.16706685958559,577.457271764753,714.0,528.0
1200,1000,915,Low,289,285,179.84912280701755,42.9127230993943,94.02367660822895,265.6745690058061,344.0,246.0
1200,1000,915,Medium,475,441,257.4557823129252,92.54484647204471,72.36608936883576,442.5454752570146,535.0,428.0
1200,1000,915,High,236,189,340.3121693121693,118.57255122629186,103.16706685958559,577.457271764753,714.0,529.0
1201,1000,917,Low,289,286,179.95104895104896,42.87203786239684,94.20697322625529,265.69512467584264,344.0,247.0
1201,1000,917,Medium,475,442,257.66968325791856,92.54918130862734,72.57132064066388,442.76804587517324,535.0,429.0
1201,1000,917,High,236,189,340.3121693121693,118.57255122629186,103.16706685958559,577.457271764753,714.0,530.0
1202,1000,918,Low,289,286,179.95104895104896,42.87203786239684,94.20697322625529,265.69512467584264,344.0,248.0
1202,1000,918,Medium,475,443,258.01354401805867,92.72730319232313,72.5589376334124,443.46815040270496,535.0,430.0
1202,1000,918,High,236,189,340.3121693121693,118.57255122629186,103.16706685958559,577.457271764753,714.0,531.0
1203,1000,919,Low,289,287,180.16376306620208,42.94846900630596,94.26682505359015,266.060701078814,344.0,249.0
1203,1000,919,Medium,475,443,258.01354401805867,92.72730319232313,72.5589376334124,443.46815040270496,535.0,431.0
1203,1000,919,High,236,189,340.3121693121693,118.57255122629186,103.16706685958559,577.457271764753,714.0,532.0
1204,1000,920,Low,289,287,180.16376306620208,42.94846900630596,94.26682505359015,266.060701078814,344.0,250.0
1204,1000,920,Medium,475,444,258.06081081081084,92.62794041549503,72.80492997982077,443.3166916418009,535.0,432.0
1204,1000,920,High,236,189,340.3121693121693,118.57255122629186,103.16706685958559,577.457271764753,714.0,533.0
1205,1000,920,Low,289,287,180.16376306620208,42.94846900630596,94.26682505359015,266.060701078814,344.0,251.0
1205,1000,920,Medium,475,444,258.06081081081084,92.62794041549503,72.80492997982077,443.3166916418009,535.0,433.0
1205,1000,920,High,236,189,340.3121693121693,118.57255122629186,103.16706685958559,577.457271764753,714.0,534.0
1206,1000,921,Low,289,287,180.16376306620208,42.94846900630596,94.26682505359015,266.060701078814,344.0,252.0
1206,1000,921,Medium,475,445,257.9820224719101,92.53849766423946,72.9050271434312,443.05901780038903,535.0,434.0
1206,1000,921,High,236,189,340.3121693121693,118.57255122629186,103.16706685958559,577.457271764753,714.0,535.0
1207,1000,922,Low,289,287,180.16376306620208,42.94846900630596,94.26682505359015,266.060701078814,344.0,253.0
1207,1000,922,Medium,475,446,258.0807174887892,92.45796000843983,73.16479747190957,442.9966375056689,535.0,435.0
1207,1000,922,High,236,189,340.3121693121693,118.57255122629186,103.16706685958559,577.457271764753,714.0,536.0
1208,1000,922,Low,289,287,180.16376306620208,42.94846900630596,94.26682505359015,266.060701078814,344.0,254.0
1208,1000,922,Medium,475,446,258.0807174887892,92.45796000843983,73.16479747190957,442.9966375056689,535.0,436.0
1208,1000,922,High,236,189,340.3121693121693,118.57255122629186,103.16706685958559,577.457271764753,714.0,537.0
1209,1000,922,Low,289,287,180.16376306620208,42.94846900630596,94.26682505359015,266.060701078814,344.0,255.0
1209,1000,922,Medium,475,446,258.0807174887892,92.45796000843983,73.16479747190957,442.9966375056689,535.0,437.0
1209,1000,922,High,236,189,340.3121693121693,118.57255122629186,103.16706685958559,577.457271764753,714.0,538.0
1210,1000,922,Low,289,287,180.16376306620208,42.94846900630596,94.26682505359015,266.060701078814,344.0,256.0
1210,1000,922,Medium,475,446,258.0807174887892,92.45796000843983,73.16479747190957,442.9966375056689,535.0,438.0
1210,1000,922,High,236,189,340.3121693121693,118.57255122629186,103.16706685958559,577.457271764753,714.0,539.0
1211,1000,923,Low,289,287,180.16376306620208,42.94846900630596,94.26682505359015,266.060701078814,344.0,257.0
1211,1000,923,Medium,475,447,258.12080536912754,92.35813841825394,73.40452853261965,442.8370822056354,535.0,439.0
1211,1000,923,High,236,189,340.3121693121693,118.57255122629186,103.16706685958559,577.457271764753,714.0,540.0
1212,1000,923,Low,289,287,180.16376306620208,42.94846900630596,94.26682505359015,266.060701078814,344.0,258.0
1212,1000,923,Medium,475,447,258.12080536912754,92.35813841825394,73.40452853261965,442.8370822056354,535.0,440.0
1212,1000,923,High,236,189,340.3121693121693,118.57255122629186,103.16706685958559,577.457271764753,714.0,541.0
1213,1000,924,Low,289,287,180.16376306620208,42.94846900630596,94.26682505359015,266.060701078814,344.0,259.0
1213,1000,924,Medium,475,448,258.20535714285717,92.27212825963989,73.6611006235774,442.74961366213694,535.0,441.0
1213,1000,924,High,236,189,340.3121693121693,118.57255122629186,103.16706685958559,577.457271764753,714.0,542.0
1214,1000,924,Low,289,287,180.16376306620208,42.94846900630596,94.26682505359015,266.060701078814,344.0,260.0
1214,1000,924,Medium,475,448,258.20535714285717,92.27212825963989,73.6611006235774,442.74961366213694,535.0,442.0
1214,1000,924,High,236,189,340.3121693121693,118.57255122629186,103.16706685958559,577.457271764753,714.0,543.0
1215,1000,924,Low,289,287,180.16376306620208,42.94846900630596,94.26682505359015,266.060701078814,344.0,261.0
1215,1000,924,Medium,475,448,258.20535714285717,92.27212825963989,73.6611006235774,442.74961366213694,535.0,443.0
1215,1000,924,High,236,189,340.3121693121693,118.57255122629186,103.16706685958559,577.457271764753,714.0,544.0
1216,1000,925,Low,289,287,180.16376306620208,42.94846900630596,94.26682505359015,266.060701078814,344.0,262.0
1216,1000,925,Medium,475,449,258.1781737193764,92.17088828664998,73.83639714607642,442.51995029267636,535.0,444.0
1216,1000,925,High,236,189,340.3121693121693,118.57255122629186,103.16706685958559,577.457271764753,714.0,545.0
1217,1000,926,Low,289,287,180.16376306620208,42.94846900630596,94.26682505359015,266.060701078814,344.0,263.0
1217,1000,926,Medium,475,449,258.1781737193764,92.17088828664998,73.83639714607642,442.51995029267636,535.0,445.0
1217,1000,926,High,236,190,339.7631578947368,118.50033692951594,102.76248403570494,576.7638317537687,714.0,546.0
1218,1000,927,Low,289,287,180.16376306620208,42.94846900630596,94.26682505359015,266.060701078814,344.0,264.0
1218,1000,927,Medium,475,449,258.1781737193764,92.17088828664998,73.83639714607642,442.51995029267636,535.0,446.0
1218,1000,927,High,236,191,339.5287958115183,118.23245595064516,103.06388391022799,575.9937077128086,714.0,547.0
1219,1000,927,Low,289,287,180.16376306620208,42.94846900630596,94.26682505359015,266.060701078814,344.0,265.0
1219,1000,927,Medium,475,449,258.1781737193764,92.17088828664998,73.83639714607642,442.51995029267636,535.0,447.0
1219,1000,927,High,236,191,339.5287958115183,118.23245595064516,103.06388391022799,575.9937077128086,714.0,548.0
1220,1000,928,Low,289,287,180.16376306620208,42.94846900630596,94.26682505359015,266.060701078814,344.0,266.0
1220,1000,928,Medium,475,450,258.3,92.10445435617899,74.09109128764203,442.508908712358,535.0,448.0
1220,1000,928,High,236,191,339.5287958115183,118.23245595064516,103.06388391022799,575.9937077128086,714.0,549.0
1221,1000,930,Low,289,287,180.16376306620208,42.94846900630596,94.26682505359015,266.060701078814,344.0,267.0
1221,1000,930,Medium,475,451,258.27050997782703,92.00419069903164,74.26212857976375,442.27889137589034,535.0,449.0
1221,1000,930,High,236,192,339.8072916666667,117.9856648891216,103.8359618884235,575.7786214449098,714.0,550.0
1222,1000,930,Low,289,287,180.16376306620208,42.94846900630596,94.26682505359015,266.060701078814,344.0,268.0
1222,1000,930,Medium,475,451,258.27050997782703,92.00419069903164,74.26212857976375,442.27889137589034,535.0,450.0
1222,1000,930,High,236,192,339.8072916666667,117.9856648891216,103.8359618884235,575.7786214449098,714.0,551.0
1223,1000,930,Low,289,287,180.16376306620208,42.94846900630596,94.26682505359015,266.060701078814,344.0,269.0
1223,1000,930,Medium,475,451,258.27050997782703,92.00419069903164,74.26212857976375,442.27889137589034,535.0,451.0
1223,1000,930,High,236,192,339.8072916666667,117.9856648891216,103.8359618884235,575.7786214449098,714.0,552.0
1224,1000,930,Low,289,287,180.16376306620208,42.94846900630596,94.26682505359015,266.060701078814,344.0,270.0
1224,1000,930,Medium,475,451,258.27050997782703,92.00419069903164,74.26212857976375,442.27889137589034,535.0,452.0
1224,1000,930,High,236,192,339.8072916666667,117.9856648891216,103.8359618884235,575.7786214449098,714.0,553.0
1225,1000,930,Low,289,287,180.16376306620208,42.94846900630596,94.26682505359015,266.060701078814,344.0,271.0
1225,1000,930,Medium,475,451,258.27050997782703,92.00419069903164,74.26212857976375,442.27889137589034,535.0,453.0
1225,1000,930,High,236,192,339.8072916666667,117.9856648891216,103.8359618884235,575.7786214449098,714.0,554.0
1226,1000,931,Low,289,287,180.16376306620208,42.94846900630596,94.26682505359015,266.060701078814,344.0,272.0
1226,1000,931,Medium,475,452,258.4734513274336,92.00335819350468,74.46673494042426,442.480167714443,535.0,454.0
1226,1000,931,High,236,192,339.8072916666667,117.9856648891216,103.8359618884235,575.7786214449098,714.0,555.0
1227,1000,932,Low,289,287,180.16376306620208,42.94846900630596,94.26682505359015,266.060701078814,344.0,273.0
1227,1000,932,Medium,475,452,258.4734513274336,92.00335819350468,74.46673494042426,442.480167714443,535.0,455.0
1227,1000,932,High,236,193,340.04663212435236,117.72497478920586,104.59668254594064,575.496581702764,714.0,556.0
1228,1000,932,Low,289,287,180.16376306620208,42.94846900630596,94.26682505359015,266.060701078814,344.0,274.0
1228,1000,932,Medium,475,452,258.4734513274336,92.00335819350468,74.46673494042426,442.480167714443,535.0,456.0
1228,1000,932,High,236,193,340.04663212435236,117.72497478920586,104.59668254594064,575.496581702764,714.0,557.0
1229,1000,932,Low,289,287,180.16376306620208,42.94846900630596,94.26682505359015,266.060701078814,344.0,275.0
1229,1000,932,Medium,475,452,258.4734513274336,92.00335819350468,74.46673494042426,442.480167714443,535.0,457.0
1229,1000,932,High,236,193,340.04663212435236,117.72497478920586,104.59668254594064,575.496581702764,714.0,558.0
1230,1000,934,Low,289,288,180.49652777777777,43.243899351321666,94.00872907513444,266.9843264804211,344.0,248.0
1230,1000,934,Medium,475,452,258.4734513274336,92.00335819350468,74.46673494042426,442.480167714443,535.0,458.0
1230,1000,934,High,236,194,340.3041237113402,117.47435078226732,105.35542214680555,575.2528252758748,714.0,559.0
1231,1000,935,Low,289,288,180.49652777777777,43.243899351321666,94.00872907513444,266.9843264804211,344.0,249.0
1231,1000,935,Medium,475,452,258.4734513274336,92.00335819350468,74.46673494042426,442.480167714443,535.0,459.0
1231,1000,935,High,236,195,340.44102564102565,117.18678525379002,106.0674551334456,574.8145961486057,714.0,560.0
1232,1000,935,Low,289,288,180.49652777777777,43.243899351321666,94.00872907513444,266.9843264804211,344.0,250.0
1232,1000,935,Medium,475,452,258.4734513274336,92.00335819350468,74.46673494042426,442.480167714443,535.0,460.0
1232,1000,935,High,236,195,340.44102564102565,117.18678525379002,106.0674551334456,574.8145961486057,714.0,561.0
1233,1000,936,Low,289,289,180.74048442906573,43.36751601830391,94.00545239245791,267.47551646567354,344.0,
1233,1000,936,Medium,475,452,258.4734513274336,92.00335819350468,74.46673494042426,442.480167714443,535.0,461.0
1233,1000,936,High,236,195,340.44102564102565,117.18678525379002,106.0674551334456,574.8145961486057,714.0,562.0
1234,1000,939,Low,289,289,180.74048442906573,43.36751601830391,94.00545239245791,267.47551646567354,344.0,
1234,1000,939,Medium,475,454,258.6079295154185,91.82352076500639,74.96088798540572,442.25497104543126,535.0,462.0
1234,1000,939,High,236,196,341.0408163265306,117.18715413693943,106.66650805265175,575.4151246004094,714.0,563.0
1235,1000,940,Low,289,289,180.74048442906573,43.36751601830391,94.00545239245791,267.47551646567354,344.0,
1235,1000,940,Medium,475,455,258.77362637362637,91.7904106054178,75.19280516279076,442.354447584462,535.0,463.0
1235,1000,940,High,236,196,341.0408163265306,117.18715413693943,106.66650805265175,575.4151246004094,714.0,564.0
1236,1000,940,Low,289,289,180.74048442906573,43.36751601830391,94.00545239245791,267.47551646567354,344.0,
1236,1000,940,Medium,475,455,258.77362637362637,91.7904106054178,75.19280516279076,442.354447584462,535.0,464.0
1236,1000,940,High,236,196,341.0408163265306,117.18715413693943,106.66650805265175,575.4151246004094,714.0,565.0
1237,1000,940,Low,289,289,180.74048442906573,43.36751601830391,94.00545239245791,267.47551646567354,344.0,
1237,1000,940,Medium,475,455,258.77362637362637,91.7904106054178,75.19280516279076,442.354447584462,535.0,465.0
1237,1000,940,High,236,196,341.0408163265306,117.18715413693943,106.66650805265175,575.4151246004094,714.0,566.0
1238,1000,940,Low,289,289,180.74048442906573,43.36751601830391,94.00545239245791,267.47551646567354,344.0,
1238,1000,940,Medium,475,455,258.77362637362637,91.7904106054178,75.19280516279076,442.354447584462,535.0,466.0
1238,1000,940,High,236,196,341.0408163265306,117.18715413693943,106.66650805265175,575.4151246004094,714.0,567.0
1239,1000,941,Low,289,289,180.74048442906573,43.36751601830391,94.00545239245791,267.47551646567354,344.0,
1239,1000,941,Medium,475,455,258.77362637362637,91.7904106054178,75.19280516279076,442.354447584462,535.0,467.0
1239,1000,941,High,236,197,340.98477157360406,116.8904718955872,107.20382778242967,574.7657153647784,714.0,568.0
1240,1000,941,Low,289,289,180.74048442906573,43.36751601830391,94.00545239245791,267.47551646567354,344.0,
1240,1000,941,Medium,475,455,258.77362637362637,91.7904106054178,75.19280516279076,442.354447584462,535.0,468.0
1240,1000,941,High,236,197,340.98477157360406,116.8904718955872,107.20382778242967,574.7657153647784,714.0,569.0
1241,1000,942,Low,289,289,180.74048442906573,43.36751601830391,94.00545239245791,267.47551646567354,344.0,
1241,1000,942,Medium,475,456,258.9144736842105,91.7388034246595,75.43686683489153,442.3920805335295,535.0,469.0
1241,1000,942,High,236,197,340.98477157360406,116.8904718955872,107.20382778242967,574.7657153647784,714.0,570.0
1242,1000,942,Low,289,289,180.74048442906573,43.36751601830391,94.00545239245791,267.47551646567354,344.0,
1242,1000,942,Medium,475,456,258.9144736842105,91.7388034246595,75.43686683489153,442.3920805335295,535.0,470.0
1242,1000,942,High,236,197,340.98477157360406,116.8904718955872,107.20382778242967,574.7657153647784,714.0,571.0
1243,1000,942,Low,289,289,180.74048442906573,43.36751601830391,94.00545239245791,267.47551646567354,344.0,
1243,1000,942,Medium,475,456,258.9144736842105,91.7388034246595,75.43686683489153,442.3920805335295,535.0,471.0
1243,1000,942,High,236,197,340.98477157360406,116.8904718955872,107.20382778242967,574.7657153647784,714.0,572.0
1244,1000,942,Low,289,289,180.74048442906573,43.36751601830391,94.00545239245791,267.47551646567354,344.0,
1244,1000,942,Medium,475,456,258.9144736842105,91.7388034246595,75.43686683489153,442.3920805335295,535.0,472.0
1244,1000,942,High,236,197,340.98477157360406,116.8904718955872,107.20382778242967,574.7657153647784,714.0,573.0
1245,1000,943,Low,289,289,180.74048442906573,43.36751601830391,94.00545239245791,267.47551646567354,344.0,
1245,1000,943,Medium,475,457,259.38293216630194,92.18374084659003,75.01545047312189,443.750413859482,535.0,467.0
1245,1000,943,High,236,197,340.98477157360406,116.8904718955872,107.20382778242967,574.7657153647784,714.0,574.0
1246,1000,943,Low,289,289,180.74048442906573,43.36751601830391,94.00545239245791,267.47551646567354,344.0,
1246,1000,943,Medium,475,457,259.38293216630194,92.18374084659003,75.01545047312189,443.750413859482,535.0,468.0
1246,1000,943,High,236,197,340.98477157360406,116.8904718955872,107.20382778242967,574.7657153647784,714.0,575.0
1247,1000,943,Low,289,289,180.74048442906573,43.36751601830391,94.00545239245791,267.47551646567354,344.0,
1247,1000,943,Medium,475,457,259.38293216630194,92.18374084659003,75.01545047312189,443.750413859482,535.0,469.0
1247,1000,943,High,236,197,340.98477157360406,116.8904718955872,107.20382778242967,574.7657153647784,714.0,576.0
1248,1000,943,Low,289,289,180.74048442906573,43.36751601830391,94.00545239245791,267.47551646567354,344.0,
1248,1000,943,Medium,475,457,259.38293216630194,92.18374084659003,75.01545047312189,443.750413859482,535.0,470.0
1248,1000,943,High,236,197,340.98477157360406,116.8904718955872,107.20382778242967,574.7657153647784,714.0,577.0
1249,1000,943,Low,289,289,180.74048442906573,43.36751601830391,94.00545239245791,267.47551646567354,344.0,
1249,1000,943,Medium,475,457,259.38293216630194,92.18374084659003,75.01545047312189,443.750413859482,535.0,471.0
1249,1000,943,High,236,197,340.98477157360406,116.8904718955872,107.20382778242967,574.7657153647784,714.0,578.0
1250,1000,943,Low,289,289,180.74048442906573,43.36751601830391,94.00545239245791,267.47551646567354,344.0,
1250,1000,943,Medium,475,457,259.38293216630194,92.18374084659003,75.01545047312189,443.750413859482,535.0,472.0
1250,1000,943,High,236,197,340.98477157360406,116.8904718955872,107.20382778242967,574.7657153647784,714.0,579.0
1251,1000,944,Low,289,289,180.74048442906573,43.36751601830391,94.00545239245791,267.47551646567354,344.0,
1251,1000,944,Medium,475,457,259.38293216630194,92.18374084659003,75.01545047312189,443.750413859482,535.0,473.0
1251,1000,944,High,236,198,340.9949494949495,116.59350607834944,107.80793733825061,574.1819616516484,714.0,580.0
1252,1000,945,Low,289,289,180.74048442906573,43.36751601830391,94.00545239245791,267.47551646567354,344.0,
1252,1000,945,Medium,475,457,259.38293216630194,92.18374084659003,75.01545047312189,443.750413859482,535.0,474.0
1252,1000,945,High,236,199,342.05527638190955,117.2566552128968,107.54196595611594,576.5685868077031,714.0,581.0
1253,1000,946,Low,289,289,180.74048442906573,43.36751601830391,94.00545239245791,267.47551646567354,344.0,
1253,1000,946,Medium,475,458,259.46288209606985,92.098722944691,75.26543620668784,443.6603279854519,535.0,475.0
1253,1000,946,High,236,199,342.05527638190955,117.2566552128968,107.54196595611594,576.5685868077031,714.0,582.0
1254,1000,946,Low,289,289,180.74048442906573,43.36751601830391,94.00545239245791,267.47551646567354,344.0,
1254,1000,946,Medium,475,458,259.46288209606985,92.098722944691,75.26543620668784,443.6603279854519,535.0,476.0
1254,1000,946,High,236,199,342.05527638190955,117.2566552128968,107.54196595611594,576.5685868077031,714.0,583.0
1255,1000,946,Low,289,289,180.74048442906573,43.36751601830391,94.00545239245791,267.47551646567354,344.0,
1255,1000,946,Medium,475,458,259.46288209606985,92.098722944691,75.26543620668784,443.6603279854519,535.0,477.0
1255,1000,946,High,236,199,342.05527638190955,117.2566552128968,107.54196595611594,576.5685868077031,714.0,584.0
1256,1000,947,Low,289,289,180.74048442906573,43.36751601830391,94.00545239245791,267.47551646567354,344.0,
1256,1000,947,Medium,475,459,259.48148148148147,91.99898652129016,75.48350843890114,443.4794545240618,535.0,478.0
1256,1000,947,High,236,199,342.05527638190955,117.2566552128968,107.54196595611594,576.5685868077031,714.0,585.0
1257,1000,947,Low,289,289,180.74048442906573,43.36751601830391,94.00545239245791,267.47551646567354,344.0,
1257,1000,947,Medium,475,459,259.48148148148147,91.99898652129016,75.48350843890114,443.4794545240618,535.0,479.0
1257,1000,947,High,236,199,342.05527638190955,117.2566552128968,107.54196595611594,576.5685868077031,714.0,586.0
1258,1000,947,Low,289,289,180.74048442906573,43.36751601830391,94.00545239245791,267.47551646567354,344.0,
1258,1000,947,Medium,475,459,259.48148148148147,91.99898652129016,75.48350843890114,443.4794545240618,535.0,480.0
1258,1000,947,High,236,199,342.05527638190955,117.2566552128968,107.54196595611594,576.5685868077031,714.0,587.0
1259,1000,947,Low,289,289,180.74048442906573,43.36751601830391,94.00545239245791,267.47551646567354,344.0,
1259,1000,947,Medium,475,459,259.48148148148147,91.99898652129016,75.48350843890114,443.4794545240618,535.0,481.0
1259,1000,947,High,236,199,342.05527638190955,117.2566552128968,107.54196595611594,576.5685868077031,714.0,588.0
1260,1000,948,Low,289,289,180.74048442906573,43.36751601830391,94.00545239245791,267.47551646567354,344.0,
1260,1000,948,Medium,475,460,259.6065217391304,91.93783753409768,75.73084667093505,443.48219680732575,535.0,482.0
1260,1000,948,High,236,199,342.05527638190955,117.2566552128968,107.54196595611594,576.5685868077031,714.0,589.0
1261,1000,948,Low,289,289,180.74048442906573,43.36751601830391,94.00545239245791,267.47551646567354,344.0,
1261,1000,948,Medium,475,460,259.6065217391304,91.93783753409768,75.73084667093505,443.48219680732575,535.0,483.0
1261,1000,948,High,236,199,342.05527638190955,117.2566552128968,107.54196595611594,576.5685868077031,714.0,590.0
1262,1000,948,Low,289,289,180.74048442906573,43.36751601830391,94.00545239245791,267.47551646567354,344.0,
1262,1000,948,Medium,475,460,259.6065217391304,91.93783753409768,75.73084667093505,443.48219680732575,535.0,484.0
1262,1000,948,High,236,199,342.05527638190955,117.2566552128968,107.54196595611594,576.5685868077031,714.0,591.0
1263,1000,949,Low,289,289,180.74048442906573,43.36751601830391,94.00545239245791,267.47551646567354,344.0,
1263,1000,949,Medium,475,461,259.9327548806941,92.10458275197759,75.72358937673894,444.1419203846493,535.0,485.0
1263,1000,949,High,236,199,342.05527638190955,117.2566552128968,107.54196595611594,576.5685868077031,714.0,592.0
1264,1000,950,Low,289,289,180.74048442906573,43.36751601830391,94.00545239245791,267.47551646567354,344.0,
1264,1000,950,Medium,475,461,259.9327548806941,92.10458275197759,75.72358937673894,444.1419203846493,535.0,486.0
1264,1000,950,High,236,200,342.58,117.19683910190318,108.18632179619362,576.9736782038063,714.0,593.0
1265,1000,950,Low,289,289,180.74048442906573,43.36751601830391,94.00545239245791,267.47551646567354,344.0,
1265,1000,950,Medium,475,461,259.9327548806941,92.10458275197759,75.72358937673894,444.1419203846493,535.0,487.0
1265,1000,950,High,236,200,342.58,117.19683910190318,108.18632179619362,576.9736782038063,714.0,594.0
1266,1000,950,Low,289,289,180.74048442906573,43.36751601830391,94.00545239245791,267.47551646567354,344.0,
1266,1000,950,Medium,475,461,259.9327548806941,92.10458275197759,75.72358937673894,444.1419203846493,535.0,488.0
1266,1000,950,High,236,200,342.58,117.19683910190318,108.18632179619362,576.9736782038063,714.0,595.0
1267,1000,950,Low,289,289,180.74048442906573,43.36751601830391,94.00545239245791,267.47551646567354,344.0,
1267,1000,950,Medium,475,461,259.9327548806941,92.10458275197759,75.72358937673894,444.1419203846493,535.0,489.0
1267,1000,950,High,236,200,342.58,117.19683910190318,108.18632179619362,576.9736782038063,714.0,596.0
1268,1000,951,Low,289,289,180.74048442906573,43.36751601830391,94.00545239245791,267.47551646567354,344.0,
1268,1000,951,Medium,475,461,259.9327548806941,92.10458275197759,75.72358937673894,444.1419203846493,535.0,490.0
1268,1000,951,High,236,201,342.7363184079602,116.92448470862772,108.88734899070477,576.5852878252156,714.0,597.0
1269,1000,951,Low,289,289,180.74048442906573,43.36751601830391,94.00545239245791,267.47551646567354,344.0,
1269,1000,951,Medium,475,461,259.9327548806941,92.10458275197759,75.72358937673894,444.1419203846493,535.0,491.0
1269,1000,951,High,236,201,342.7363184079602,116.92448470862772,108.88734899070477,576.5852878252156,714.0,598.0
1270,1000,952,Low,289,289,180.74048442906573,43.36751601830391,94.00545239245791,267.47551646567354,344.0,
1270,1000,952,Medium,475,462,260.2142857142857,92.2034177837629,75.80745014675992,444.6211212818115,535.0,492.0
1270,1000,952,High,236,201,342.7363184079602,116.92448470862772,108.88734899070477,576.5852878252156,714.0,599.0
1271,1000,952,Low,289,289,180.74048442906573,43.36751601830391,94.00545239245791,267.47551646567354,344.0,
1271,1000,952,Medium,475,462,260.2142857142857,92.2034177837629,75.80745014675992,444.6211212818115,535.0,493.0
1271,1000,952,High,236,201,342.7363184079602,116.92448470862772,108.88734899070477,576.5852878252156,714.0,600.0
1272,1000,953,Low,289,289,180.74048442906573,43.36751601830391,94.00545239245791,267.47551646567354,344.0,
1272,1000,953,Medium,475,463,260.317494600432,92.13034630670016,76.05680198703166,444.5781872138323,535.0,494.0
1272,1000,953,High,236,201,342.7363184079602,116.92448470862772,108.88734899070477,576.5852878252156,714.0,601.0
1273,1000,953,Low,289,289,180.74048442906573,43.36751601830391,94.00545239245791,267.47551646567354,344.0,
1273,1000,953,Medium,475,463,260.317494600432,92.13034630670016,76.05680198703166,444.5781872138323,535.0,495.0
1273,1000,953,High,236,201,342.7363184079602,116.92448470862772,108.88734899070477,576.5852878252156,714.0,602.0
1274,1000,956,Low,289,289,180.74048442906573,43.36751601830391,94.00545239245791,267.47551646567354,344.0,
1274,1000,956,Medium,475,464,260.82543103448273,92.6789071311678,75.46761677214712,446.1832452968183,535.0,402.0
1274,1000,956,High,236,203,343.01477832512313,116.66353744267634,109.68770343977044,576.3418532104758,714.0,603.0
1275,1000,956,Low,289,289,180.74048442906573,43.36751601830391,94.00545239245791,267.47551646567354,344.0,
1275,1000,956,Medium,475,464,260.82543103448273,92.6789071311678,75.46761677214712,446.1832452968183,535.0,403.0
1275,1000,956,High,236,203,343.01477832512313,116.66353744267634,109.68770343977044,576.3418532104758,714.0,604.0
1276,1000,956,Low,289,289,180.74048442906573,43.36751601830391,94.00545239245791,267.47551646567354,344.0,
1276,1000,956,Medium,475,464,260.82543103448273,92.6789071311678,75.46761677214712,446.1832452968183,535.0,404.0
1276,1000,956,High,236,203,343.01477832512313,116.66353744267634,109.68770343977044,576.3418532104758,714.0,605.0
1277,1000,956,Low,289,289,180.74048442906573,43.36751601830391,94.00545239245791,267.47551646567354,344.0,
1277,1000,956,Medium,475,464,260.82543103448273,92.6789071311678,75.46761677214712,446.1832452968183,535.0,405.0
1277,1000,956,High,236,203,343.01477832512313,116.66353744267634,109.68770343977044,576.3418532104758,714.0,606.0
1278,1000,956,Low,289,289,180.74048442906573,43.36751601830391,94.00545239245791,267.47551646567354,344.0,
1278,1000,956,Medium,475,464,260.82543103448273,92.6789071311678,75.46761677214712,446.1832452968183,535.0,406.0
1278,1000,956,High,236,203,343.01477832512313,116.66353744267634,109.68770343977044,576.3418532104758,714.0,607.0
1279,1000,956,Low,289,289,180.74048442906573,43.36751601830391,94.00545239245791,267.47551646567354,344.0,
1279,1000,956,Medium,475,464,260.82543103448273,92.6789071311678,75.46761677214712,446.1832452968183,535.0,407.0
1279,1000,956,High,236,203,343.01477832512313,116.66353744267634,109.68770343977044,576.3418532104758,714.0,608.0
1280,1000,956,Low,289,289,180.74048442906573,43.36751601830391,94.00545239245791,267.47551646567354,344.0,
1280,1000,956,Medium,475,464,260.82543103448273,92.6789071311678,75.46761677214712,446.1832452968183,535.0,408.0
1280,1000,956,High,236,203,343.01477832512313,116.66353744267634,109.68770343977044,576.3418532104758,714.0,609.0
1281,1000,956,Low,289,289,180.74048442906573,43.36751601830391,94.00545239245791,267.47551646567354,344.0,
1281,1000,956,Medium,475,464,260.82543103448273,92.6789071311678,75.46761677214712,446.1832452968183,535.0,409.0
1281,1000,956,High,236,203,343.01477832512313,116.66353744267634,109.68770343977044,576.3418532104758,714.0,610.0
1282,1000,956,Low,289,289,180.74048442906573,43.36751601830391,94.00545239245791,267.47551646567354,344.0,
1282,1000,956,Medium,475,464,260.82543103448273,92.6789071311678,75.46761677214712,446.1832452968183,535.0,410.0
1282,1000,956,High,236,203,343.01477832512313,116.66353744267634,109.68770343977044,576.3418532104758,714.0,611.0
1283,1000,958,Low,289,289,180.74048442906573,43.36751601830391,94.00545239245791,267.47551646567354,344.0,
1283,1000,958,Medium,475,465,261.0236559139785,92.67761070182264,75.66843451033319,446.37887731762373,535.0,411.0
1283,1000,958,High,236,204,344.3333333333333,117.88980688823145,108.55371955687042,580.1129471097962,714.0,552.0
1284,1000,960,Low,289,289,180.74048442906573,43.36751601830391,94.00545239245791,267.47551646567354,344.0,
1284,1000,960,Medium,475,466,261.22103004291847,92.67589766708004,75.8692347087584,446.5728253770785,535.0,412.0
1284,1000,960,High,236,205,344.45853658536583,117.61416851341863,109.23019955852857,579.686873612203,714.0,553.0
1285,1000,960,Low,289,289,180.74048442906573,43.36751601830391,94.00545239245791,267.47551646567354,344.0,
1285,1000,960,Medium,475,466,261.22103004291847,92.67589766708004,75.8692347087584,446.5728253770785,535.0,413.0
1285,1000,960,High,236,205,344.45853658536583,117.61416851341863,109.23019955852857,579.686873612203,714.0,554.0
1286,1000,961,Low,289,289,180.74048442906573,43.36751601830391,94.00545239245791,267.47551646567354,344.0,
1286,1000,961,Medium,475,467,261.39400428265526,92.65184154024283,76.0903212021696,446.6976873631409,535.0,414.0
1286,1000,961,High,236,205,344.45853658536583,117.61416851341863,109.23019955852857,579.686873612203,714.0,555.0
1287,1000,961,Low,289,289,180.74048442906573,43.36751601830391,94.00545239245791,267.47551646567354,344.0,
1287,1000,961,Medium,475,467,261.39400428265526,92.65184154024283,76.0903212021696,446.6976873631409,535.0,415.0
1287,1000,961,High,236,205,344.45853658536583,117.61416851341863,109.23019955852857,579.686873612203,714.0,556.0
1288,1000,961,Low,289,289,180.74048442906573,43.36751601830391,94.00545239245791,267.47551646567354,344.0,
1288,1000,961,Medium,475,467,261.39400428265526,92.65184154024283,76.0903212021696,446.6976873631409,535.0,416.0
1288,1000,961,High,236,205,344.45853658536583,117.61416851341863,109.23019955852857,579.686873612203,714.0,557.0
1289,1000,961,Low,289,289,180.74048442906573,43.36751601830391,94.00545239245791,267.47551646567354,344.0,
1289,1000,961,Medium,475,467,261.39400428265526,92.65184154024283,76.0903212021696,446.6976873631409,535.0,417.0
1289,1000,961,High,236,205,344.45853658536583,117.61416851341863,109.23019955852857,579.686873612203,714.0,558.0
1290,1000,963,Low,289,289,180.74048442906573,43.36751601830391,94.00545239245791,267.47551646567354,344.0,
1290,1000,963,Medium,475,467,261.39400428265526,92.65184154024283,76.0903212021696,446.6976873631409,535.0,418.0
1290,1000,963,High,236,207,344.4685990338164,117.05607207314284,110.35645488753073,578.5807431801021,714.0,559.0
1291,1000,963,Low,289,289,180.74048442906573,43.36751601830391,94.00545239245791,267.47551646567354,344.0,
1291,1000,963,Medium,475,467,261.39400428265526,92.65184154024283,76.0903212021696,446.6976873631409,535.0,419.0
1291,1000,963,High,236,207,344.4685990338164,117.05607207314284,110.35645488753073,578.5807431801021,714.0,560.0
1292,1000,963,Low,289,289,180.74048442906573,43.36751601830391,94.00545239245791,267.47551646567354,344.0,
1292,1000,963,Medium,475,467,261.39400428265526,92.65184154024283,76.0903212021696,446.6976873631409,535.0,420.0
1292,1000,963,High,236,207,344.4685990338164,117.05607207314284,110.35645488753073,578.5807431801021,714.0,561.0
1293,1000,963,Low,289,289,180.74048442906573,43.36751601830391,94.00545239245791,267.47551646567354,344.0,
1293,1000,963,Medium,475,467,261.39400428265526,92.65184154024283,76.0903212021696,446.6976873631409,535.0,421.0
1293,1000,963,High,236,207,344.4685990338164,117.05607207314284,110.35645488753073,578.5807431801021,714.0,562.0
1294,1000,964,Low,289,289,180.74048442906573,43.36751601830391,94.00545239245791,267.47551646567354,344.0,
1294,1000,964,Medium,475,468,261.5747863247863,92.63518257268912,76.30442117940808,446.8451514701645,535.0,422.0
1294,1000,964,High,236,207,344.4685990338164,117.05607207314284,110.35645488753073,578.5807431801021,714.0,563.0
1295,1000,964,Low,289,289,180.74048442906573,43.36751601830391,94.00545239245791,267.47551646567354,344.0,
1295,1000,964,Medium,475,468,261.5747863247863,92.63518257268912,76.30442117940808,446.8451514701645,535.0,423.0
1295,1000,964,High,236,207,344.4685990338164,117.05607207314284,110.35645488753073,578.5807431801021,714.0,564.0
1296,1000,964,Low,289,289,180.74048442906573,43.36751601830391,94.00545239245791,267.47551646567354,344.0,
1296,1000,964,Medium,475,468,261.5747863247863,92.63518257268912,76.30442117940808,446.8451514701645,535.0,424.0
1296,1000,964,High,236,207,344.4685990338164,117.05607207314284,110.35645488753073,578.5807431801021,714.0,565.0
1297,1000,964,Low,289,289,180.74048442906573,43.36751601830391,94.00545239245791,267.47551646567354,344.0,
1297,1000,964,Medium,475,468,261.5747863247863,92.63518257268912,76.30442117940808,446.8451514701645,535.0,425.0
1297,1000,964,High,236,207,344.4685990338164,117.05607207314284,110.35645488753073,578.5807431801021,714.0,566.0
1298,1000,965,Low,289,289,180.74048442906573,43.36751601830391,94.00545239245791,267.47551646567354,344.0,
1298,1000,965,Medium,475,468,261.5747863247863,92.63518257268912,76.30442117940808,446.8451514701645,535.0,426.0
1298,1000,965,High,236,208,344.2644230769231,116.81010761165004,110.64420785362302,577.8846383002232,714.0,567.0
1299,1000,966,Low,289,289,180.74048442906573,43.36751601830391,94.00545239245791,267.47551646567354,344.0,
1299,1000,966,Medium,475,468,261.5747863247863,92.63518257268912,76.30442117940808,446.8451514701645,535.0,427.0
1299,1000,966,High,236,209,344.47846889952154,116.57005472754538,111.33835944443078,577.6185783546123,714.0,568.0
1300,1000,966,Low,289,289,180.74048442906573,43.36751601830391,94.00545239245791,267.47551646567354,344.0,
1300,1000,966,Medium,475,468,261.5747863247863,92.63518257268912,76.30442117940808,446.8451514701645,535.0,428.0
1300,1000,966,High,236,209,344.47846889952154,116.57005472754538,111.33835944443078,577.6185783546123,714.0,569.0
1301,1000,967,Low,289,289,180.74048442906573,43.36751601830391,94.00545239245791,267.47551646567354,344.0,
1301,1000,967,Medium,475,469,261.7185501066098,92.58852138310884,76.54150734039214,446.8955928728275,535.0,429.0
1301,1000,967,High,236,209,344.47846889952154,116.57005472754538,111.33835944443078,577.6185783546123,714.0,570.0
1302,1000,967,Low,289,289,180.74048442906573,43.36751601830391,94.00545239245791,267.47551646567354,344.0,
1302,1000,967,Medium,475,469,261.7185501066098,92.58852138310884,76.54150734039214,446.8955928728275,535.0,430.0
1302,1000,967,High,236,209,344.47846889952154,116.57005472754538,111.33835944443078,577.6185783546123,714.0,571.0
1303,1000,968,Low,289,289,180.74048442906573,43.36751601830391,94.00545239245791,267.47551646567354,344.0,
1303,1000,968,Medium,475,469,261.7185501066098,92.58852138310884,76.54150734039214,446.8955928728275,535.0,431.0
1303,1000,968,High,236,210,344.85714285714283,116.4202442623031,112.01665433253663,577.697631381749,714.0,572.0
1304,1000,968,Low,289,289,180.74048442906573,43.36751601830391,94.00545239245791,267.47551646567354,344.0,
1304,1000,968,Medium,475,469,261.7185501066098,92.58852138310884,76.54150734039214,446.8955928728275,535.0,432.0
1304,1000,968,High,236,210,344.85714285714283,116.4202442623031,112.01665433253663,577.697631381749,714.0,573.0
1305,1000,968,Low,289,289,180.74048442906573,43.36751601830391,94.00545239245791,267.47551646567354,344.0,
1305,1000,968,Medium,475,469,261.7185501066098,92.58852138310884,76.54150734039214,446.8955928728275,535.0,433.0
1305,1000,968,High,236,210,344.85714285714283,116.4202442623031,112.01665433253663,577.697631381749,714.0,574.0
1306,1000,969,Low,289,289,180.74048442906573,43.36751601830391,94.00545239245791,267.47551646567354,344.0,
1306,1000,969,Medium,475,470,261.8595744680851,92.54027800435573,76.77901845937365,446.9401304767965,535.0,434.0
1306,1000,969,High,236,210,344.85714285714283,116.4202442623031,112.01665433253663,577.697631381749,714.0,575.0
1307,1000,969,Low,289,289,180.74048442906573,43.36751601830391,94.00545239245791,267.47551646567354,344.0,
1307,1000,969,Medium,475,470,261.8595744680851,92.54027800435573,76.77901845937365,446.9401304767965,535.0,435.0
1307,1000,969,High,236,210,344.85714285714283,116.4202442623031,112.01665433253663,577.697631381749,714.0,576.0
1308,1000,969,Low,289,289,180.74048442906573,43.36751601830391,94.00545239245791,267.47551646567354,344.0,
1308,1000,969,Medium,475,470,261.8595744680851,92.54027800435573,76.77901845937365,446.9401304767965,535.0,436.0
1308,1000,969,High,236,210,344.85714285714283,116.4202442623031,112.01665433253663,577.697631381749,714.0,577.0
1309,1000,969,Low,289,289,180.74048442906573,43.36751601830391,94.00545239245791,267.47551646567354,344.0,
1309,1000,969,Medium,475,470,261.8595744680851,92.54027800435573,76.77901845937365,446.9401304767965,535.0,437.0
1309,1000,969,High,236,210,344.85714285714283,116.4202442623031,112.01665433253663,577.697631381749,714.0,578.0
1310,1000,969,Low,289,289,180.74048442906573,43.36751601830391,94.00545239245791,267.47551646567354,344.0,
1310,1000,969,Medium,475,470,261.8595744680851,92.54027800435573,76.77901845937365,446.9401304767965,535.0,438.0
1310,1000,969,High,236,210,344.85714285714283,116.4202442623031,112.01665433253663,577.697631381749,714.0,579.0
1311,1000,970,Low,289,289,180.74048442906573,43.36751601830391,94.00545239245791,267.47551646567354,344.0,
1311,1000,970,Medium,475,470,261.8595744680851,92.54027800435573,76.77901845937365,446.9401304767965,535.0,439.0
1311,1000,970,High,236,211,345.8483412322275,117.03176505953274,111.784811113162,579.911871351293,714.0,580.0
1312,1000,970,Low,289,289,180.74048442906573,43.36751601830391,94.00545239245791,267.47551646567354,344.0,
1312,1000,970,Medium,475,470,261.8595744680851,92.54027800435573,76.77901845937365,446.9401304767965,535.0,440.0
1312,1000,970,High,236,211,345.8483412322275,117.03176505953274,111.784811113162,579.911871351293,714.0,581.0
1313,1000,970,Low,289,289,180.74048442906573,43.36751601830391,94.00545239245791,267.47551646567354,344.0,
1313,1000,970,Medium,475,470,261.8595744680851,92.54027800435573,76.77901845937365,446.9401304767965,535.0,441.0
1313,1000,970,High,236,211,345.8483412322275,117.03176505953274,111.784811113162,579.911871351293,714.0,582.0
1314,1000,970,Low,289,289,180.74048442906573,43.36751601830391,94.00545239245791,267.47551646567354,344.0,
1314,1000,970,Medium,475,470,261.8595744680851,92.54027800435573,76.77901845937365,446.9401304767965,535.0,442.0
1314,1000,970,High,236,211,345.8483412322275,117.03176505953274,111.784811113162,579.911871351293,714.0,583.0
1315,1000,970,Low,289,289,180.74048442906573,43.36751601830391,94.00545239245791,267.47551646567354,344.0,
1315,1000,970,Medium,475,470,261.8595744680851,92.54027800435573,76.77901845937365,446.9401304767965,535.0,443.0
1315,1000,970,High,236,211,345.8483412322275,117.03176505953274,111.784811113162,579.911871351293,714.0,584.0
1316,1000,970,Low,289,289,180.74048442906573,43.36751601830391,94.00545239245791,267.47551646567354,344.0,
1316,1000,970,Medium,475,470,261.8595744680851,92.54027800435573,76.77901845937365,446.9401304767965,535.0,444.0
1316,1000,970,High,236,211,345.8483412322275,117.03176505953274,111.784811113162,579.911871351293,714.0,585.0
1317,1000,970,Low,289,289,180.74048442906573,43.36751601830391,94.00545239245791,267.47551646567354,344.0,
1317,1000,970,Medium,475,470,261.8595744680851,92.54027800435573,76.77901845937365,446.9401304767965,535.0,445.0
1317,1000,970,High,236,211,345.8483412322275,117.03176505953274,111.784811113162,579.911871351293,714.0,586.0
1318,1000,970,Low,289,289,180.74048442906573,43.36751601830391,94.00545239245791,267.47551646567354,344.0,
1318,1000,970,Medium,475,470,261.8595744680851,92.54027800435573,76.77901845937365,446.9401304767965,535.0,446.0
1318,1000,970,High,236,211,345.8483412322275,117.03176505953274,111.784811113162,579.911871351293,714.0,587.0
1319,1000,970,Low,289,289,180.74048442906573,43.36751601830391,94.00545239245791,267.47551646567354,344.0,
1319,1000,970,Medium,475,470,261.8595744680851,92.54027800435573,76.77901845937365,446.9401304767965,535.0,447.0
1319,1000,970,High,236,211,345.8483412322275,117.03176505953274,111.784811113162,579.911871351293,714.0,588.0
1320,1000,971,Low,289,289,180.74048442906573,43.36751601830391,94.00545239245791,267.47551646567354,344.0,
1320,1000,971,Medium,475,470,261.8595744680851,92.54027800435573,76.77901845937365,446.9401304767965,535.0,448.0
1320,1000,971,High,236,212,346.3443396226415,116.97725025325654,112.3898391161284,580.2988401291545,714.0,589.0
1321,1000,971,Low,289,289,180.74048442906573,43.36751601830391,94.00545239245791,267.47551646567354,344.0,
1321,1000,971,Medium,475,470,261.8595744680851,92.54027800435573,76.77901845937365,446.9401304767965,535.0,449.0
1321,1000,971,High,236,212,346.3443396226415,116.97725025325654,112.3898391161284,580.2988401291545,714.0,590.0
1322,1000,971,Low,289,289,180.74048442906573,43.36751601830391,94.00545239245791,267.47551646567354,344.0,
1322,1000,971,Medium,475,470,261.8595744680851,92.54027800435573,76.77901845937365,446.9401304767965,535.0,450.0
1322,1000,971,High,236,212,346.3443396226415,116.97725025325654,112.3898391161284,580.2988401291545,714.0,591.0
1323,1000,971,Low,289,289,180.74048442906573,43.36751601830391,94.00545239245791,267.47551646567354,344.0,
1323,1000,971,Medium,475,470,261.8595744680851,92.54027800435573,76.77901845937365,446.9401304767965,535.0,451.0
1323,1000,971,High,236,212,346.3443396226415,116.97725025325654,112.3898391161284,580.2988401291545,714.0,592.0
1324,1000,972,Low,289,289,180.74048442906573,43.36751601830391,94.00545239245791,267.47551646567354,344.0,
1324,1000,972,Medium,475,471,262.07430997876855,92.5591748518584,76.95596027505175,447.1926596824853,535.0,452.0
1324,1000,972,High,236,212,346.3443396226415,116.97725025325654,112.3898391161284,580.2988401291545,714.0,593.0
1325,1000,972,Low,289,289,180.74048442906573,43.36751601830391,94.00545239245791,267.47551646567354,344.0,
1325,1000,972,Medium,475,471,262.07430997876855,92.5591748518584,76.95596027505175,447.1926596824853,535.0,453.0
1325,1000,972,High,236,212,346.3443396226415,116.97725025325654,112.3898391161284,580.2988401291545,714.0,594.0
1326,1000,972,Low,289,289,180.74048442906573,43.36751601830391,94.00545239245791,267.47551646567354,344.0,
1326,1000,972,Medium,475,471,262.07430997876855,92.5591748518584,76.95596027505175,447.1926596824853,535.0,454.0
1326,1000,972,High,236,212,346.3443396226415,116.97725025325654,112.3898391161284,580.2988401291545,714.0,595.0
1327,1000,972,Low,289,289,180.74048442906573,43.36751601830391,94.00545239245791,267.47551646567354,344.0,
1327,1000,972,Medium,475,471,262.07430997876855,92.5591748518584,76.95596027505175,447.1926596824853,535.0,455.0
1327,1000,972,High,236,212,346.3443396226415,116.97725025325654,112.3898391161284,580.2988401291545,714.0,596.0
1328,1000,973,Low,289,289,180.74048442906573,43.36751601830391,94.00545239245791,267.47551646567354,344.0,
1328,1000,973,Medium,475,471,262.07430997876855,92.5591748518584,76.95596027505175,447.1926596824853,535.0,456.0
1328,1000,973,High,236,213,346.98591549295776,117.0760710156628,112.83377346163215,581.1380575242833,714.0,597.0
1329,1000,973,Low,289,289,180.74048442906573,43.36751601830391,94.00545239245791,267.47551646567354,344.0,
1329,1000,973,Medium,475,471,262.07430997876855,92.5591748518584,76.95596027505175,447.1926596824853,535.0,457.0
1329,1000,973,High,236,213,346.98591549295776,117.0760710156628,112.83377346163215,581.1380575242833,714.0,598.0
1330,1000,973,Low,289,289,180.74048442906573,43.36751601830391,94.00545239245791,267.47551646567354,344.0,
1330,1000,973,Medium,475,471,262.07430997876855,92.5591748518584,76.95596027505175,447.1926596824853,535.0,458.0
1330,1000,973,High,236,213,346.98591549295776,117.0760710156628,112.83377346163215,581.1380575242833,714.0,599.0
1331,1000,973,Low,289,289,180.74048442906573,43.36751601830391,94.00545239245791,267.47551646567354,344.0,
1331,1000,973,Medium,475,471,262.07430997876855,92.5591748518584,76.95596027505175,447.1926596824853,535.0,459.0
1331,1000,973,High,236,213,346.98591549295776,117.0760710156628,112.83377346163215,581.1380575242833,714.0,600.0
1332,1000,973,Low,289,289,180.74048442906573,43.36751601830391,94.00545239245791,267.47551646567354,344.0,
1332,1000,973,Medium,475,471,262.07430997876855,92.5591748518584,76.95596027505175,447.1926596824853,535.0,460.0
1332,1000,973,High,236,213,346.98591549295776,117.0760710156628,112.83377346163215,581.1380575242833,714.0,601.0
1333,1000,973,Low,289,289,180.74048442906573,43.36751601830391,94.00545239245791,267.47551646567354,344.0,
1333,1000,973,Medium,475,471,262.07430997876855,92.5591748518584,76.95596027505175,447.1926596824853,535.0,461.0
1333,1000,973,High,236,213,346.98591549295776,117.0760710156628,112.83377346163215,581.1380575242833,714.0,602.0
1334,1000,974,Low,289,289,180.74048442906573,43.36751601830391,94.00545239245791,267.47551646567354,344.0,
1334,1000,974,Medium,475,471,262.07430997876855,92.5591748518584,76.95596027505175,447.1926596824853,535.0,462.0
1334,1000,974,High,236,214,347.303738317757,116.89341995660767,113.51689840454165,581.0905782309724,714.0,603.0
1335,1000,975,Low,289,289,180.74048442906573,43.36751601830391,94.00545239245791,267.47551646567354,344.0,
1335,1000,975,Medium,475,471,262.07430997876855,92.5591748518584,76.95596027505175,447.1926596824853,535.0,463.0
1335,1000,975,High,236,215,348.0372093023256,117.11484303650556,113.80752322931448,582.2668953753367,714.0,604.0
1336,1000,975,Low,289,289,180.74048442906573,43.36751601830391,94.00545239245791,267.47551646567354,344.0,
1336,1000,975,Medium,475,471,262.07430997876855,92.5591748518584,76.95596027505175,447.1926596824853,535.0,464.0
1336,1000,975,High,236,215,348.0372093023256,117.11484303650556,113.80752322931448,582.2668953753367,714.0,605.0
1337,1000,975,Low,289,289,180.74048442906573,43.36751601830391,94.00545239245791,267.47551646567354,344.0,
1337,1000,975,Medium,475,471,262.07430997876855,92.5591748518584,76.95596027505175,447.1926596824853,535.0,465.0
1337,1000,975,High,236,215,348.0372093023256,117.11484303650556,113.80752322931448,582.2668953753367,714.0,606.0
1338,1000,975,Low,289,289,180.74048442906573,43.36751601830391,94.00545239245791,267.47551646567354,344.0,
1338,1000,975,Medium,475,471,262.07430997876855,92.5591748518584,76.95596027505175,447.1926596824853,535.0,466.0
1338,1000,975,High,236,215,348.0372093023256,117.11484303650556,113.80752322931448,582.2668953753367,714.0,607.0
1339,1000,976,Low,289,289,180.74048442906573,43.36751601830391,94.00545239245791,267.47551646567354,344.0,
1339,1000,976,Medium,475,471,262.07430997876855,92.5591748518584,76.95596027505175,447.1926596824853,535.0,467.0
1339,1000,976,High,236,216,348.24074074074076,116.88044938633269,114.47984196807539,582.0016395134062,714.0,608.0
1340,1000,976,Low,289,289,180.74048442906573,43.36751601830391,94.00545239245791,267.47551646567354,344.0,
1340,1000,976,Medium,475,471,262.07430997876855,92.5591748518584,76.95596027505175,447.1926596824853,535.0,468.0
1340,1000,976,High,236,216,348.24074074074076,116.88044938633269,114.47984196807539,582.0016395134062,714.0,609.0
1341,1000,976,Low,289,289,180.74048442906573,43.36751601830391,94.00545239245791,267.47551646567354,344.0,
1341,1000,976,Medium,475,471,262.07430997876855,92.5591748518584,76.95596027505175,447.1926596824853,535.0,469.0
1341,1000,976,High,236,216,348.24074074074076,116.88044938633269,114.47984196807539,582.0016395134062,714.0,610.0
1342,1000,976,Low,289,289,180.74048442906573,43.36751601830391,94.00545239245791,267.47551646567354,344.0,
1342,1000,976,Medium,475,471,262.07430997876855,92.5591748518584,76.95596027505175,447.1926596824853,535.0,470.0
1342,1000,976,High,236,216,348.24074074074076,116.88044938633269,114.47984196807539,582.0016395134062,714.0,611.0
1343,1000,977,Low,289,289,180.74048442906573,43.36751601830391,94.00545239245791,267.47551646567354,344.0,
1343,1000,977,Medium,475,471,262.07430997876855,92.5591748518584,76.95596027505175,447.1926596824853,535.0,471.0
1343,1000,977,High,236,217,348.5299539170507,116.68738021080439,115.15519349544192,581.9047143386595,714.0,612.0
1344,1000,977,Low,289,289,180.74048442906573,43.36751601830391,94.00545239245791,267.47551646567354,344.0,
1344,1000,977,Medium,475,471,262.07430997876855,92.5591748518584,76.95596027505175,447.1926596824853,535.0,472.0
1344,1000,977,High,236,217,348.5299539170507,116.68738021080439,115.15519349544192,581.9047143386595,714.0,613.0
1345,1000,977,Low,289,289,180.74048442906573,43.36751601830391,94.00545239245791,267.47551646567354,344.0,
1345,1000,977,Medium,475,471,262.07430997876855,92.5591748518584,76.95596027505175,447.1926596824853,535.0,473.0
1345,1000,977,High,236,217,348.5299539170507,116.68738021080439,115.15519349544192,581.9047143386595,714.0,614.0
1346,1000,979,Low,289,289,180.74048442906573,43.36751601830391,94.00545239245791,267.47551646567354,344.0,
1346,1000,979,Medium,475,472,262.52330508474574,92.97400206947871,76.57530094578831,448.4713092237032,535.0,378.0
1346,1000,979,High,236,218,349.3715596330275,117.0794937254708,115.21257218208592,583.5305470839692,714.0,615.0
1347,1000,979,Low,289,289,180.74048442906573,43.36751601830391,94.00545239245791,267.47551646567354,344.0,
1347,1000,979,Medium,475,472,262.52330508474574,92.97400206947871,76.57530094578831,448.4713092237032,535.0,379.0
1347,1000,979,High,236,218,349.3715596330275,117.0794937254708,115.21257218208592,583.5305470839692,714.0,616.0
1348,1000,979,Low,289,289,180.74048442906573,43.36751601830391,94.00545239245791,267.47551646567354,344.0,
1348,1000,979,Medium,475,472,262.52330508474574,92.97400206947871,76.57530094578831,448.4713092237032,535.0,380.0
1348,1000,979,High,236,218,349.3715596330275,117.0794937254708,115.21257218208592,583.5305470839692,714.0,617.0
1349,1000,979,Low,289,289,180.74048442906573,43.36751601830391,94.00545239245791,267.47551646567354,344.0,
1349,1000,979,Medium,475,472,262.52330508474574,92.97400206947871,76.57530094578831,448.4713092237032,535.0,381.0
1349,1000,979,High,236,218,349.3715596330275,117.0794937254708,115.21257218208592,583.5305470839692,714.0,618.0
1350,1000,979,Low,289,289,180.74048442906573,43.36751601830391,94.00545239245791,267.47551646567354,344.0,
1350,1000,979,Medium,475,472,262.52330508474574,92.97400206947871,76.57530094578831,448.4713092237032,535.0,382.0
1350,1000,979,High,236,218,349.3715596330275,117.0794937254708,115.21257218208592,583.5305470839692,714.0,619.0
1351,1000,980,Low,289,289,180.74048442906573,43.36751601830391,94.00545239245791,267.47551646567354,344.0,
1351,1000,980,Medium,475,472,262.52330508474574,92.97400206947871,76.57530094578831,448.4713092237032,535.0,383.0
1351,1000,980,High,236,219,349.53881278538813,116.83687405110422,115.8650646831797,583.2125608875965,714.0,620.0
1352,1000,980,Low,289,289,180.74048442906573,43.36751601830391,94.00545239245791,267.47551646567354,344.0,
1352,1000,980,Medium,475,472,262.52330508474574,92.97400206947871,76.57530094578831,448.4713092237032,535.0,384.0
1352,1000,980,High,236,219,349.53881278538813,116.83687405110422,115.8650646831797,583.2125608875965,714.0,621.0
1353,1000,980,Low,289,289,180.74048442906573,43.36751601830391,94.00545239245791,267.47551646567354,344.0,
1353,1000,980,Medium,475,472,262.52330508474574,92.97400206947871,76.57530094578831,448.4713092237032,535.0,385.0
1353,1000,980,High,236,219,349.53881278538813,116.83687405110422,115.8650646831797,583.2125608875965,714.0,622.0
1354,1000,980,Low,289,289,180.74048442906573,43.36751601830391,94.00545239245791,267.47551646567354,344.0,
1354,1000,980,Medium,475,472,262.52330508474574,92.97400206947871,76.57530094578831,448.4713092237032,535.0,386.0
1354,1000,980,High,236,219,349.53881278538813,116.83687405110422,115.8650646831797,583.2125608875965,714.0,623.0
1355,1000,981,Low,289,289,180.74048442906573,43.36751601830391,94.00545239245791,267.47551646567354,344.0,
1355,1000,981,Medium,475,472,262.52330508474574,92.97400206947871,76.57530094578831,448.4713092237032,535.0,387.0
1355,1000,981,High,236,220,350.3727272727273,117.2242014605053,115.92432435171668,584.8211301937379,714.0,624.0
1356,1000,981,Low,289,289,180.74048442906573,43.36751601830391,94.00545239245791,267.47551646567354,344.0,
1356,1000,981,Medium,475,472,262.52330508474574,92.97400206947871,76.57530094578831,448.4713092237032,535.0,388.0
1356,1000,981,High,236,220,350.3727272727273,117.2242014605053,115.92432435171668,584.8211301937379,714.0,625.0
1357,1000,981,Low,289,289,180.74048442906573,43.36751601830391,94.00545239245791,267.47551646567354,344.0,
1357,1000,981,Medium,475,472,262.52330508474574,92.97400206947871,76.57530094578831,448.4713092237032,535.0,389.0
1357,1000,981,High,236,220,350.3727272727273,117.2242014605053,115.92432435171668,584.8211301937379,714.0,626.0
1358,1000,981,Low,289,289,180.74048442906573,43.36751601830391,94.00545239245791,267.47551646567354,344.0,
1358,1000,981,Medium,475,472,262.52330508474574,92.97400206947871,76.57530094578831,448.4713092237032,535.0,390.0
1358,1000,981,High,236,220,350.3727272727273,117.2242014605053,115.92432435171668,584.8211301937379,714.0,627.0
1359,1000,981,Low,289,289,180.74048442906573,43.36751601830391,94.00545239245791,267.47551646567354,344.0,
1359,1000,981,Medium,475,472,262.52330508474574,92.97400206947871,76.57530094578831,448.4713092237032,535.0,391.0
1359,1000,981,High,236,220,350.3727272727273,117.2242014605053,115.92432435171668,584.8211301937379,714.0,628.0
1360,1000,981,Low,289,289,180.74048442906573,43.36751601830391,94.00545239245791,267.47551646567354,344.0,
1360,1000,981,Medium,475,472,262.52330508474574,92.97400206947871,76.57530094578831,448.4713092237032,535.0,392.0
1360,1000,981,High,236,220,350.3727272727273,117.2242014605053,115.92432435171668,584.8211301937379,714.0,629.0
1361,1000,981,Low,289,289,180.74048442906573,43.36751601830391,94.00545239245791,267.47551646567354,344.0,
1361,1000,981,Medium,475,472,262.52330508474574,92.97400206947871,76.57530094578831,448.4713092237032,535.0,393.0
1361,1000,981,High,236,220,350.3727272727273,117.2242014605053,115.92432435171668,584.8211301937379,714.0,630.0
1362,1000,981,Low,289,289,180.74048442906573,43.36751601830391,94.00545239245791,267.47551646567354,344.0,
1362,1000,981,Medium,475,472,262.52330508474574,92.97400206947871,76.57530094578831,448.4713092237032,535.0,394.0
1362,1000,981,High,236,220,350.3727272727273,117.2242014605053,115.92432435171668,584.8211301937379,714.0,631.0
1363,1000,981,Low,289,289,180.74048442906573,43.36751601830391,94.00545239245791,267.47551646567354,344.0,
1363,1000,981,Medium,475,472,262.52330508474574,92.97400206947871,76.57530094578831,448.4713092237032,535.0,395.0
1363,1000,981,High,236,220,350.3727272727273,117.2242014605053,115.92432435171668,584.8211301937379,714.0,632.0
1364,1000,982,Low,289,289,180.74048442906573,43.36751601830391,94.00545239245791,267.47551646567354,344.0,
1364,1000,982,Medium,475,472,262.52330508474574,92.97400206947871,76.57530094578831,448.4713092237032,535.0,396.0
1364,1000,982,High,236,221,350.92760180995475,117.24800524817934,116.43159131359607,585.4236123063134,714.0,633.0
1365,1000,982,Low,289,289,180.74048442906573,43.36751601830391,94.00545239245791,267.47551646567354,344.0,
1365,1000,982,Medium,475,472,262.52330508474574,92.97400206947871,76.57530094578831,448.4713092237032,535.0,397.0
1365,1000,982,High,236,221,350.92760180995475,117.24800524817934,116.43159131359607,585.4236123063134,714.0,634.0
1366,1000,983,Low,289,289,180.74048442906573,43.36751601830391,94.00545239245791,267.47551646567354,344.0,
1366,1000,983,Medium,475,472,262.52330508474574,92.97400206947871,76.57530094578831,448.4713092237032,535.0,398.0
1366,1000,983,High,236,222,351.22522522522524,117.0664571041095,117.09231101700624,585.3581394334442,714.0,635.0
1367,1000,983,Low,289,289,180.74048442906573,43.36751601830391,94.00545239245791,267.47551646567354,344.0,
1367,1000,983,Medium,475,472,262.52330508474574,92.97400206947871,76.57530094578831,448.4713092237032,535.0,399.0
1367,1000,983,High,236,222,351.22522522522524,117.0664571041095,117.09231101700624,585.3581394334442,714.0,636.0
1368,1000,983,Low,289,289,180.74048442906573,43.36751601830391,94.00545239245791,267.47551646567354,344.0,
1368,1000,983,Medium,475,472,262.52330508474574,92.97400206947871,76.57530094578831,448.4713092237032,535.0,400.0
1368,1000,983,High,236,222,351.22522522522524,117.0664571041095,117.09231101700624,585.3581394334442,714.0,637.0
1369,1000,983,Low,289,289,180.74048442906573,43.36751601830391,94.00545239245791,267.47551646567354,344.0,
1369,1000,983,Medium,475,472,262.52330508474574,92.97400206947871,76.57530094578831,448.4713092237032,535.0,401.0
1369,1000,983,High,236,222,351.22522522522524,117.0664571041095,117.09231101700624,585.3581394334442,714.0,638.0
1370,1000,983,Low,289,289,180.74048442906573,43.36751601830391,94.00545239245791,267.47551646567354,344.0,
1370,1000,983,Medium,475,472,262.52330508474574,92.97400206947871,76.57530094578831,448.4713092237032,535.0,402.0
1370,1000,983,High,236,222,351.22522522522524,117.0664571041095,117.09231101700624,585.3581394334442,714.0,639.0
1371,1000,983,Low,289,289,180.74048442906573,43.36751601830391,94.00545239245791,267.47551646567354,344.0,
1371,1000,983,Medium,475,472,262.52330508474574,92.97400206947871,76.57530094578831,448.4713092237032,535.0,403.0
1371,1000,983,High,236,222,351.22522522522524,117.0664571041095,117.09231101700624,585.3581394334442,714.0,640.0
1372,1000,983,Low,289,289,180.74048442906573,43.36751601830391,94.00545239245791,267.47551646567354,344.0,
1372,1000,983,Medium,475,472,262.52330508474574,92.97400206947871,76.57530094578831,448.4713092237032,535.0,404.0
1372,1000,983,High,236,222,351.22522522522524,117.0664571041095,117.09231101700624,585.3581394334442,714.0,641.0
1373,1000,983,Low,289,289,180.74048442906573,43.36751601830391,94.00545239245791,267.47551646567354,344.0,
1373,1000,983,Medium,475,472,262.52330508474574,92.97400206947871,76.57530094578831,448.4713092237032,535.0,405.0
1373,1000,983,High,236,222,351.22522522522524,117.0664571041095,117.09231101700624,585.3581394334442,714.0,642.0
1374,1000,983,Low,289,289,180.74048442906573,43.36751601830391,94.00545239245791,267.47551646567354,344.0,
1374,1000,983,Medium,475,472,262.52330508474574,92.97400206947871,76.57530094578831,448.4713092237032,535.0,406.0
1374,1000,983,High,236,222,351.22522522522524,117.0664571041095,117.09231101700624,585.3581394334442,714.0,643.0
1375,1000,983,Low,289,289,180.74048442906573,43.36751601830391,94.00545239245791,267.47551646567354,344.0,
1375,1000,983,Medium,475,472,262.52330508474574,92.97400206947871,76.57530094578831,448.4713092237032,535.0,407.0
1375,1000,983,High,236,222,351.22522522522524,117.0664571041095,117.09231101700624,585.3581394334442,714.0,644.0
1376,1000,983,Low,289,289,180.74048442906573,43.36751601830391,94.00545239245791,267.47551646567354,344.0,
1376,1000,983,Medium,475,472,262.52330508474574,92.97400206947871,76.57530094578831,448.4713092237032,535.0,408.0
1376,1000,983,High,236,222,351.22522522522524,117.0664571041095,117.09231101700624,585.3581394334442,714.0,645.0
1377,1000,983,Low,289,289,180.74048442906573,43.36751601830391,94.00545239245791,267.47551646567354,344.0,
1377,1000,983,Medium,475,472,262.52330508474574,92.97400206947871,76.57530094578831,448.4713092237032,535.0,409.0
1377,1000,983,High,236,222,351.22522522522524,117.0664571041095,117.09231101700624,585.3581394334442,714.0,646.0
1378,1000,983,Low,289,289,180.74048442906573,43.36751601830391,94.00545239245791,267.47551646567354,344.0,
1378,1000,983,Medium,475,472,262.52330508474574,92.97400206947871,76.57530094578831,448.4713092237032,535.0,410.0
1378,1000,983,High,236,222,351.22522522522524,117.0664571041095,117.09231101700624,585.3581394334442,714.0,647.0
1379,1000,983,Low,289,289,180.74048442906573,43.36751601830391,94.00545239245791,267.47551646567354,344.0,
1379,1000,983,Medium,475,472,262.52330508474574,92.97400206947871,76.57530094578831,448.4713092237032,535.0,411.0
1379,1000,983,High,236,222,351.22522522522524,117.0664571041095,117.09231101700624,585.3581394334442,714.0,648.0
1380,1000,983,Low,289,289,180.74048442906573,43.36751601830391,94.00545239245791,267.47551646567354,344.0,
1380,1000,983,Medium,475,472,262.52330508474574,92.97400206947871,76.57530094578831,448.4713092237032,535.0,412.0
1380,1000,983,High,236,222,351.22522522522524,117.0664571041095,117.09231101700624,585.3581394334442,714.0,649.0
1381,1000,983,Low,289,289,180.74048442906573,43.36751601830391,94.00545239245791,267.47551646567354,344.0,
1381,1000,983,Medium,475,472,262.52330508474574,92.97400206947871,76.57530094578831,448.4713092237032,535.0,413.0
1381,1000,983,High,236,222,351.22522522522524,117.0664571041095,117.09231101700624,585.3581394334442,714.0,650.0
1382,1000,984,Low,289,289,180.74048442906573,43.36751601830391,94.00545239245791,267.47551646567354,344.0,
1382,1000,984,Medium,475,472,262.52330508474574,92.97400206947871,76.57530094578831,448.4713092237032,535.0,414.0
1382,1000,984,High,236,223,351.68161434977577,117.00116259179902,117.67928916617774,585.6839395333739,714.0,651.0
1383,1000,984,Low,289,289,180.74048442906573,43.36751601830391,94.00545239245791,267.47551646567354,344.0,
1383,1000,984,Medium,475,472,262.52330508474574,92.97400206947871,76.57530094578831,448.4713092237032,535.0,415.0
1383,1000,984,High,236,223,351.68161434977577,117.00116259179902,117.67928916617774,585.6839395333739,714.0,652.0
1384,1000,985,Low,289,289,180.74048442906573,43.36751601830391,94.00545239245791,267.47551646567354,344.0,
1384,1000,985,Medium,475,473,262.84566596194503,93.139699768217,76.56626642551103,449.12506549837906,535.0,416.0
1384,1000,985,High,236,223,351.68161434977577,117.00116259179902,117.67928916617774,585.6839395333739,714.0,653.0
1385,1000,986,Low,289,289,180.74048442906573,43.36751601830391,94.00545239245791,267.47551646567354,344.0,
1385,1000,986,Medium,475,473,262.84566596194503,93.139699768217,76.56626642551103,449.12506549837906,535.0,417.0
1385,1000,986,High,236,224,352.04017857142856,116.86181787520685,118.31654282101485,585.7638143218422,714.0,654.0
1386,1000,986,Low,289,289,180.74048442906573,43.36751601830391,94.00545239245791,267.47551646567354,344.0,
1386,1000,986,Medium,475,473,262.84566596194503,93.139699768217,76.56626642551103,449.12506549837906,535.0,418.0
1386,1000,986,High,236,224,352.04017857142856,116.86181787520685,118.31654282101485,585.7638143218422,714.0,655.0
1387,1000,986,Low,289,289,180.74048442906573,43.36751601830391,94.00545239245791,267.47551646567354,344.0,
1387,1000,986,Medium,475,473,262.84566596194503,93.139699768217,76.56626642551103,449.12506549837906,535.0,419.0
1387,1000,986,High,236,224,352.04017857142856,116.86181787520685,118.31654282101485,585.7638143218422,714.0,656.0
1388,1000,986,Low,289,289,180.74048442906573,43.36751601830391,94.00545239245791,267.47551646567354,344.0,
1388,1000,986,Medium,475,473,262.84566596194503,93.139699768217,76.56626642551103,449.12506549837906,535.0,420.0
1388,1000,986,High,236,224,352.04017857142856,116.86181787520685,118.31654282101485,585.7638143218422,714.0,657.0
1389,1000,987,Low,289,289,180.74048442906573,43.36751601830391,94.00545239245791,267.47551646567354,344.0,
1389,1000,987,Medium,475,473,262.84566596194503,93.139699768217,76.56626642551103,449.12506549837906,535.0,421.0
1389,1000,987,High,236,225,352.31555555555553,116.67381644758366,118.96792266038821,585.6631884507228,714.0,658.0
1390,1000,987,Low,289,289,180.74048442906573,43.36751601830391,94.00545239245791,267.47551646567354,344.0,
1390,1000,987,Medium,475,473,262.84566596194503,93.139699768217,76.56626642551103,449.12506549837906,535.0,422.0
1390,1000,987,High,236,225,352.31555555555553,116.67381644758366,118.96792266038821,585.6631884507228,714.0,659.0
1391,1000,987,Low,289,289,180.74048442906573,43.36751601830391,94.00545239245791,267.47551646567354,344.0,
1391,1000,987,Medium,475,473,262.84566596194503,93.139699768217,76.56626642551103,449.12506549837906,535.0,423.0
1391,1000,987,High,236,225,352.31555555555553,116.67381644758366,118.96792266038821,585.6631884507228,714.0,660.0
1392,1000,987,Low,289,289,180.74048442906573,43.36751601830391,94.00545239245791,267.47551646567354,344.0,
1392,1000,987,Medium,475,473,262.84566596194503,93.139699768217,76.56626642551103,449.12506549837906,535.0,424.0
1392,1000,987,High,236,225,352.31555555555553,116.67381644758366,118.96792266038821,585.6631884507228,714.0,661.0
1393,1000,987,Low,289,289,180.74048442906573,43.36751601830391,94.00545239245791,267.47551646567354,344.0,
1393,1000,987,Medium,475,473,262.84566596194503,93.139699768217,76.56626642551103,449.12506549837906,535.0,425.0
1393,1000,987,High,236,225,352.31555555555553,116.67381644758366,118.96792266038821,585.6631884507228,714.0,662.0
1394,1000,987,Low,289,289,180.74048442906573,43.36751601830391,94.00545239245791,267.47551646567354,344.0,
1394,1000,987,Medium,475,473,262.84566596194503,93.139699768217,76.56626642551103,449.12506549837906,535.0,426.0
1394,1000,987,High,236,225,352.31555555555553,116.67381644758366,118.96792266038821,585.6631884507228,714.0,663.0
1395,1000,987,Low,289,289,180.74048442906573,43.36751601830391,94.00545239245791,267.47551646567354,344.0,
1395,1000,987,Medium,475,473,262.84566596194503,93.139699768217,76.56626642551103,449.12506549837906,535.0,427.0
1395,1000,987,High,236,225,352.31555555555553,116.67381644758366,118.96792266038821,585.6631884507228,714.0,664.0
1396,1000,988,Low,289,289,180.74048442906573,43.36751601830391,94.00545239245791,267.47551646567354,344.0,
1396,1000,988,Medium,475,473,262.84566596194503,93.139699768217,76.56626642551103,449.12506549837906,535.0,428.0
1396,1000,988,High,236,226,353.0929203539823,116.99935514869901,119.0942100565843,587.0916306513803,714.0,665.0
1397,1000,988,Low,289,289,180.74048442906573,43.36751601830391,94.00545239245791,267.47551646567354,344.0,
1397,1000,988,Medium,475,473,262.84566596194503,93.139699768217,76.56626642551103,449.12506549837906,535.0,429.0
1397,1000,988,High,236,226,353.0929203539823,116.99935514869901,119.0942100565843,587.0916306513803,714.0,666.0
1398,1000,988,Low,289,289,180.74048442906573,43.36751601830391,94.00545239245791,267.47551646567354,344.0,
1398,1000,988,Medium,475,473,262.84566596194503,93.139699768217,76.56626642551103,449.12506549837906,535.0,430.0
1398,1000,988,High,236,226,353.0929203539823,116.99935514869901,119.0942100565843,587.0916306513803,714.0,667.0
1399,1000,988,Low,289,289,180.74048442906573,43.36751601830391,94.00545239245791,267.47551646567354,344.0,
1399,1000,988,Medium,475,473,262.84566596194503,93.139699768217,76.56626642551103,449.12506549837906,535.0,431.0
1399,1000,988,High,236,226,353.0929203539823,116.99935514869901,119.0942100565843,587.0916306513803,714.0,668.0
1400,1000,988,Low,289,289,180.74048442906573,43.36751601830391,94.00545239245791,267.47551646567354,344.0,
1400,1000,988,Medium,475,473,262.84566596194503,93.139699768217,76.56626642551103,449.12506549837906,535.0,432.0
1400,1000,988,High,236,226,353.0929203539823,116.99935514869901,119.0942100565843,587.0916306513803,714.0,669.0
1401,1000,988,Low,289,289,180.74048442906573,43.36751601830391,94.00545239245791,267.47551646567354,344.0,
1401,1000,988,Medium,475,473,262.84566596194503,93.139699768217,76.56626642551103,449.12506549837906,535.0,433.0
1401,1000,988,High,236,226,353.0929203539823,116.99935514869901,119.0942100565843,587.0916306513803,714.0,670.0
1402,1000,988,Low,289,289,180.74048442906573,43.36751601830391,94.00545239245791,267.47551646567354,344.0,
1402,1000,988,Medium,475,473,262.84566596194503,93.139699768217,76.56626642551103,449.12506549837906,535.0,434.0
1402,1000,988,High,236,226,353.0929203539823,116.99935514869901,119.0942100565843,587.0916306513803,714.0,671.0
1403,1000,988,Low,289,289,180.74048442906573,43.36751601830391,94.00545239245791,267.47551646567354,344.0,
1403,1000,988,Medium,475,473,262.84566596194503,93.139699768217,76.56626642551103,449.12506549837906,535.0,435.0
1403,1000,988,High,236,226,353.0929203539823,116.99935514869901,119.0942100565843,587.0916306513803,714.0,672.0
1404,1000,989,Low,289,289,180.74048442906573,43.36751601830391,94.00545239245791,267.47551646567354,344.0,
1404,1000,989,Medium,475,473,262.84566596194503,93.139699768217,76.56626642551103,449.12506549837906,535.0,436.0
1404,1000,989,High,236,227,353.9867841409692,117.51446833069585,118.95784747957748,589.0157208023609,714.0,673.0
1405,1000,989,Low,289,289,180.74048442906573,43.36751601830391,94.00545239245791,267.47551646567354,344.0,
1405,1000,989,Medium,475,473,262.84566596194503,93.139699768217,76.56626642551103,449.12506549837906,535.0,437.0
1405,1000,989,High,236,227,353.9867841409692,117.51446833069585,118.95784747957748,589.0157208023609,714.0,674.0
1406,1000,989,Low,289,289,180.74048442906573,43.36751601830391,94.00545239245791,267.47551646567354,344.0,
1406,1000,989,Medium,475,473,262.84566596194503,93.139699768217,76.56626642551103,449.12506549837906,535.0,438.0
1406,1000,989,High,236,227,353.9867841409692,117.51446833069585,118.95784747957748,589.0157208023609,714.0,675.0
1407,1000,989,Low,289,289,180.74048442906573,43.36751601830391,94.00545239245791,267.47551646567354,344.0,
1407,1000,989,Medium,475,473,262.84566596194503,93.139699768217,76.56626642551103,449.12506549837906,535.0,439.0
1407,1000,989,High,236,227,353.9867841409692,117.51446833069585,118.95784747957748,589.0157208023609,714.0,676.0
1408,1000,989,Low,289,289,180.74048442906573,43.36751601830391,94.00545239245791,267.47551646567354,344.0,
1408,1000,989,Medium,475,473,262.84566596194503,93.139699768217,76.56626642551103,449.12506549837906,535.0,440.0
1408,1000,989,High,236,227,353.9867841409692,117.51446833069585,118.95784747957748,589.0157208023609,714.0,677.0
1409,1000,989,Low,289,289,180.74048442906573,43.36751601830391,94.00545239245791,267.47551646567354,344.0,
1409,1000,989,Medium,475,473,262.84566596194503,93.139699768217,76.56626642551103,449.12506549837906,535.0,441.0
1409,1000,989,High,236,227,353.9867841409692,117.51446833069585,118.95784747957748,589.0157208023609,714.0,678.0
1410,1000,989,Low,289,289,180.74048442906573,43.36751601830391,94.00545239245791,267.47551646567354,344.0,
1410,1000,989,Medium,475,473,262.84566596194503,93.139699768217,76.56626642551103,449.12506549837906,535.0,442.0
1410,1000,989,High,236,227,353.9867841409692,117.51446833069585,118.95784747957748,589.0157208023609,714.0,679.0
1411,1000,990,Low,289,289,180.74048442906573,43.36751601830391,94.00545239245791,267.47551646567354,344.0,
1411,1000,990,Medium,475,473,262.84566596194503,93.139699768217,76.56626642551103,449.12506549837906,535.0,443.0
1411,1000,990,High,236,228,354.35087719298247,117.38415284200074,119.58257150898098,589.1191828769839,714.0,680.0
1412,1000,990,Low,289,289,180.74048442906573,43.36751601830391,94.00545239245791,267.47551646567354,344.0,
1412,1000,990,Medium,475,473,262.84566596194503,93.139699768217,76.56626642551103,449.12506549837906,535.0,444.0
1412,1000,990,High,236,228,354.35087719298247,117.38415284200074,119.58257150898098,589.1191828769839,714.0,681.0
1413,1000,990,Low,289,289,180.74048442906573,43.36751601830391,94.00545239245791,267.47551646567354,344.0,
1413,1000,990,Medium,475,473,262.84566596194503,93.139699768217,76.56626642551103,449.12506549837906,535.0,445.0
1413,1000,990,High,236,228,354.35087719298247,117.38415284200074,119.58257150898098,589.1191828769839,714.0,682.0
1414,1000,990,Low,289,289,180.74048442906573,43.36751601830391,94.00545239245791,267.47551646567354,344.0,
1414,1000,990,Medium,475,473,262.84566596194503,93.139699768217,76.56626642551103,449.12506549837906,535.0,446.0
1414,1000,990,High,236,228,354.35087719298247,117.38415284200074,119.58257150898098,589.1191828769839,714.0,683.0
1415,1000,990,Low,289,289,180.74048442906573,43.36751601830391,94.00545239245791,267.47551646567354,344.0,
1415,1000,990,Medium,475,473,262.84566596194503,93.139699768217,76.56626642551103,449.12506549837906,535.0,447.0
1415,1000,990,High,236,228,354.35087719298247,117.38415284200074,119.58257150898098,589.1191828769839,714.0,684.0
1416,1000,990,Low,289,289,180.74048442906573,43.36751601830391,94.00545239245791,267.47551646567354,344.0,
1416,1000,990,Medium,475,473,262.84566596194503,93.139699768217,76.56626642551103,449.12506549837906,535.0,448.0
1416,1000,990,High,236,228,354.35087719298247,117.38415284200074,119.58257150898098,589.1191828769839,714.0,685.0
1417,1000,990,Low,289,289,180.74048442906573,43.36751601830391,94.00545239245791,267.47551646567354,344.0,
1417,1000,990,Medium,475,473,262.84566596194503,93.139699768217,76.56626642551103,449.12506549837906,535.0,449.0
1417,1000,990,High,236,228,354.35087719298247,117.38415284200074,119.58257150898098,589.1191828769839,714.0,686.0
1418,1000,990,Low,289,289,180.74048442906573,43.36751601830391,94.00545239245791,267.47551646567354,344.0,
1418,1000,990,Medium,475,473,262.84566596194503,93.139699768217,76.56626642551103,449.12506549837906,535.0,450.0
1418,1000,990,High,236,228,354.35087719298247,117.38415284200074,119.58257150898098,589.1191828769839,714.0,687.0
1419,1000,990,Low,289,289,180.74048442906573,43.36751601830391,94.00545239245791,267.47551646567354,344.0,
1419,1000,990,Medium,475,473,262.84566596194503,93.139699768217,76.56626642551103,449.12506549837906,535.0,451.0
1419,1000,990,High,236,228,354.35087719298247,117.38415284200074,119.58257150898098,589.1191828769839,714.0,688.0
1420,1000,990,Low,289,289,180.74048442906573,43.36751601830391,94.00545239245791,267.47551646567354,344.0,
1420,1000,990,Medium,475,473,262.84566596194503,93.139699768217,76.56626642551103,449.12506549837906,535.0,452.0
1420,1000,990,High,236,228,354.35087719298247,117.38415284200074,119.58257150898098,589.1191828769839,714.0,689.0
1421,1000,990,Low,289,289,180.74048442906573,43.36751601830391,94.00545239245791,267.47551646567354,344.0,
1421,1000,990,Medium,475,473,262.84566596194503,93.139699768217,76.56626642551103,449.12506549837906,535.0,453.0
1421,1000,990,High,236,228,354.35087719298247,117.38415284200074,119.58257150898098,589.1191828769839,714.0,690.0
1422,1000,990,Low,289,289,180.74048442906573,43.36751601830391,94.00545239245791,267.47551646567354,344.0,
1422,1000,990,Medium,475,473,262.84566596194503,93.139699768217,76.56626642551103,449.12506549837906,535.0,454.0
1422,1000,990,High,236,228,354.35087719298247,117.38415284200074,119.58257150898098,589.1191828769839,714.0,691.0
1423,1000,991,Low,289,289,180.74048442906573,43.36751601830391,94.00545239245791,267.47551646567354,344.0,
1423,1000,991,Medium,475,474,263.21308016877634,93.38442086935922,76.44423843005791,449.9819219074948,535.0,455.0
1423,1000,991,High,236,228,354.35087719298247,117.38415284200074,119.58257150898098,589.1191828769839,714.0,692.0
1424,1000,991,Low,289,289,180.74048442906573,43.36751601830391,94.00545239245791,267.47551646567354,344.0,
1424,1000,991,Medium,475,474,263.21308016877634,93.38442086935922,76.44423843005791,449.9819219074948,535.0,456.0
1424,1000,991,High,236,228,354.35087719298247,117.38415284200074,119.58257150898098,589.1191828769839,714.0,693.0
1425,1000,991,Low,289,289,180.74048442906573,43.36751601830391,94.00545239245791,267.47551646567354,344.0,
1425,1000,991,Medium,475,474,263.21308016877634,93.38442086935922,76.44423843005791,449.9819219074948,535.0,457.0
1425,1000,991,High,236,228,354.35087719298247,117.38415284200074,119.58257150898098,589.1191828769839,714.0,694.0
1426,1000,991,Low,289,289,180.74048442906573,43.36751601830391,94.00545239245791,267.47551646567354,344.0,
1426,1000,991,Medium,475,474,263.21308016877634,93.38442086935922,76.44423843005791,449.9819219074948,535.0,458.0
1426,1000,991,High,236,228,354.35087719298247,117.38415284200074,119.58257150898098,589.1191828769839,714.0,695.0
1427,1000,992,Low,289,289,180.74048442906573,43.36751601830391,94.00545239245791,267.47551646567354,344.0,
1427,1000,992,Medium,475,474,263.21308016877634,93.38442086935922,76.44423843005791,449.9819219074948,535.0,459.0
1427,1000,992,High,236,229,355.8427947598253,119.28251038347209,117.27777399288115,594.4078155267695,714.0,600.0
1428,1000,992,Low,289,289,180.74048442906573,43.36751601830391,94.00545239245791,267.47551646567354,344.0,
1428,1000,992,Medium,475,474,263.21308016877634,93.38442086935922,76.44423843005791,449.9819219074948,535.0,460.0
1428,1000,992,High,236,229,355.8427947598253,119.28251038347209,117.27777399288115,594.4078155267695,714.0,601.0
1429,1000,992,Low,289,289,180.74048442906573,43.36751601830391,94.00545239245791,267.47551646567354,344.0,
1429,1000,992,Medium,475,474,263.21308016877634,93.38442086935922,76.44423843005791,449.9819219074948,535.0,461.0
1429,1000,992,High,236,229,355.8427947598253,119.28251038347209,117.27777399288115,594.4078155267695,714.0,602.0
1430,1000,992,Low,289,289,180.74048442906573,43.36751601830391,94.00545239245791,267.47551646567354,344.0,
1430,1000,992,Medium,475,474,263.21308016877634,93.38442086935922,76.44423843005791,449.9819219074948,535.0,462.0
1430,1000,992,High,236,229,355.8427947598253,119.28251038347209,117.27777399288115,594.4078155267695,714.0,603.0
1431,1000,992,Low,289,289,180.74048442906573,43.36751601830391,94.00545239245791,267.47551646567354,344.0,
1431,1000,992,Medium,475,474,263.21308016877634,93.38442086935922,76.44423843005791,449.9819219074948,535.0,463.0
1431,1000,992,High,236,229,355.8427947598253,119.28251038347209,117.27777399288115,594.4078155267695,714.0,604.0
1432,1000,992,Low,289,289,180.74048442906573,43.36751601830391,94.00545239245791,267.47551646567354,344.0,
1432,1000,992,Medium,475,474,263.21308016877634,93.38442086935922,76.44423843005791,449.9819219074948,535.0,464.0
1432,1000,992,High,236,229,355.8427947598253,119.28251038347209,117.27777399288115,594.4078155267695,714.0,605.0
1433,1000,992,Low,289,289,180.74048442906573,43.36751601830391,94.00545239245791,267.47551646567354,344.0,
1433,1000,992,Medium,475,474,263.21308016877634,93.38442086935922,76.44423843005791,449.9819219074948,535.0,465.0
1433,1000,992,High,236,229,355.8427947598253,119.28251038347209,117.27777399288115,594.4078155267695,714.0,606.0
1434,1000,992,Low,289,289,180.74048442906573,43.36751601830391,94.00545239245791,267.47551646567354,344.0,
1434,1000,992,Medium,475,474,263.21308016877634,93.38442086935922,76.44423843005791,449.9819219074948,535.0,466.0
1434,1000,992,High,236,229,355.8427947598253,119.28251038347209,117.27777399288115,594.4078155267695,714.0,607.0
1435,1000,992,Low,289,289,180.74048442906573,43.36751601830391,94.00545239245791,267.47551646567354,344.0,
1435,1000,992,Medium,475,474,263.21308016877634,93.38442086935922,76.44423843005791,449.9819219074948,535.0,467.0
1435,1000,992,High,236,229,355.8427947598253,119.28251038347209,117.27777399288115,594.4078155267695,714.0,608.0
1436,1000,992,Low,289,289,180.74048442906573,43.36751601830391,94.00545239245791,267.47551646567354,344.0,
1436,1000,992,Medium,475,474,263.21308016877634,93.38442086935922,76.44423843005791,449.9819219074948,535.0,468.0
1436,1000,992,High,236,229,355.8427947598253,119.28251038347209,117.27777399288115,594.4078155267695,714.0,609.0
1437,1000,993,Low,289,289,180.74048442906573,43.36751601830391,94.00545239245791,267.47551646567354,344.0,
1437,1000,993,Medium,475,474,263.21308016877634,93.38442086935922,76.44423843005791,449.9819219074948,535.0,469.0
1437,1000,993,High,236,230,356.9478260869565,120.19582591465424,116.55617425764805,597.339477916265,714.0,563.0
1438,1000,993,Low,289,289,180.74048442906573,43.36751601830391,94.00545239245791,267.47551646567354,344.0,
1438,1000,993,Medium,475,474,263.21308016877634,93.38442086935922,76.44423843005791,449.9819219074948,535.0,470.0
1438,1000,993,High,236,230,356.9478260869565,120.19582591465424,116.55617425764805,597.339477916265,714.0,564.0
1439,1000,993,Low,289,289,180.74048442906573,43.36751601830391,94.00545239245791,267.47551646567354,344.0,
1439,1000,993,Medium,475,474,263.21308016877634,93.38442086935922,76.44423843005791,449.9819219074948,535.0,471.0
1439,1000,993,High,236,230,356.9478260869565,120.19582591465424,116.55617425764805,597.339477916265,714.0,565.0
1440,1000,993,Low,289,289,180.74048442906573,43.36751601830391,94.00545239245791,267.47551646567354,344.0,
1440,1000,993,Medium,475,474,263.21308016877634,93.38442086935922,76.44423843005791,449.9819219074948,535.0,472.0
1440,1000,993,High,236,230,356.9478260869565,120.19582591465424,116.55617425764805,597.339477916265,714.0,566.0
1441,1000,993,Low,289,289,180.74048442906573,43.36751601830391,94.00545239245791,267.47551646567354,344.0,
1441,1000,993,Medium,475,474,263.21308016877634,93.38442086935922,76.44423843005791,449.9819219074948,535.0,473.0
1441,1000,993,High,236,230,356.9478260869565,120.19582591465424,116.55617425764805,597.339477916265,714.0,567.0
1442,1000,993,Low,289,289,180.74048442906573,43.36751601830391,94.00545239245791,267.47551646567354,344.0,
1442,1000,993,Medium,475,474,263.21308016877634,93.38442086935922,76.44423843005791,449.9819219074948,535.0,474.0
1442,1000,993,High,236,230,356.9478260869565,120.19582591465424,116.55617425764805,597.339477916265,714.0,568.0
1443,1000,993,Low,289,289,180.74048442906573,43.36751601830391,94.00545239245791,267.47551646567354,344.0,
1443,1000,993,Medium,475,474,263.21308016877634,93.38442086935922,76.44423843005791,449.9819219074948,535.0,475.0
1443,1000,993,High,236,230,356.9478260869565,120.19582591465424,116.55617425764805,597.339477916265,714.0,569.0
1444,1000,993,Low,289,289,180.74048442906573,43.36751601830391,94.00545239245791,267.47551646567354,344.0,
1444,1000,993,Medium,475,474,263.21308016877634,93.38442086935922,76.44423843005791,449.9819219074948,535.0,476.0
1444,1000,993,High,236,230,356.9478260869565,120.19582591465424,116.55617425764805,597.339477916265,714.0,570.0
1445,1000,993,Low,289,289,180.74048442906573,43.36751601830391,94.00545239245791,267.47551646567354,344.0,
1445,1000,993,Medium,475,474,263.21308016877634,93.38442086935922,76.44423843005791,449.9819219074948,535.0,477.0
1445,1000,993,High,236,230,356.9478260869565,120.19582591465424,116.55617425764805,597.339477916265,714.0,571.0
1446,1000,995,Low,289,289,180.74048442906573,43.36751601830391,94.00545239245791,267.47551646567354,344.0,
1446,1000,995,Medium,475,474,263.21308016877634,93.38442086935922,76.44423843005791,449.9819219074948,535.0,478.0
1446,1000,995,High,236,232,358.1853448275862,120.49916078406571,117.1870232594548,599.1836663957176,714.0,572.0
1447,1000,995,Low,289,289,180.74048442906573,43.36751601830391,94.00545239245791,267.47551646567354,344.0,
1447,1000,995,Medium,475,474,263.21308016877634,93.38442086935922,76.44423843005791,449.9819219074948,535.0,479.0
1447,1000,995,High,236,232,358.1853448275862,120.49916078406571,117.1870232594548,599.1836663957176,714.0,573.0
1448,1000,995,Low,289,289,180.74048442906573,43.36751601830391,94.00545239245791,267.47551646567354,344.0,
1448,1000,995,Medium,475,474,263.21308016877634,93.38442086935922,76.44423843005791,449.9819219074948,535.0,480.0
1448,1000,995,High,236,232,358.1853448275862,120.49916078406571,117.1870232594548,599.1836663957176,714.0,574.0
1449,1000,995,Low,289,289,180.74048442906573,43.36751601830391,94.00545239245791,267.47551646567354,344.0,
1449,1000,995,Medium,475,474,263.21308016877634,93.38442086935922,76.44423843005791,449.9819219074948,535.0,481.0
1449,1000,995,High,236,232,358.1853448275862,120.49916078406571,117.1870232594548,599.1836663957176,714.0,575.0
1450,1000,995,Low,289,289,180.74048442906573,43.36751601830391,94.00545239245791,267.47551646567354,344.0,
1450,1000,995,Medium,475,474,263.21308016877634,93.38442086935922,76.44423843005791,449.9819219074948,535.0,482.0
1450,1000,995,High,236,232,358.1853448275862,120.49916078406571,117.1870232594548,599.1836663957176,714.0,576.0
1451,1000,995,Low,289,289,180.74048442906573,43.36751601830391,94.00545239245791,267.47551646567354,344.0,
1451,1000,995,Medium,475,474,263.21308016877634,93.38442086935922,76.44423843005791,449.9819219074948,535.0,483.0
1451,1000,995,High,236,232,358.1853448275862,120.49916078406571,117.1870232594548,599.1836663957176,714.0,577.0
1452,1000,995,Low,289,289,180.74048442906573,43.36751601830391,94.00545239245791,267.47551646567354,344.0,
1452,1000,995,Medium,475,474,263.21308016877634,93.38442086935922,76.44423843005791,449.9819219074948,535.0,484.0
1452,1000,995,High,236,232,358.1853448275862,120.49916078406571,117.1870232594548,599.1836663957176,714.0,578.0
1453,1000,995,Low,289,289,180.74048442906573,43.36751601830391,94.00545239245791,267.47551646567354,344.0,
1453,1000,995,Medium,475,474,263.21308016877634,93.38442086935922,76.44423843005791,449.9819219074948,535.0,485.0
1453,1000,995,High,236,232,358.1853448275862,120.49916078406571,117.1870232594548,599.1836663957176,714.0,579.0
1454,1000,995,Low,289,289,180.74048442906573,43.36751601830391,94.00545239245791,267.47551646567354,344.0,
1454,1000,995,Medium,475,474,263.21308016877634,93.38442086935922,76.44423843005791,449.9819219074948,535.0,486.0
1454,1000,995,High,236,232,358.1853448275862,120.49916078406571,117.1870232594548,599.1836663957176,714.0,580.0
1455,1000,995,Low,289,289,180.74048442906573,43.36751601830391,94.00545239245791,267.47551646567354,344.0,
1455,1000,995,Medium,475,474,263.21308016877634,93.38442086935922,76.44423843005791,449.9819219074948,535.0,487.0
1455,1000,995,High,236,232,358.1853448275862,120.49916078406571,117.1870232594548,599.1836663957176,714.0,581.0
1456,1000,995,Low,289,289,180.74048442906573,43.36751601830391,94.00545239245791,267.47551646567354,344.0,
1456,1000,995,Medium,475,474,263.21308016877634,93.38442086935922,76.44423843005791,449.9819219074948,535.0,488.0
1456,1000,995,High,236,232,358.1853448275862,120.49916078406571,117.1870232594548,599.1836663957176,714.0,582.0
1457,1000,995,Low,289,289,180.74048442906573,43.36751601830391,94.00545239245791,267.47551646567354,344.0,
1457,1000,995,Medium,475,474,263.21308016877634,93.38442086935922,76.44423843005791,449.9819219074948,535.0,489.0
1457,1000,995,High,236,232,358.1853448275862,120.49916078406571,117.1870232594548,599.1836663957176,714.0,583.0
1458,1000,995,Low,289,289,180.74048442906573,43.36751601830391,94.00545239245791,267.47551646567354,344.0,
1458,1000,995,Medium,475,474,263.21308016877634,93.38442086935922,76.44423843005791,449.9819219074948,535.0,490.0
1458,1000,995,High,236,232,358.1853448275862,120.49916078406571,117.1870232594548,599.1836663957176,714.0,584.0
1459,1000,995,Low,289,289,180.74048442906573,43.36751601830391,94.00545239245791,267.47551646567354,344.0,
1459,1000,995,Medium,475,474,263.21308016877634,93.38442086935922,76.44423843005791,449.9819219074948,535.0,491.0
1459,1000,995,High,236,232,358.1853448275862,120.49916078406571,117.1870232594548,599.1836663957176,714.0,585.0
1460,1000,995,Low,289,289,180.74048442906573,43.36751601830391,94.00545239245791,267.47551646567354,344.0,
1460,1000,995,Medium,475,474,263.21308016877634,93.38442086935922,76.44423843005791,449.9819219074948,535.0,492.0
1460,1000,995,High,236,232,358.1853448275862,120.49916078406571,117.1870232594548,599.1836663957176,714.0,586.0
1461,1000,995,Low,289,289,180.74048442906573,43.36751601830391,94.00545239245791,267.47551646567354,344.0,
1461,1000,995,Medium,475,474,263.21308016877634,93.38442086935922,76.44423843005791,449.9819219074948,535.0,493.0
1461,1000,995,High,236,232,358.1853448275862,120.49916078406571,117.1870232594548,599.1836663957176,714.0,587.0
1462,1000,995,Low,289,289,180.74048442906573,43.36751601830391,94.00545239245791,267.47551646567354,344.0,
1462,1000,995,Medium,475,474,263.21308016877634,93.38442086935922,76.44423843005791,449.9819219074948,535.0,494.0
1462,1000,995,High,236,232,358.1853448275862,120.49916078406571,117.1870232594548,599.1836663957176,714.0,588.0
1463,1000,995,Low,289,289,180.74048442906573,43.36751601830391,94.00545239245791,267.47551646567354,344.0,
1463,1000,995,Medium,475,474,263.21308016877634,93.38442086935922,76.44423843005791,449.9819219074948,535.0,495.0
1463,1000,995,High,236,232,358.1853448275862,120.49916078406571,117.1870232594548,599.1836663957176,714.0,589.0
1464,1000,995,Low,289,289,180.74048442906573,43.36751601830391,94.00545239245791,267.47551646567354,344.0,
1464,1000,995,Medium,475,474,263.21308016877634,93.38442086935922,76.44423843005791,449.9819219074948,535.0,496.0
1464,1000,995,High,236,232,358.1853448275862,120.49916078406571,117.1870232594548,599.1836663957176,714.0,590.0
1465,1000,995,Low,289,289,180.74048442906573,43.36751601830391,94.00545239245791,267.47551646567354,344.0,
1465,1000,995,Medium,475,474,263.21308016877634,93.38442086935922,76.44423843005791,449.9819219074948,535.0,497.0
1465,1000,995,High,236,232,358.1853448275862,120.49916078406571,117.1870232594548,599.1836663957176,714.0,591.0
1466,1000,995,Low,289,289,180.74048442906573,43.36751601830391,94.00545239245791,267.47551646567354,344.0,
1466,1000,995,Medium,475,474,263.21308016877634,93.38442086935922,76.44423843005791,449.9819219074948,535.0,498.0
1466,1000,995,High,236,232,358.1853448275862,120.49916078406571,117.1870232594548,599.1836663957176,714.0,592.0
1467,1000,995,Low,289,289,180.74048442906573,43.36751601830391,94.00545239245791,267.47551646567354,344.0,
1467,1000,995,Medium,475,474,263.21308016877634,93.38442086935922,76.44423843005791,449.9819219074948,535.0,499.0
1467,1000,995,High,236,232,358.1853448275862,120.49916078406571,117.1870232594548,599.1836663957176,714.0,593.0
1468,1000,995,Low,289,289,180.74048442906573,43.36751601830391,94.00545239245791,267.47551646567354,344.0,
1468,1000,995,Medium,475,474,263.21308016877634,93.38442086935922,76.44423843005791,449.9819219074948,535.0,500.0
1468,1000,995,High,236,232,358.1853448275862,120.49916078406571,117.1870232594548,599.1836663957176,714.0,594.0
1469,1000,996,Low,289,289,180.74048442906573,43.36751601830391,94.00545239245791,267.47551646567354,344.0,
1469,1000,996,Medium,475,474,263.21308016877634,93.38442086935922,76.44423843005791,449.9819219074948,535.0,501.0
1469,1000,996,High,236,233,358.68669527897,120.48247348493886,117.72174830909225,599.6516422488477,714.0,595.0
1470,1000,996,Low,289,289,180.74048442906573,43.36751601830391,94.00545239245791,267.47551646567354,344.0,
1470,1000,996,Medium,475,474,263.21308016877634,93.38442086935922,76.44423843005791,449.9819219074948,535.0,502.0
1470,1000,996,High,236,233,358.68669527897,120.48247348493886,117.72174830909225,599.6516422488477,714.0,596.0
1471,1000,996,Low,289,289,180.74048442906573,43.36751601830391,94.00545239245791,267.47551646567354,344.0,
1471,1000,996,Medium,475,474,263.21308016877634,93.38442086935922,76.44423843005791,449.9819219074948,535.0,503.0
1471,1000,996,High,236,233,358.68669527897,120.48247348493886,117.72174830909225,599.6516422488477,714.0,597.0
1472,1000,996,Low,289,289,180.74048442906573,43.36751601830391,94.00545239245791,267.47551646567354,344.0,
1472,1000,996,Medium,475,474,263.21308016877634,93.38442086935922,76.44423843005791,449.9819219074948,535.0,504.0
1472,1000,996,High,236,233,358.68669527897,120.48247348493886,117.72174830909225,599.6516422488477,714.0,598.0
1473,1000,996,Low,289,289,180.74048442906573,43.36751601830391,94.00545239245791,267.47551646567354,344.0,
1473,1000,996,Medium,475,474,263.21308016877634,93.38442086935922,76.44423843005791,449.9819219074948,535.0,505.0
1473,1000,996,High,236,233,358.68669527897,120.48247348493886,117.72174830909225,599.6516422488477,714.0,599.0
1474,1000,996,Low,289,289,180.74048442906573,43.36751601830391,94.00545239245791,267.47551646567354,344.0,
1474,1000,996,Medium,475,474,263.21308016877634,93.38442086935922,76.44423843005791,449.9819219074948,535.0,506.0
1474,1000,996,High,236,233,358.68669527897,120.48247348493886,117.72174830909225,599.6516422488477,714.0,600.0
1475,1000,996,Low,289,289,180.74048442906573,43.36751601830391,94.00545239245791,267.47551646567354,344.0,
1475,1000,996,Medium,475,474,263.21308016877634,93.38442086935922,76.44423843005791,449.9819219074948,535.0,507.0
1475,1000,996,High,236,233,358.68669527897,120.48247348493886,117.72174830909225,599.6516422488477,714.0,601.0
1476,1000,996,Low,289,289,180.74048442906573,43.36751601830391,94.00545239245791,267.47551646567354,344.0,
1476,1000,996,Medium,475,474,263.21308016877634,93.38442086935922,76.44423843005791,449.9819219074948,535.0,508.0
1476,1000,996,High,236,233,358.68669527897,120.48247348493886,117.72174830909225,599.6516422488477,714.0,602.0
1477,1000,996,Low,289,289,180.74048442906573,43.36751601830391,94.00545239245791,267.47551646567354,344.0,
1477,1000,996,Medium,475,474,263.21308016877634,93.38442086935922,76.44423843005791,449.9819219074948,535.0,509.0
1477,1000,996,High,236,233,358.68669527897,120.48247348493886,117.72174830909225,599.6516422488477,714.0,603.0
1478,1000,996,Low,289,289,180.74048442906573,43.36751601830391,94.00545239245791,267.47551646567354,344.0,
1478,1000,996,Medium,475,474,263.21308016877634,93.38442086935922,76.44423843005791,449.9819219074948,535.0,510.0
1478,1000,996,High,236,233,358.68669527897,120.48247348493886,117.72174830909225,599.6516422488477,714.0,604.0
1479,1000,996,Low,289,289,180.74048442906573,43.36751601830391,94.00545239245791,267.47551646567354,344.0,
1479,1000,996,Medium,475,474,263.21308016877634,93.38442086935922,76.44423843005791,449.9819219074948,535.0,511.0
1479,1000,996,High,236,233,358.68669527897,120.48247348493886,117.72174830909225,599.6516422488477,714.0,605.0
1480,1000,996,Low,289,289,180.74048442906573,43.36751601830391,94.00545239245791,267.47551646567354,344.0,
1480,1000,996,Medium,475,474,263.21308016877634,93.38442086935922,76.44423843005791,449.9819219074948,535.0,512.0
1480,1000,996,High,236,233,358.68669527897,120.48247348493886,117.72174830909225,599.6516422488477,714.0,606.0
1481,1000,996,Low,289,289,180.74048442906573,43.36751601830391,94.00545239245791,267.47551646567354,344.0,
1481,1000,996,Medium,475,474,263.21308016877634,93.38442086935922,76.44423843005791,449.9819219074948,535.0,513.0
1481,1000,996,High,236,233,358.68669527897,120.48247348493886,117.72174830909225,599.6516422488477,714.0,607.0
1482,1000,996,Low,289,289,180.74048442906573,43.36751601830391,94.00545239245791,267.47551646567354,344.0,
1482,1000,996,Medium,475,474,263.21308016877634,93.38442086935922,76.44423843005791,449.9819219074948,535.0,514.0
1482,1000,996,High,236,233,358.68669527897,120.48247348493886,117.72174830909225,599.6516422488477,714.0,608.0
1483,1000,996,Low,289,289,180.74048442906573,43.36751601830391,94.00545239245791,267.47551646567354,344.0,
1483,1000,996,Medium,475,474,263.21308016877634,93.38442086935922,76.44423843005791,449.9819219074948,535.0,515.0
1483,1000,996,High,236,233,358.68669527897,120.48247348493886,117.72174830909225,599.6516422488477,714.0,609.0
1484,1000,996,Low,289,289,180.74048442906573,43.36751601830391,94.00545239245791,267.47551646567354,344.0,
1484,1000,996,Medium,475,474,263.21308016877634,93.38442086935922,76.44423843005791,449.9819219074948,535.0,516.0
1484,1000,996,High,236,233,358.68669527897,120.48247348493886,117.72174830909225,599.6516422488477,714.0,610.0
1485,1000,996,Low,289,289,180.74048442906573,43.36751601830391,94.00545239245791,267.47551646567354,344.0,
1485,1000,996,Medium,475,474,263.21308016877634,93.38442086935922,76.44423843005791,449.9819219074948,535.0,517.0
1485,1000,996,High,236,233,358.68669527897,120.48247348493886,117.72174830909225,599.6516422488477,714.0,611.0
1486,1000,997,Low,289,289,180.74048442906573,43.36751601830391,94.00545239245791,267.47551646567354,344.0,
1486,1000,997,Medium,475,474,263.21308016877634,93.38442086935922,76.44423843005791,449.9819219074948,535.0,518.0
1486,1000,997,High,236,234,359.7692307692308,121.35875129961711,117.05172816999655,602.486733368465,714.0,558.0
1487,1000,997,Low,289,289,180.74048442906573,43.36751601830391,94.00545239245791,267.47551646567354,344.0,
1487,1000,997,Medium,475,474,263.21308016877634,93.38442086935922,76.44423843005791,449.9819219074948,535.0,519.0
1487,1000,997,High,236,234,359.7692307692308,121.35875129961711,117.05172816999655,602.486733368465,714.0,559.0
1488,1000,998,Low,289,289,180.74048442906573,43.36751601830391,94.00545239245791,267.47551646567354,344.0,
1488,1000,998,Medium,475,474,263.21308016877634,93.38442086935922,76.44423843005791,449.9819219074948,535.0,520.0
1488,1000,998,High,236,235,360.6212765957447,121.80152858599396,117.01821942375676,604.2243337677326,714.0,508.0
1489,1000,998,Low,289,289,180.74048442906573,43.36751601830391,94.00545239245791,267.47551646567354,344.0,
1489,1000,998,Medium,475,474,263.21308016877634,93.38442086935922,76.44423843005791,449.9819219074948,535.0,521.0
1489,1000,998,High,236,235,360.6212765957447,121.80152858599396,117.01821942375676,604.2243337677326,714.0,509.0
1490,1000,998,Low,289,289,180.74048442906573,43.36751601830391,94.00545239245791,267.47551646567354,344.0,
1490,1000,998,Medium,475,474,263.21308016877634,93.38442086935922,76.44423843005791,449.9819219074948,535.0,522.0
1490,1000,998,High,236,235,360.6212765957447,121.80152858599396,117.01821942375676,604.2243337677326,714.0,510.0
1491,1000,998,Low,289,289,180.74048442906573,43.36751601830391,94.00545239245791,267.47551646567354,344.0,
1491,1000,998,Medium,475,474,263.21308016877634,93.38442086935922,76.44423843005791,449.9819219074948,535.0,523.0
1491,1000,998,High,236,235,360.6212765957447,121.80152858599396,117.01821942375676,604.2243337677326,714.0,511.0
1492,1000,998,Low,289,289,180.74048442906573,43.36751601830391,94.00545239245791,267.47551646567354,344.0,
1492,1000,998,Medium,475,474,263.21308016877634,93.38442086935922,76.44423843005791,449.9819219074948,535.0,524.0
1492,1000,998,High,236,235,360.6212765957447,121.80152858599396,117.01821942375676,604.2243337677326,714.0,512.0
1493,1000,998,Low,289,289,180.74048442906573,43.36751601830391,94.00545239245791,267.47551646567354,344.0,
1493,1000,998,Medium,475,474,263.21308016877634,93.38442086935922,76.44423843005791,449.9819219074948,535.0,525.0
1493,1000,998,High,236,235,360.6212765957447,121.80152858599396,117.01821942375676,604.2243337677326,714.0,513.0
1494,1000,998,Low,289,289,180.74048442906573,43.36751601830391,94.00545239245791,267.47551646567354,344.0,
1494,1000,998,Medium,475,474,263.21308016877634,93.38442086935922,76.44423843005791,449.9819219074948,535.0,526.0
1494,1000,998,High,236,235,360.6212765957447,121.80152858599396,117.01821942375676,604.2243337677326,714.0,514.0
1495,1000,998,Low,289,289,180.74048442906573,43.36751601830391,94.00545239245791,267.47551646567354,344.0,
1495,1000,998,Medium,475,474,263.21308016877634,93.38442086935922,76.44423843005791,449.9819219074948,535.0,527.0
1495,1000,998,High,236,235,360.6212765957447,121.80152858599396,117.01821942375676,604.2243337677326,714.0,515.0
1496,1000,998,Low,289,289,180.74048442906573,43.36751601830391,94.00545239245791,267.47551646567354,344.0,
1496,1000,998,Medium,475,474,263.21308016877634,93.38442086935922,76.44423843005791,449.9819219074948,535.0,528.0
1496,1000,998,High,236,235,360.6212765957447,121.80152858599396,117.01821942375676,604.2243337677326,714.0,516.0
1497,1000,998,Low,289,289,180.74048442906573,43.36751601830391,94.00545239245791,267.47551646567354,344.0,
1497,1000,998,Medium,475,474,263.21308016877634,93.38442086935922,76.44423843005791,449.9819219074948,535.0,529.0
1497,1000,998,High,236,235,360.6212765957447,121.80152858599396,117.01821942375676,604.2243337677326,714.0,517.0
1498,1000,998,Low,289,289,180.74048442906573,43.36751601830391,94.00545239245791,267.47551646567354,344.0,
1498,1000,998,Medium,475,474,263.21308016877634,93.38442086935922,76.44423843005791,449.9819219074948,535.0,530.0
1498,1000,998,High,236,235,360.6212765957447,121.80152858599396,117.01821942375676,604.2243337677326,714.0,518.0
1499,1000,998,Low,289,289,180.74048442906573,43.36751601830391,94.00545239245791,267.47551646567354,344.0,
1499,1000,998,Medium,475,474,263.21308016877634,93.38442086935922,76.44423843005791,449.9819219074948,535.0,531.0
1499,1000,998,High,236,235,360.6212765957447,121.80152858599396,117.01821942375676,604.2243337677326,714.0,519.0
1500,1000,998,Low,289,289,180.74048442906573,43.36751601830391,94.00545239245791,267.47551646567354,344.0,
1500,1000,998,Medium,475,474,263.21308016877634,93.38442086935922,76.44423843005791,449.9819219074948,535.0,532.0
1500,1000,998,High,236,235,360.6212765957447,121.80152858599396,117.01821942375676,604.2243337677326,714.0,520.0
1501,1000,998,Low,289,289,180.74048442906573,43.36751601830391,94.00545239245791,267.47551646567354,344.0,
1501,1000,998,Medium,475,474,263.21308016877634,93.38442086935922,76.44423843005791,449.9819219074948,535.0,533.0
1501,1000,998,High,236,235,360.6212765957447,121.80152858599396,117.01821942375676,604.2243337677326,714.0,521.0
1502,1000,998,Low,289,289,180.74048442906573,43.36751601830391,94.00545239245791,267.47551646567354,344.0,
1502,1000,998,Medium,475,474,263.21308016877634,93.38442086935922,76.44423843005791,449.9819219074948,535.0,534.0
1502,1000,998,High,236,235,360.6212765957447,121.80152858599396,117.01821942375676,604.2243337677326,714.0,522.0
1503,1000,998,Low,289,289,180.74048442906573,43.36751601830391,94.00545239245791,267.47551646567354,344.0,
1503,1000,998,Medium,475,474,263.21308016877634,93.38442086935922,76.44423843005791,449.9819219074948,535.0,535.0
1503,1000,998,High,236,235,360.6212765957447,121.80152858599396,117.01821942375676,604.2243337677326,714.0,523.0
1504,1000,998,Low,289,289,180.74048442906573,43.36751601830391,94.00545239245791,267.47551646567354,344.0,
1504,1000,998,Medium,475,474,263.21308016877634,93.38442086935922,76.44423843005791,449.9819219074948,535.0,536.0
1504,1000,998,High,236,235,360.6212765957447,121.80152858599396,117.01821942375676,604.2243337677326,714.0,524.0
1505,1000,998,Low,289,289,180.74048442906573,43.36751601830391,94.00545239245791,267.47551646567354,344.0,
1505,1000,998,Medium,475,474,263.21308016877634,93.38442086935922,76.44423843005791,449.9819219074948,535.0,537.0
1505,1000,998,High,236,235,360.6212765957447,121.80152858599396,117.01821942375676,604.2243337677326,714.0,525.0
1506,1000,998,Low,289,289,180.74048442906573,43.36751601830391,94.00545239245791,267.47551646567354,344.0,
1506,1000,998,Medium,475,474,263.21308016877634,93.38442086935922,76.44423843005791,449.9819219074948,535.0,538.0
1506,1000,998,High,236,235,360.6212765957447,121.80152858599396,117.01821942375676,604.2243337677326,714.0,526.0
1507,1000,998,Low,289,289,180.74048442906573,43.36751601830391,94.00545239245791,267.47551646567354,344.0,
1507,1000,998,Medium,475,474,263.21308016877634,93.38442086935922,76.44423843005791,449.9819219074948,535.0,539.0
1507,1000,998,High,236,235,360.6212765957447,121.80152858599396,117.01821942375676,604.2243337677326,714.0,527.0
1508,1000,998,Low,289,289,180.74048442906573,43.36751601830391,94.00545239245791,267.47551646567354,344.0,
1508,1000,998,Medium,475,474,263.21308016877634,93.38442086935922,76.44423843005791,449.9819219074948,535.0,540.0
1508,1000,998,High,236,235,360.6212765957447,121.80152858599396,117.01821942375676,604.2243337677326,714.0,528.0
1509,1000,998,Low,289,289,180.74048442906573,43.36751601830391,94.00545239245791,267.47551646567354,344.0,
1509,1000,998,Medium,475,474,263.21308016877634,93.38442086935922,76.44423843005791,449.9819219074948,535.0,541.0
1509,1000,998,High,236,235,360.6212765957447,121.80152858599396,117.01821942375676,604.2243337677326,714.0,529.0
1510,1000,998,Low,289,289,180.74048442906573,43.36751601830391,94.00545239245791,267.47551646567354,344.0,
1510,1000,998,Medium,475,474,263.21308016877634,93.38442086935922,76.44423843005791,449.9819219074948,535.0,542.0
1510,1000,998,High,236,235,360.6212765957447,121.80152858599396,117.01821942375676,604.2243337677326,714.0,530.0
1511,1000,998,Low,289,289,180.74048442906573,43.36751601830391,94.00545239245791,267.47551646567354,344.0,
1511,1000,998,Medium,475,474,263.21308016877634,93.38442086935922,76.44423843005791,449.9819219074948,535.0,543.0
1511,1000,998,High,236,235,360.6212765957447,121.80152858599396,117.01821942375676,604.2243337677326,714.0,531.0
1512,1000,998,Low,289,289,180.74048442906573,43.36751601830391,94.00545239245791,267.47551646567354,344.0,
1512,1000,998,Medium,475,474,263.21308016877634,93.38442086935922,76.44423843005791,449.9819219074948,535.0,544.0
1512,1000,998,High,236,235,360.6212765957447,121.80152858599396,117.01821942375676,604.2243337677326,714.0,532.0
1513,1000,998,Low,289,289,180.74048442906573,43.36751601830391,94.00545239245791,267.47551646567354,344.0,
1513,1000,998,Medium,475,474,263.21308016877634,93.38442086935922,76.44423843005791,449.9819219074948,535.0,545.0
1513,1000,998,High,236,235,360.6212765957447,121.80152858599396,117.01821942375676,604.2243337677326,714.0,533.0
1514,1000,998,Low,289,289,180.74048442906573,43.36751601830391,94.00545239245791,267.47551646567354,344.0,
1514,1000,998,Medium,475,474,263.21308016877634,93.38442086935922,76.44423843005791,449.9819219074948,535.0,546.0
1514,1000,998,High,236,235,360.6212765957447,121.80152858599396,117.01821942375676,604.2243337677326,714.0,534.0
1515,1000,998,Low,289,289,180.74048442906573,43.36751601830391,94.00545239245791,267.47551646567354,344.0,
1515,1000,998,Medium,475,474,263.21308016877634,93.38442086935922,76.44423843005791,449.9819219074948,535.0,547.0
1515,1000,998,High,236,235,360.6212765957447,121.80152858599396,117.01821942375676,604.2243337677326,714.0,535.0
1516,1000,998,Low,289,289,180.74048442906573,43.36751601830391,94.00545239245791,267.47551646567354,344.0,
1516,1000,998,Medium,475,474,263.21308016877634,93.38442086935922,76.44423843005791,449.9819219074948,535.0,548.0
1516,1000,998,High,236,235,360.6212765957447,121.80152858599396,117.01821942375676,604.2243337677326,714.0,536.0
1517,1000,998,Low,289,289,180.74048442906573,43.36751601830391,94.00545239245791,267.47551646567354,344.0,
1517,1000,998,Medium,475,474,263.21308016877634,93.38442086935922,76.44423843005791,449.9819219074948,535.0,549.0
1517,1000,998,High,236,235,360.6212765957447,121.80152858599396,117.01821942375676,604.2243337677326,714.0,537.0
1518,1000,998,Low,289,289,180.74048442906573,43.36751601830391,94.00545239245791,267.47551646567354,344.0,
1518,1000,998,Medium,475,474,263.21308016877634,93.38442086935922,76.44423843005791,449.9819219074948,535.0,550.0
1518,1000,998,High,236,235,360.6212765957447,121.80152858599396,117.01821942375676,604.2243337677326,714.0,538.0
1519,1000,999,Low,289,289,180.74048442906573,43.36751601830391,94.00545239245791,267.47551646567354,344.0,
1519,1000,999,Medium,475,475,263.81894736842105,94.21577744947297,75.38739246947512,452.250502267367,551.0,
1519,1000,999,High,236,235,360.6212765957447,121.80152858599396,117.01821942375676,604.2243337677326,714.0,539.0
1520,1000,999,Low,289,289,180.74048442906573,43.36751601830391,94.00545239245791,267.47551646567354,344.0,
1520,1000,999,Medium,475,475,263.81894736842105,94.21577744947297,75.38739246947512,452.250502267367,551.0,
1520,1000,999,High,236,235,360.6212765957447,121.80152858599396,117.01821942375676,604.2243337677326,714.0,540.0
1521,1000,999,Low,289,289,180.74048442906573,43.36751601830391,94.00545239245791,267.47551646567354,344.0,
1521,1000,999,Medium,475,475,263.81894736842105,94.21577744947297,75.38739246947512,452.250502267367,551.0,
1521,1000,999,High,236,235,360.6212765957447,121.80152858599396,117.01821942375676,604.2243337677326,714.0,541.0
1522,1000,999,Low,289,289,180.74048442906573,43.36751601830391,94.00545239245791,267.47551646567354,344.0,
1522,1000,999,Medium,475,475,263.81894736842105,94.21577744947297,75.38739246947512,452.250502267367,551.0,
1522,1000,999,High,236,235,360.6212765957447,121.80152858599396,117.01821942375676,604.2243337677326,714.0,542.0
1523,1000,999,Low,289,289,180.74048442906573,43.36751601830391,94.00545239245791,267.47551646567354,344.0,
1523,1000,999,Medium,475,475,263.81894736842105,94.21577744947297,75.38739246947512,452.250502267367,551.0,
1523,1000,999,High,236,235,360.6212765957447,121.80152858599396,117.01821942375676,604.2243337677326,714.0,543.0
1524,1000,999,Low,289,289,180.74048442906573,43.36751601830391,94.00545239245791,267.47551646567354,344.0,
1524,1000,999,Medium,475,475,263.81894736842105,94.21577744947297,75.38739246947512,452.250502267367,551.0,
1524,1000,999,High,236,235,360.6212765957447,121.80152858599396,117.01821942375676,604.2243337677326,714.0,544.0
1525,1000,999,Low,289,289,180.74048442906573,43.36751601830391,94.00545239245791,267.47551646567354,344.0,
1525,1000,999,Medium,475,475,263.81894736842105,94.21577744947297,75.38739246947512,452.250502267367,551.0,
1525,1000,999,High,236,235,360.6212765957447,121.80152858599396,117.01821942375676,604.2243337677326,714.0,545.0
1526,1000,999,Low,289,289,180.74048442906573,43.36751601830391,94.00545239245791,267.47551646567354,344.0,
1526,1000,999,Medium,475,475,263.81894736842105,94.21577744947297,75.38739246947512,452.250502267367,551.0,
1526,1000,999,High,236,235,360.6212765957447,121.80152858599396,117.01821942375676,604.2243337677326,714.0,546.0
1527,1000,999,Low,289,289,180.74048442906573,43.36751601830391,94.00545239245791,267.47551646567354,344.0,
1527,1000,999,Medium,475,475,263.81894736842105,94.21577744947297,75.38739246947512,452.250502267367,551.0,
1527,1000,999,High,236,235,360.6212765957447,121.80152858599396,117.01821942375676,604.2243337677326,714.0,547.0
1528,1000,999,Low,289,289,180.74048442906573,43.36751601830391,94.00545239245791,267.47551646567354,344.0,
1528,1000,999,Medium,475,475,263.81894736842105,94.21577744947297,75.38739246947512,452.250502267367,551.0,
1528,1000,999,High,236,235,360.6212765957447,121.80152858599396,117.01821942375676,604.2243337677326,714.0,548.0
1529,1000,999,Low,289,289,180.74048442906573,43.36751601830391,94.00545239245791,267.47551646567354,344.0,
1529,1000,999,Medium,475,475,263.81894736842105,94.21577744947297,75.38739246947512,452.250502267367,551.0,
1529,1000,999,High,236,235,360.6212765957447,121.80152858599396,117.01821942375676,604.2243337677326,714.0,549.0
1530,1000,999,Low,289,289,180.74048442906573,43.36751601830391,94.00545239245791,267.47551646567354,344.0,
1530,1000,999,Medium,475,475,263.81894736842105,94.21577744947297,75.38739246947512,452.250502267367,551.0,
1530,1000,999,High,236,235,360.6212765957447,121.80152858599396,117.01821942375676,604.2243337677326,714.0,550.0
1531,1000,999,Low,289,289,180.74048442906573,43.36751601830391,94.00545239245791,267.47551646567354,344.0,
1531,1000,999,Medium,475,475,263.81894736842105,94.21577744947297,75.38739246947512,452.250502267367,551.0,
1531,1000,999,High,236,235,360.6212765957447,121.80152858599396,117.01821942375676,604.2243337677326,714.0,551.0
1532,1000,999,Low,289,289,180.74048442906573,43.36751601830391,94.00545239245791,267.47551646567354,344.0,
1532,1000,999,Medium,475,475,263.81894736842105,94.21577744947297,75.38739246947512,452.250502267367,551.0,
1532,1000,999,High,236,235,360.6212765957447,121.80152858599396,117.01821942375676,604.2243337677326,714.0,552.0
1533,1000,999,Low,289,289,180.74048442906573,43.36751601830391,94.00545239245791,267.47551646567354,344.0,
1533,1000,999,Medium,475,475,263.81894736842105,94.21577744947297,75.38739246947512,452.250502267367,551.0,
1533,1000,999,High,236,235,360.6212765957447,121.80152858599396,117.01821942375676,604.2243337677326,714.0,553.0
1534,1000,999,Low,289,289,180.74048442906573,43.36751601830391,94.00545239245791,267.47551646567354,344.0,
1534,1000,999,Medium,475,475,263.81894736842105,94.21577744947297,75.38739246947512,452.250502267367,551.0,
1534,1000,999,High,236,235,360.6212765957447,121.80152858599396,117.01821942375676,604.2243337677326,714.0,554.0
1535,1000,999,Low,289,289,180.74048442906573,43.36751601830391,94.00545239245791,267.47551646567354,344.0,
1535,1000,999,Medium,475,475,263.81894736842105,94.21577744947297,75.38739246947512,452.250502267367,551.0,
1535,1000,999,High,236,235,360.6212765957447,121.80152858599396,117.01821942375676,604.2243337677326,714.0,555.0
1536,1000,999,Low,289,289,180.74048442906573,43.36751601830391,94.00545239245791,267.47551646567354,344.0,
1536,1000,999,Medium,475,475,263.81894736842105,94.21577744947297,75.38739246947512,452.250502267367,551.0,
1536,1000,999,High,236,235,360.6212765957447,121.80152858599396,117.01821942375676,604.2243337677326,714.0,556.0
1537,1000,999,Low,289,289,180.74048442906573,43.36751601830391,94.00545239245791,267.47551646567354,344.0,
1537,1000,999,Medium,475,475,263.81894736842105,94.21577744947297,75.38739246947512,452.250502267367,551.0,
1537,1000,999,High,236,235,360.6212765957447,121.80152858599396,117.01821942375676,604.2243337677326,714.0,557.0
1538,1000,999,Low,289,289,180.74048442906573,43.36751601830391,94.00545239245791,267.47551646567354,344.0,
1538,1000,999,Medium,475,475,263.81894736842105,94.21577744947297,75.38739246947512,452.250502267367,551.0,
1538,1000,999,High,236,235,360.6212765957447,121.80152858599396,117.01821942375676,604.2243337677326,714.0,558.0
1539,1000,999,Low,289,289,180.74048442906573,43.36751601830391,94.00545239245791,267.47551646567354,344.0,
1539,1000,999,Medium,475,475,263.81894736842105,94.21577744947297,75.38739246947512,452.250502267367,551.0,
1539,1000,999,High,236,235,360.6212765957447,121.80152858599396,117.01821942375676,604.2243337677326,714.0,559.0
1540,1000,999,Low,289,289,180.74048442906573,43.36751601830391,94.00545239245791,267.47551646567354,344.0,
1540,1000,999,Medium,475,475,263.81894736842105,94.21577744947297,75.38739246947512,452.250502267367,551.0,
1540,1000,999,High,236,235,360.6212765957447,121.80152858599396,117.01821942375676,604.2243337677326,714.0,560.0
1541,1000,999,Low,289,289,180.74048442906573,43.36751601830391,94.00545239245791,267.47551646567354,344.0,
1541,1000,999,Medium,475,475,263.81894736842105,94.21577744947297,75.38739246947512,452.250502267367,551.0,
1541,1000,999,High,236,235,360.6212765957447,121.80152858599396,117.01821942375676,604.2243337677326,714.0,561.0
1542,1000,999,Low,289,289,180.74048442906573,43.36751601830391,94.00545239245791,267.47551646567354,344.0,
1542,1000,999,Medium,475,475,263.81894736842105,94.21577744947297,75.38739246947512,452.250502267367,551.0,
1542,1000,999,High,236,235,360.6212765957447,121.80152858599396,117.01821942375676,604.2243337677326,714.0,562.0
1543,1000,999,Low,289,289,180.74048442906573,43.36751601830391,94.00545239245791,267.47551646567354,344.0,
1543,1000,999,Medium,475,475,263.81894736842105,94.21577744947297,75.38739246947512,452.250502267367,551.0,
1543,1000,999,High,236,235,360.6212765957447,121.80152858599396,117.01821942375676,604.2243337677326,714.0,563.0
1544,1000,999,Low,289,289,180.74048442906573,43.36751601830391,94.00545239245791,267.47551646567354,344.0,
1544,1000,999,Medium,475,475,263.81894736842105,94.21577744947297,75.38739246947512,452.250502267367,551.0,
1544,1000,999,High,236,235,360.6212765957447,121.80152858599396,117.01821942375676,604.2243337677326,714.0,564.0
1545,1000,999,Low,289,289,180.74048442906573,43.36751601830391,94.00545239245791,267.47551646567354,344.0,
1545,1000,999,Medium,475,475,263.81894736842105,94.21577744947297,75.38739246947512,452.250502267367,551.0,
1545,1000,999,High,236,235,360.6212765957447,121.80152858599396,117.01821942375676,604.2243337677326,714.0,565.0
1546,1000,999,Low,289,289,180.74048442906573,43.36751601830391,94.00545239245791,267.47551646567354,344.0,
1546,1000,999,Medium,475,475,263.81894736842105,94.21577744947297,75.38739246947512,452.250502267367,551.0,
1546,1000,999,High,236,235,360.6212765957447,121.80152858599396,117.01821942375676,604.2243337677326,714.0,566.0
1547,1000,999,Low,289,289,180.74048442906573,43.36751601830391,94.00545239245791,267.47551646567354,344.0,
1547,1000,999,Medium,475,475,263.81894736842105,94.21577744947297,75.38739246947512,452.250502267367,551.0,
1547,1000,999,High,236,235,360.6212765957447,121.80152858599396,117.01821942375676,604.2243337677326,714.0,567.0
1548,1000,999,Low,289,289,180.74048442906573,43.36751601830391,94.00545239245791,267.47551646567354,344.0,
1548,1000,999,Medium,475,475,263.81894736842105,94.21577744947297,75.38739246947512,452.250502267367,551.0,
1548,1000,999,High,236,235,360.6212765957447,121.80152858599396,117.01821942375676,604.2243337677326,714.0,568.0
1549,1000,999,Low,289,289,180.74048442906573,43.36751601830391,94.00545239245791,267.47551646567354,344.0,
1549,1000,999,Medium,475,475,263.81894736842105,94.21577744947297,75.38739246947512,452.250502267367,551.0,
1549,1000,999,High,236,235,360.6212765957447,121.80152858599396,117.01821942375676,604.2243337677326,714.0,569.0
1550,1000,999,Low,289,289,180.74048442906573,43.36751601830391,94.00545239245791,267.47551646567354,344.0,
1550,1000,999,Medium,475,475,263.81894736842105,94.21577744947297,75.38739246947512,452.250502267367,551.0,
1550,1000,999,High,236,235,360.6212765957447,121.80152858599396,117.01821942375676,604.2243337677326,714.0,570.0
1551,1000,999,Low,289,289,180.74048442906573,43.36751601830391,94.00545239245791,267.47551646567354,344.0,
1551,1000,999,Medium,475,475,263.81894736842105,94.21577744947297,75.38739246947512,452.250502267367,551.0,
1551,1000,999,High,236,235,360.6212765957447,121.80152858599396,117.01821942375676,604.2243337677326,714.0,571.0
1552,1000,999,Low,289,289,180.74048442906573,43.36751601830391,94.00545239245791,267.47551646567354,344.0,
1552,1000,999,Medium,475,475,263.81894736842105,94.21577744947297,75.38739246947512,452.250502267367,551.0,
1552,1000,999,High,236,235,360.6212765957447,121.80152858599396,117.01821942375676,604.2243337677326,714.0,572.0
1553,1000,999,Low,289,289,180.74048442906573,43.36751601830391,94.00545239245791,267.47551646567354,344.0,
1553,1000,999,Medium,475,475,263.81894736842105,94.21577744947297,75.38739246947512,452.250502267367,551.0,
1553,1000,999,High,236,235,360.6212765957447,121.80152858599396,117.01821942375676,604.2243337677326,714.0,573.0
1554,1000,999,Low,289,289,180.74048442906573,43.36751601830391,94.00545239245791,267.47551646567354,344.0,
1554,1000,999,Medium,475,475,263.81894736842105,94.21577744947297,75.38739246947512,452.250502267367,551.0,
1554,1000,999,High,236,235,360.6212765957447,121.80152858599396,117.01821942375676,604.2243337677326,714.0,574.0
1555,1000,999,Low,289,289,180.74048442906573,43.36751601830391,94.00545239245791,267.47551646567354,344.0,
1555,1000,999,Medium,475,475,263.81894736842105,94.21577744947297,75.38739246947512,452.250502267367,551.0,
1555,1000,999,High,236,235,360.6212765957447,121.80152858599396,117.01821942375676,604.2243337677326,714.0,575.0
1556,1000,999,Low,289,289,180.74048442906573,43.36751601830391,94.00545239245791,267.47551646567354,344.0,
1556,1000,999,Medium,475,475,263.81894736842105,94.21577744947297,75.38739246947512,452.250502267367,551.0,
1556,1000,999,High,236,235,360.6212765957447,121.80152858599396,117.01821942375676,604.2243337677326,714.0,576.0
1557,1000,999,Low,289,289,180.74048442906573,43.36751601830391,94.00545239245791,267.47551646567354,344.0,
1557,1000,999,Medium,475,475,263.81894736842105,94.21577744947297,75.38739246947512,452.250502267367,551.0,
1557,1000,999,High,236,235,360.6212765957447,121.80152858599396,117.01821942375676,604.2243337677326,714.0,577.0
1558,1000,999,Low,289,289,180.74048442906573,43.36751601830391,94.00545239245791,267.47551646567354,344.0,
1558,1000,999,Medium,475,475,263.81894736842105,94.21577744947297,75.38739246947512,452.250502267367,551.0,
1558,1000,999,High,236,235,360.6212765957447,121.80152858599396,117.01821942375676,604.2243337677326,714.0,578.0
1559,1000,999,Low,289,289,180.74048442906573,43.36751601830391,94.00545239245791,267.47551646567354,344.0,
1559,1000,999,Medium,475,475,263.81894736842105,94.21577744947297,75.38739246947512,452.250502267367,551.0,
1559,1000,999,High,236,235,360.6212765957447,121.80152858599396,117.01821942375676,604.2243337677326,714.0,579.0
1560,1000,999,Low,289,289,180.74048442906573,43.36751601830391,94.00545239245791,267.47551646567354,344.0,
1560,1000,999,Medium,475,475,263.81894736842105,94.21577744947297,75.38739246947512,452.250502267367,551.0,
1560,1000,999,High,236,235,360.6212765957447,121.80152858599396,117.01821942375676,604.2243337677326,714.0,580.0
1561,1000,999,Low,289,289,180.74048442906573,43.36751601830391,94.00545239245791,267.47551646567354,344.0,
1561,1000,999,Medium,475,475,263.81894736842105,94.21577744947297,75.38739246947512,452.250502267367,551.0,
1561,1000,999,High,236,235,360.6212765957447,121.80152858599396,117.01821942375676,604.2243337677326,714.0,581.0
1562,1000,999,Low,289,289,180.74048442906573,43.36751601830391,94.00545239245791,267.47551646567354,344.0,
1562,1000,999,Medium,475,475,263.81894736842105,94.21577744947297,75.38739246947512,452.250502267367,551.0,
1562,1000,999,High,236,235,360.6212765957447,121.80152858599396,117.01821942375676,604.2243337677326,714.0,582.0
1563,1000,999,Low,289,289,180.74048442906573,43.36751601830391,94.00545239245791,267.47551646567354,344.0,
1563,1000,999,Medium,475,475,263.81894736842105,94.21577744947297,75.38739246947512,452.250502267367,551.0,
1563,1000,999,High,236,235,360.6212765957447,121.80152858599396,117.01821942375676,604.2243337677326,714.0,583.0
1564,1000,999,Low,289,289,180.74048442906573,43.36751601830391,94.00545239245791,267.47551646567354,344.0,
1564,1000,999,Medium,475,475,263.81894736842105,94.21577744947297,75.38739246947512,452.250502267367,551.0,
1564,1000,999,High,236,235,360.6212765957447,121.80152858599396,117.01821942375676,604.2243337677326,714.0,584.0
1565,1000,999,Low,289,289,180.74048442906573,43.36751601830391,94.00545239245791,267.47551646567354,344.0,
1565,1000,999,Medium,475,475,263.81894736842105,94.21577744947297,75.38739246947512,452.250502267367,551.0,
1565,1000,999,High,236,235,360.6212765957447,121.80152858599396,117.01821942375676,604.2243337677326,714.0,585.0
1566,1000,999,Low,289,289,180.74048442906573,43.36751601830391,94.00545239245791,267.47551646567354,344.0,
1566,1000,999,Medium,475,475,263.81894736842105,94.21577744947297,75.38739246947512,452.250502267367,551.0,
1566,1000,999,High,236,235,360.6212765957447,121.80152858599396,117.01821942375676,604.2243337677326,714.0,586.0
1567,1000,999,Low,289,289,180.74048442906573,43.36751601830391,94.00545239245791,267.47551646567354,344.0,
1567,1000,999,Medium,475,475,263.81894736842105,94.21577744947297,75.38739246947512,452.250502267367,551.0,
1567,1000,999,High,236,235,360.6212765957447,121.80152858599396,117.01821942375676,604.2243337677326,714.0,587.0
1568,1000,999,Low,289,289,180.74048442906573,43.36751601830391,94.00545239245791,267.47551646567354,344.0,
1568,1000,999,Medium,475,475,263.81894736842105,94.21577744947297,75.38739246947512,452.250502267367,551.0,
1568,1000,999,High,236,235,360.6212765957447,121.80152858599396,117.01821942375676,604.2243337677326,714.0,588.0
1569,1000,999,Low,289,289,180.74048442906573,43.36751601830391,94.00545239245791,267.47551646567354,344.0,
1569,1000,999,Medium,475,475,263.81894736842105,94.21577744947297,75.38739246947512,452.250502267367,551.0,
1569,1000,999,High,236,235,360.6212765957447,121.80152858599396,117.01821942375676,604.2243337677326,714.0,589.0
1570,1000,999,Low,289,289,180.74048442906573,43.36751601830391,94.00545239245791,267.47551646567354,344.0,
1570,1000,999,Medium,475,475,263.81894736842105,94.21577744947297,75.38739246947512,452.250502267367,551.0,
1570,1000,999,High,236,235,360.6212765957447,121.80152858599396,117.01821942375676,604.2243337677326,714.0,590.0
1571,1000,999,Low,289,289,180.74048442906573,43.36751601830391,94.00545239245791,267.47551646567354,344.0,
1571,1000,999,Medium,475,475,263.81894736842105,94.21577744947297,75.38739246947512,452.250502267367,551.0,
1571,1000,999,High,236,235,360.6212765957447,121.80152858599396,117.01821942375676,604.2243337677326,714.0,591.0
1572,1000,999,Low,289,289,180.74048442906573,43.36751601830391,94.00545239245791,267.47551646567354,344.0,
1572,1000,999,Medium,475,475,263.81894736842105,94.21577744947297,75.38739246947512,452.250502267367,551.0,
1572,1000,999,High,236,235,360.6212765957447,121.80152858599396,117.01821942375676,604.2243337677326,714.0,592.0
1573,1000,999,Low,289,289,180.74048442906573,43.36751601830391,94.00545239245791,267.47551646567354,344.0,
1573,1000,999,Medium,475,475,263.81894736842105,94.21577744947297,75.38739246947512,452.250502267367,551.0,
1573,1000,999,High,236,235,360.6212765957447,121.80152858599396,117.01821942375676,604.2243337677326,714.0,593.0
1574,1000,999,Low,289,289,180.74048442906573,43.36751601830391,94.00545239245791,267.47551646567354,344.0,
1574,1000,999,Medium,475,475,263.81894736842105,94.21577744947297,75.38739246947512,452.250502267367,551.0,
1574,1000,999,High,236,235,360.6212765957447,121.80152858599396,117.01821942375676,604.2243337677326,714.0,594.0
1575,1000,999,Low,289,289,180.74048442906573,43.36751601830391,94.00545239245791,267.47551646567354,344.0,
1575,1000,999,Medium,475,475,263.81894736842105,94.21577744947297,75.38739246947512,452.250502267367,551.0,
1575,1000,999,High,236,235,360.6212765957447,121.80152858599396,117.01821942375676,604.2243337677326,714.0,595.0
1576,1000,999,Low,289,289,180.74048442906573,43.36751601830391,94.00545239245791,267.47551646567354,344.0,
1576,1000,999,Medium,475,475,263.81894736842105,94.21577744947297,75.38739246947512,452.250502267367,551.0,
1576,1000,999,High,236,235,360.6212765957447,121.80152858599396,117.01821942375676,604.2243337677326,714.0,596.0
1577,1000,999,Low,289,289,180.74048442906573,43.36751601830391,94.00545239245791,267.47551646567354,344.0,
1577,1000,999,Medium,475,475,263.81894736842105,94.21577744947297,75.38739246947512,452.250502267367,551.0,
1577,1000,999,High,236,235,360.6212765957447,121.80152858599396,117.01821942375676,604.2243337677326,714.0,597.0
1578,1000,999,Low,289,289,180.74048442906573,43.36751601830391,94.00545239245791,267.47551646567354,344.0,
1578,1000,999,Medium,475,475,263.81894736842105,94.21577744947297,75.38739246947512,452.250502267367,551.0,
1578,1000,999,High,236,235,360.6212765957447,121.80152858599396,117.01821942375676,604.2243337677326,714.0,598.0
1579,1000,999,Low,289,289,180.74048442906573,43.36751601830391,94.00545239245791,267.47551646567354,344.0,
1579,1000,999,Medium,475,475,263.81894736842105,94.21577744947297,75.38739246947512,452.250502267367,551.0,
1579,1000,999,High,236,235,360.6212765957447,121.80152858599396,117.01821942375676,604.2243337677326,714.0,599.0
1580,1000,999,Low,289,289,180.74048442906573,43.36751601830391,94.00545239245791,267.47551646567354,344.0,
1580,1000,999,Medium,475,475,263.81894736842105,94.21577744947297,75.38739246947512,452.250502267367,551.0,
1580,1000,999,High,236,235,360.6212765957447,121.80152858599396,117.01821942375676,604.2243337677326,714.0,600.0
1581,1000,999,Low,289,289,180.74048442906573,43.36751601830391,94.00545239245791,267.47551646567354,344.0,
1581,1000,999,Medium,475,475,263.81894736842105,94.21577744947297,75.38739246947512,452.250502267367,551.0,
1581,1000,999,High,236,235,360.6212765957447,121.80152858599396,117.01821942375676,604.2243337677326,714.0,601.0
1582,1000,999,Low,289,289,180.74048442906573,43.36751601830391,94.00545239245791,267.47551646567354,344.0,
1582,1000,999,Medium,475,475,263.81894736842105,94.21577744947297,75.38739246947512,452.250502267367,551.0,
1582,1000,999,High,236,235,360.6212765957447,121.80152858599396,117.01821942375676,604.2243337677326,714.0,602.0
1583,1000,999,Low,289,289,180.74048442906573,43.36751601830391,94.00545239245791,267.47551646567354,344.0,
1583,1000,999,Medium,475,475,263.81894736842105,94.21577744947297,75.38739246947512,452.250502267367,551.0,
1583,1000,999,High,236,235,360.6212765957447,121.80152858599396,117.01821942375676,604.2243337677326,714.0,603.0
1584,1000,999,Low,289,289,180.74048442906573,43.36751601830391,94.00545239245791,267.47551646567354,344.0,
1584,1000,999,Medium,475,475,263.81894736842105,94.21577744947297,75.38739246947512,452.250502267367,551.0,
1584,1000,999,High,236,235,360.6212765957447,121.80152858599396,117.01821942375676,604.2243337677326,714.0,604.0
1585,1000,999,Low,289,289,180.74048442906573,43.36751601830391,94.00545239245791,267.47551646567354,344.0,
1585,1000,999,Medium,475,475,263.81894736842105,94.21577744947297,75.38739246947512,452.250502267367,551.0,
1585,1000,999,High,236,235,360.6212765957447,121.80152858599396,117.01821942375676,604.2243337677326,714.0,605.0
1586,1000,999,Low,289,289,180.74048442906573,43.36751601830391,94.00545239245791,267.47551646567354,344.0,
1586,1000,999,Medium,475,475,263.81894736842105,94.21577744947297,75.38739246947512,452.250502267367,551.0,
1586,1000,999,High,236,235,360.6212765957447,121.80152858599396,117.01821942375676,604.2243337677326,714.0,606.0
1587,1000,999,Low,289,289,180.74048442906573,43.36751601830391,94.00545239245791,267.47551646567354,344.0,
1587,1000,999,Medium,475,475,263.81894736842105,94.21577744947297,75.38739246947512,452.250502267367,551.0,
1587,1000,999,High,236,235,360.6212765957447,121.80152858599396,117.01821942375676,604.2243337677326,714.0,607.0
1588,1000,999,Low,289,289,180.74048442906573,43.36751601830391,94.00545239245791,267.47551646567354,344.0,
1588,1000,999,Medium,475,475,263.81894736842105,94.21577744947297,75.38739246947512,452.250502267367,551.0,
1588,1000,999,High,236,235,360.6212765957447,121.80152858599396,117.01821942375676,604.2243337677326,714.0,608.0
1589,1000,999,Low,289,289,180.74048442906573,43.36751601830391,94.00545239245791,267.47551646567354,344.0,
1589,1000,999,Medium,475,475,263.81894736842105,94.21577744947297,75.38739246947512,452.250502267367,551.0,
1589,1000,999,High,236,235,360.6212765957447,121.80152858599396,117.01821942375676,604.2243337677326,714.0,609.0
1590,1000,999,Low,289,289,180.74048442906573,43.36751601830391,94.00545239245791,267.47551646567354,344.0,
1590,1000,999,Medium,475,475,263.81894736842105,94.21577744947297,75.38739246947512,452.250502267367,551.0,
1590,1000,999,High,236,235,360.6212765957447,121.80152858599396,117.01821942375676,604.2243337677326,714.0,610.0
1591,1000,999,Low,289,289,180.74048442906573,43.36751601830391,94.00545239245791,267.47551646567354,344.0,
1591,1000,999,Medium,475,475,263.81894736842105,94.21577744947297,75.38739246947512,452.250502267367,551.0,
1591,1000,999,High,236,235,360.6212765957447,121.80152858599396,117.01821942375676,604.2243337677326,714.0,611.0
1592,1000,999,Low,289,289,180.74048442906573,43.36751601830391,94.00545239245791,267.47551646567354,344.0,
1592,1000,999,Medium,475,475,263.81894736842105,94.21577744947297,75.38739246947512,452.250502267367,551.0,
1592,1000,999,High,236,235,360.6212765957447,121.80152858599396,117.01821942375676,604.2243337677326,714.0,612.0
1593,1000,999,Low,289,289,180.74048442906573,43.36751601830391,94.00545239245791,267.47551646567354,344.0,
1593,1000,999,Medium,475,475,263.81894736842105,94.21577744947297,75.38739246947512,452.250502267367,551.0,
1593,1000,999,High,236,235,360.6212765957447,121.80152858599396,117.01821942375676,604.2243337677326,714.0,613.0
1594,1000,999,Low,289,289,180.74048442906573,43.36751601830391,94.00545239245791,267.47551646567354,344.0,
1594,1000,999,Medium,475,475,263.81894736842105,94.21577744947297,75.38739246947512,452.250502267367,551.0,
1594,1000,999,High,236,235,360.6212765957447,121.80152858599396,117.01821942375676,604.2243337677326,714.0,614.0
1595,1000,999,Low,289,289,180.74048442906573,43.36751601830391,94.00545239245791,267.47551646567354,344.0,
1595,1000,999,Medium,475,475,263.81894736842105,94.21577744947297,75.38739246947512,452.250502267367,551.0,
1595,1000,999,High,236,235,360.6212765957447,121.80152858599396,117.01821942375676,604.2243337677326,714.0,615.0
1596,1000,999,Low,289,289,180.74048442906573,43.36751601830391,94.00545239245791,267.47551646567354,344.0,
1596,1000,999,Medium,475,475,263.81894736842105,94.21577744947297,75.38739246947512,452.250502267367,551.0,
1596,1000,999,High,236,235,360.6212765957447,121.80152858599396,117.01821942375676,604.2243337677326,714.0,616.0
1597,1000,999,Low,289,289,180.74048442906573,43.36751601830391,94.00545239245791,267.47551646567354,344.0,
1597,1000,999,Medium,475,475,263.81894736842105,94.21577744947297,75.38739246947512,452.250502267367,551.0,
1597,1000,999,High,236,235,360.6212765957447,121.80152858599396,117.01821942375676,604.2243337677326,714.0,617.0
1598,1000,999,Low,289,289,180.74048442906573,43.36751601830391,94.00545239245791,267.47551646567354,344.0,
1598,1000,999,Medium,475,475,263.81894736842105,94.21577744947297,75.38739246947512,452.250502267367,551.0,
1598,1000,999,High,236,235,360.6212765957447,121.80152858599396,117.01821942375676,604.2243337677326,714.0,618.0
1599,1000,999,Low,289,289,180.74048442906573,43.36751601830391,94.00545239245791,267.47551646567354,344.0,
1599,1000,999,Medium,475,475,263.81894736842105,94.21577744947297,75.38739246947512,452.250502267367,551.0,
1599,1000,999,High,236,235,360.6212765957447,121.80152858599396,117.01821942375676,604.2243337677326,714.0,619.0
1600,1000,999,Low,289,289,180.74048442906573,43.36751601830391,94.00545239245791,267.47551646567354,344.0,
1600,1000,999,Medium,475,475,263.81894736842105,94.21577744947297,75.38739246947512,452.250502267367,551.0,
1600,1000,999,High,236,235,360.6212765957447,121.80152858599396,117.01821942375676,604.2243337677326,714.0,620.0
1601,1000,999,Low,289,289,180.74048442906573,43.36751601830391,94.00545239245791,267.47551646567354,344.0,
1601,1000,999,Medium,475,475,263.81894736842105,94.21577744947297,75.38739246947512,452.250502267367,551.0,
1601,1000,999,High,236,235,360.6212765957447,121.80152858599396,117.01821942375676,604.2243337677326,714.0,621.0
1602,1000,999,Low,289,289,180.74048442906573,43.36751601830391,94.00545239245791,267.47551646567354,344.0,
1602,1000,999,Medium,475,475,263.81894736842105,94.21577744947297,75.38739246947512,452.250502267367,551.0,
1602,1000,999,High,236,235,360.6212765957447,121.80152858599396,117.01821942375676,604.2243337677326,714.0,622.0
1603,1000,999,Low,289,289,180.74048442906573,43.36751601830391,94.00545239245791,267.47551646567354,344.0,
1603,1000,999,Medium,475,475,263.81894736842105,94.21577744947297,75.38739246947512,452.250502267367,551.0,
1603,1000,999,High,236,235,360.6212765957447,121.80152858599396,117.01821942375676,604.2243337677326,714.0,623.0
1604,1000,1000,Low,289,289,180.74048442906573,43.36751601830391,94.00545239245791,267.47551646567354,344.0,
1604,1000,1000,Medium,475,475,263.81894736842105,94.21577744947297,75.38739246947512,452.250502267367,551.0,
1604,1000,1000,High,236,236,361.73728813559325,122.74532901568064,116.24663010423197,607.2279461669546,714.0,
